date,state,district,station,latitude,longitude,elevation_m,rainfall_mm,rainfall_3d_mm,rainfall_7d_mm,rainfall_14d_mm,temp_max_c,temp_min_c,wind_kmh
2025-01-01,Assam,Kamrup,Guwahati,26.1,91.77,161.0,0.0,0.0,0.0,0.0,23.2,11.7,8.3
2025-01-02,Assam,Kamrup,Guwahati,26.1,91.77,161.0,0.0,0.0,0.0,0.0,23.3,12.5,6.8
2025-01-03,Assam,Kamrup,Guwahati,26.1,91.77,161.0,0.0,0.0,0.0,0.0,23.5,11.5,5.9
2025-01-04,Assam,Kamrup,Guwahati,26.1,91.77,161.0,0.0,0.0,0.0,0.0,24.2,12.0,6.5
2025-01-05,Assam,Kamrup,Guwahati,26.1,91.77,161.0,0.0,0.0,0.0,0.0,24.1,12.1,6.7
2025-01-06,Assam,Kamrup,Guwahati,26.1,91.77,161.0,0.0,0.0,0.0,0.0,24.8,12.0,7.7
2025-01-07,Assam,Kamrup,Guwahati,26.1,91.77,161.0,10.5,10.5,10.5,10.5,22.9,13.7,14.1
2025-01-08,Assam,Kamrup,Guwahati,26.1,91.77,161.0,3.6,14.1,14.1,14.1,21.9,14.3,10.4
2025-01-09,Assam,Kamrup,Guwahati,26.1,91.77,161.0,0.9,15.0,15.0,15.0,21.9,13.8,9.7
2025-01-10,Assam,Kamrup,Guwahati,26.1,91.77,161.0,0.0,4.5,15.0,15.0,23.7,12.6,11.1
2025-01-11,Assam,Kamrup,Guwahati,26.1,91.77,161.0,0.0,0.9,15.0,15.0,24.0,11.1,10.4
2025-01-12,Assam,Kamrup,Guwahati,26.1,91.77,161.0,0.0,0.0,15.0,15.0,23.2,11.1,5.2
2025-01-13,Assam,Kamrup,Guwahati,26.1,91.77,161.0,1.5,1.5,16.5,16.5,23.6,11.8,11.4
2025-01-14,Assam,Kamrup,Guwahati,26.1,91.77,161.0,0.1,1.6,6.1,16.6,23.2,13.3,8.5
2025-01-15,Assam,Kamrup,Guwahati,26.1,91.77,161.0,0.0,1.6,2.5,16.6,23.8,11.4,10.1
2025-01-16,Assam,Kamrup,Guwahati,26.1,91.77,161.0,0.0,0.1,1.6,16.6,24.6,10.6,6.7
2025-01-17,Assam,Kamrup,Guwahati,26.1,91.77,161.0,0.0,0.0,1.6,16.6,24.9,12.2,6.3
2025-01-18,Assam,Kamrup,Guwahati,26.1,91.77,161.0,0.0,0.0,1.6,16.6,24.7,12.8,6.1
2025-01-19,Assam,Kamrup,Guwahati,26.1,91.77,161.0,0.0,0.0,1.6,16.6,24.3,12.8,7.3
2025-01-20,Assam,Kamrup,Guwahati,26.1,91.77,161.0,0.0,0.0,0.1,16.6,24.1,13.3,8.7
2025-01-21,Assam,Kamrup,Guwahati,26.1,91.77,161.0,0.0,0.0,0.0,6.1,24.8,16.2,9.4
2025-01-22,Assam,Kamrup,Guwahati,26.1,91.77,161.0,0.0,0.0,0.0,2.5,24.2,16.7,8.3
2025-01-23,Assam,Kamrup,Guwahati,26.1,91.77,161.0,0.0,0.0,0.0,1.6,24.2,15.4,7.9
2025-01-24,Assam,Kamrup,Guwahati,26.1,91.77,161.0,0.0,0.0,0.0,1.6,22.5,13.6,10.4
2025-01-25,Assam,Kamrup,Guwahati,26.1,91.77,161.0,0.3,0.3,0.3,1.9,21.4,11.2,8.1
2025-01-26,Assam,Kamrup,Guwahati,26.1,91.77,161.0,0.0,0.3,0.3,1.9,23.9,12.1,10.4
2025-01-27,Assam,Kamrup,Guwahati,26.1,91.77,161.0,0.0,0.3,0.3,0.4,23.8,12.4,8.0
2025-01-28,Assam,Kamrup,Guwahati,26.1,91.77,161.0,0.0,0.0,0.3,0.3,22.6,15.5,8.9
2025-01-29,Assam,Kamrup,Guwahati,26.1,91.77,161.0,0.8,0.8,1.1,1.1,22.9,15.3,9.8
2025-01-30,Assam,Kamrup,Guwahati,26.1,91.77,161.0,0.3,1.1,1.4,1.4,22.5,12.4,10.7
2025-01-31,Assam,Kamrup,Guwahati,26.1,91.77,161.0,0.2,1.3,1.6,1.6,23.3,12.9,9.0
2025-02-01,Assam,Kamrup,Guwahati,26.1,91.77,161.0,0.8,1.3,2.1,2.4,23.4,13.1,6.5
2025-02-02,Assam,Kamrup,Guwahati,26.1,91.77,161.0,0.1,1.1,2.2,2.5,23.7,12.6,9.1
2025-02-03,Assam,Kamrup,Guwahati,26.1,91.77,161.0,0.0,0.9,2.2,2.5,23.1,14.2,7.9
2025-02-04,Assam,Kamrup,Guwahati,26.1,91.77,161.0,0.0,0.1,2.2,2.5,25.7,12.8,8.1
2025-02-05,Assam,Kamrup,Guwahati,26.1,91.77,161.0,0.0,0.0,1.4,2.5,25.2,15.0,8.2
2025-02-06,Assam,Kamrup,Guwahati,26.1,91.77,161.0,0.4,0.4,1.5,2.9,24.2,15.1,7.2
2025-02-07,Assam,Kamrup,Guwahati,26.1,91.77,161.0,0.1,0.5,1.4,3.0,22.8,13.2,9.9
2025-02-08,Assam,Kamrup,Guwahati,26.1,91.77,161.0,0.0,0.5,0.6,2.7,24.4,13.0,7.5
2025-02-09,Assam,Kamrup,Guwahati,26.1,91.77,161.0,0.0,0.1,0.5,2.7,25.0,12.4,8.0
2025-02-10,Assam,Kamrup,Guwahati,26.1,91.77,161.0,0.0,0.0,0.5,2.7,24.7,14.2,9.9
2025-02-11,Assam,Kamrup,Guwahati,26.1,91.77,161.0,0.0,0.0,0.5,2.7,23.5,13.1,9.0
2025-02-12,Assam,Kamrup,Guwahati,26.1,91.77,161.0,0.2,0.2,0.7,2.1,23.6,13.9,9.3
2025-02-13,Assam,Kamrup,Guwahati,26.1,91.77,161.0,0.6,0.8,0.9,2.4,22.8,12.6,10.3
2025-02-14,Assam,Kamrup,Guwahati,26.1,91.77,161.0,0.0,0.8,0.8,2.2,22.8,12.4,12.1
2025-02-15,Assam,Kamrup,Guwahati,26.1,91.77,161.0,0.1,0.7,0.9,1.5,23.1,11.9,9.2
2025-02-16,Assam,Kamrup,Guwahati,26.1,91.77,161.0,0.1,0.2,1.0,1.5,23.2,12.1,10.5
2025-02-17,Assam,Kamrup,Guwahati,26.1,91.77,161.0,0.0,0.2,1.0,1.5,25.0,13.5,10.1
2025-02-18,Assam,Kamrup,Guwahati,26.1,91.77,161.0,0.0,0.1,1.0,1.5,24.8,14.0,11.3
2025-02-19,Assam,Kamrup,Guwahati,26.1,91.77,161.0,0.4,0.4,1.2,1.9,24.4,13.1,10.5
2025-02-20,Assam,Kamrup,Guwahati,26.1,91.77,161.0,0.0,0.4,0.6,1.5,25.3,13.7,11.3
2025-02-21,Assam,Kamrup,Guwahati,26.1,91.77,161.0,0.2,0.6,0.8,1.6,26.9,12.9,10.6
2025-02-22,Assam,Kamrup,Guwahati,26.1,91.77,161.0,5.4,5.6,6.1,7.0,25.0,15.0,11.9
2025-02-23,Assam,Kamrup,Guwahati,26.1,91.77,161.0,7.8,13.4,13.8,14.8,24.0,13.8,8.3
2025-02-24,Assam,Kamrup,Guwahati,26.1,91.77,161.0,4.1,17.3,17.9,18.9,24.9,12.4,13.0
2025-02-25,Assam,Kamrup,Guwahati,26.1,91.77,161.0,0.2,12.1,18.1,19.1,24.6,13.4,14.2
2025-02-26,Assam,Kamrup,Guwahati,26.1,91.77,161.0,0.0,4.3,17.7,18.9,26.1,13.4,9.3
2025-02-27,Assam,Kamrup,Guwahati,26.1,91.77,161.0,0.0,0.2,17.7,18.3,27.3,14.0,7.5
2025-02-28,Assam,Kamrup,Guwahati,26.1,91.77,161.0,0.0,0.0,17.5,18.3,27.8,15.3,7.8
2025-03-01,Assam,Kamrup,Guwahati,26.1,91.77,161.0,3.4,3.4,15.5,21.6,26.4,16.5,12.8
2025-03-02,Assam,Kamrup,Guwahati,26.1,91.77,161.0,0.0,3.4,7.7,21.5,30.7,14.8,15.4
2025-03-03,Assam,Kamrup,Guwahati,26.1,91.77,161.0,0.0,3.4,3.6,21.5,27.3,14.8,7.2
2025-03-04,Assam,Kamrup,Guwahati,26.1,91.77,161.0,0.0,0.0,3.4,21.5,26.6,13.6,8.8
2025-03-05,Assam,Kamrup,Guwahati,26.1,91.77,161.0,0.1,0.1,3.5,21.2,27.0,15.8,10.6
2025-03-06,Assam,Kamrup,Guwahati,26.1,91.77,161.0,0.0,0.1,3.5,21.2,26.4,13.5,11.5
2025-03-07,Assam,Kamrup,Guwahati,26.1,91.77,161.0,0.0,0.1,3.5,21.0,27.9,13.0,9.0
2025-03-08,Assam,Kamrup,Guwahati,26.1,91.77,161.0,0.1,0.1,0.2,15.7,26.3,15.5,10.4
2025-03-09,Assam,Kamrup,Guwahati,26.1,91.77,161.0,0.5,0.6,0.7,8.4,28.0,14.9,12.0
2025-03-10,Assam,Kamrup,Guwahati,26.1,91.77,161.0,0.0,0.6,0.7,4.3,29.2,15.0,9.0
2025-03-11,Assam,Kamrup,Guwahati,26.1,91.77,161.0,0.1,0.6,0.8,4.2,26.5,15.2,8.5
2025-03-12,Assam,Kamrup,Guwahati,26.1,91.77,161.0,5.9,6.0,6.6,10.1,25.8,17.0,11.2
2025-03-13,Assam,Kamrup,Guwahati,26.1,91.77,161.0,13.5,19.5,20.1,23.6,23.8,17.1,14.4
2025-03-14,Assam,Kamrup,Guwahati,26.1,91.77,161.0,7.3,26.7,27.4,30.9,25.6,16.5,12.2
2025-03-15,Assam,Kamrup,Guwahati,26.1,91.77,161.0,0.3,21.1,27.6,27.8,26.7,16.9,11.8
2025-03-16,Assam,Kamrup,Guwahati,26.1,91.77,161.0,0.1,7.7,27.2,27.9,27.0,17.9,9.1
2025-03-17,Assam,Kamrup,Guwahati,26.1,91.77,161.0,0.0,0.4,27.2,27.9,32.9,17.2,18.9
2025-03-18,Assam,Kamrup,Guwahati,26.1,91.77,161.0,0.0,0.1,27.1,27.9,31.5,21.2,25.9
2025-03-19,Assam,Kamrup,Guwahati,26.1,91.77,161.0,0.0,0.0,21.2,27.8,29.0,17.1,9.5
2025-03-20,Assam,Kamrup,Guwahati,26.1,91.77,161.0,0.0,0.0,7.7,27.8,29.4,15.5,8.6
2025-03-21,Assam,Kamrup,Guwahati,26.1,91.77,161.0,0.1,0.1,0.5,27.9,26.1,17.3,11.4
2025-03-22,Assam,Kamrup,Guwahati,26.1,91.77,161.0,0.5,0.6,0.7,28.3,23.8,18.2,13.6
2025-03-23,Assam,Kamrup,Guwahati,26.1,91.77,161.0,0.0,0.6,0.6,27.8,26.8,16.3,10.1
2025-03-24,Assam,Kamrup,Guwahati,26.1,91.77,161.0,0.0,0.5,0.6,27.8,30.4,15.7,10.7
2025-03-25,Assam,Kamrup,Guwahati,26.1,91.77,161.0,0.0,0.0,0.6,27.7,31.5,16.4,11.5
2025-03-26,Assam,Kamrup,Guwahati,26.1,91.77,161.0,0.0,0.0,0.6,21.8,32.9,18.6,10.4
2025-03-27,Assam,Kamrup,Guwahati,26.1,91.77,161.0,0.0,0.0,0.6,8.3,33.0,19.1,11.5
2025-03-28,Assam,Kamrup,Guwahati,26.1,91.77,161.0,0.2,0.2,0.7,1.2,33.8,22.4,15.0
2025-03-29,Assam,Kamrup,Guwahati,26.1,91.77,161.0,0.1,0.3,0.3,1.0,30.6,20.7,14.0
2025-03-30,Assam,Kamrup,Guwahati,26.1,91.77,161.0,0.0,0.3,0.3,0.9,33.0,19.4,10.7
2025-03-31,Assam,Kamrup,Guwahati,26.1,91.77,161.0,0.0,0.1,0.3,0.9,33.5,17.7,15.5
2025-04-01,Assam,Kamrup,Guwahati,26.1,91.77,161.0,0.0,0.0,0.3,0.9,32.5,20.4,10.9
2025-04-02,Assam,Kamrup,Guwahati,26.1,91.77,161.0,0.0,0.0,0.3,0.9,33.0,22.1,10.0
2025-04-03,Assam,Kamrup,Guwahati,26.1,91.77,161.0,0.0,0.0,0.3,0.9,34.0,20.4,12.2
2025-04-04,Assam,Kamrup,Guwahati,26.1,91.77,161.0,0.0,0.0,0.1,0.8,34.4,21.4,11.0
2025-04-05,Assam,Kamrup,Guwahati,26.1,91.77,161.0,0.2,0.2,0.2,0.5,33.5,20.9,10.6
2025-04-06,Assam,Kamrup,Guwahati,26.1,91.77,161.0,0.2,0.4,0.4,0.7,32.0,19.8,12.8
2025-04-07,Assam,Kamrup,Guwahati,26.1,91.77,161.0,0.0,0.4,0.4,0.7,34.4,19.4,10.1
2025-04-08,Assam,Kamrup,Guwahati,26.1,91.77,161.0,0.0,0.2,0.4,0.7,34.7,20.6,13.7
2025-04-09,Assam,Kamrup,Guwahati,26.1,91.77,161.0,0.3,0.3,0.7,1.0,31.9,22.9,10.9
2025-04-10,Assam,Kamrup,Guwahati,26.1,91.77,161.0,4.0,4.3,4.7,5.0,30.9,21.1,14.3
2025-04-11,Assam,Kamrup,Guwahati,26.1,91.77,161.0,4.1,8.4,8.8,8.9,30.3,20.0,6.8
2025-04-12,Assam,Kamrup,Guwahati,26.1,91.77,161.0,13.5,21.6,22.1,22.3,30.8,20.2,9.6
2025-04-13,Assam,Kamrup,Guwahati,26.1,91.77,161.0,3.1,20.7,25.0,25.4,29.0,20.2,9.9
2025-04-14,Assam,Kamrup,Guwahati,26.1,91.77,161.0,0.0,16.6,25.0,25.4,32.4,20.5,7.2
2025-04-15,Assam,Kamrup,Guwahati,26.1,91.77,161.0,1.6,4.7,26.6,27.0,32.0,21.5,13.5
2025-04-16,Assam,Kamrup,Guwahati,26.1,91.77,161.0,4.7,6.3,31.0,31.7,30.0,20.8,12.9
2025-04-17,Assam,Kamrup,Guwahati,26.1,91.77,161.0,6.4,12.7,33.4,38.1,28.0,20.6,9.5
2025-04-18,Assam,Kamrup,Guwahati,26.1,91.77,161.0,8.2,19.3,37.5,46.3,28.4,19.6,9.3
2025-04-19,Assam,Kamrup,Guwahati,26.1,91.77,161.0,1.2,15.8,25.2,47.3,31.3,20.8,9.2
2025-04-20,Assam,Kamrup,Guwahati,26.1,91.77,161.0,15.1,24.5,37.2,62.2,30.0,20.6,11.0
2025-04-21,Assam,Kamrup,Guwahati,26.1,91.77,161.0,10.7,27.0,47.9,72.9,29.3,21.4,10.4
2025-04-22,Assam,Kamrup,Guwahati,26.1,91.77,161.0,26.9,52.7,73.2,99.8,25.9,21.4,9.4
2025-04-23,Assam,Kamrup,Guwahati,26.1,91.77,161.0,1.2,38.8,69.7,100.7,29.0,20.9,13.8
2025-04-24,Assam,Kamrup,Guwahati,26.1,91.77,161.0,0.0,28.1,63.3,96.7,33.8,21.9,10.1
2025-04-25,Assam,Kamrup,Guwahati,26.1,91.77,161.0,0.0,1.2,55.1,92.6,29.8,21.6,10.2
2025-04-26,Assam,Kamrup,Guwahati,26.1,91.77,161.0,0.4,0.4,54.3,79.5,30.4,21.7,11.2
2025-04-27,Assam,Kamrup,Guwahati,26.1,91.77,161.0,3.7,4.1,42.9,80.1,31.7,21.5,12.8
2025-04-28,Assam,Kamrup,Guwahati,26.1,91.77,161.0,8.8,12.9,41.0,88.9,28.6,21.3,17.0
2025-04-29,Assam,Kamrup,Guwahati,26.1,91.77,161.0,5.3,17.8,19.4,92.6,25.1,20.2,15.3
2025-04-30,Assam,Kamrup,Guwahati,26.1,91.77,161.0,0.1,14.2,18.3,88.0,30.5,19.6,15.4
2025-05-01,Assam,Kamrup,Guwahati,26.1,91.77,161.0,2.1,7.5,20.4,83.7,29.6,20.6,10.7
2025-05-02,Assam,Kamrup,Guwahati,26.1,91.77,161.0,1.5,3.7,21.9,77.0,31.1,20.4,10.7
2025-05-03,Assam,Kamrup,Guwahati,26.1,91.77,161.0,7.5,11.1,29.0,83.3,30.5,19.1,10.9
2025-05-04,Assam,Kamrup,Guwahati,26.1,91.77,161.0,2.3,11.3,27.6,70.5,32.3,21.0,11.8
2025-05-05,Assam,Kamrup,Guwahati,26.1,91.77,161.0,7.5,17.3,26.3,67.3,32.1,21.3,14.3
2025-05-06,Assam,Kamrup,Guwahati,26.1,91.77,161.0,0.8,10.6,21.8,41.2,31.6,21.3,11.0
2025-05-07,Assam,Kamrup,Guwahati,26.1,91.77,161.0,6.6,14.9,28.3,46.6,32.2,21.4,15.6
2025-05-08,Assam,Kamrup,Guwahati,26.1,91.77,161.0,7.8,15.2,34.0,54.4,31.3,22.0,7.5
2025-05-09,Assam,Kamrup,Guwahati,26.1,91.77,161.0,5.7,20.1,38.2,60.1,33.1,22.6,7.0
2025-05-10,Assam,Kamrup,Guwahati,26.1,91.77,161.0,3.6,17.1,34.3,63.3,34.4,22.4,10.1
2025-05-11,Assam,Kamrup,Guwahati,26.1,91.77,161.0,7.1,16.4,39.1,66.7,33.5,23.1,13.5
2025-05-12,Assam,Kamrup,Guwahati,26.1,91.77,161.0,29.2,39.9,60.8,87.1,29.7,23.0,8.5
2025-05-13,Assam,Kamrup,Guwahati,26.1,91.77,161.0,6.0,42.3,66.0,87.8,28.8,22.6,10.6
2025-05-14,Assam,Kamrup,Guwahati,26.1,91.77,161.0,3.4,38.6,62.8,91.1,30.0,22.5,9.9
2025-05-15,Assam,Kamrup,Guwahati,26.1,91.77,161.0,15.4,24.8,70.4,104.4,29.6,22.6,12.7
2025-05-16,Assam,Kamrup,Guwahati,26.1,91.77,161.0,2.7,21.5,67.4,105.6,29.5,22.0,11.5
2025-05-17,Assam,Kamrup,Guwahati,26.1,91.77,161.0,6.2,24.3,70.0,104.3,29.1,22.0,14.1
2025-05-18,Assam,Kamrup,Guwahati,26.1,91.77,161.0,43.2,52.1,106.1,145.2,30.8,21.9,7.8
2025-05-19,Assam,Kamrup,Guwahati,26.1,91.77,161.0,2.9,52.3,79.8,140.6,27.0,21.8,7.8
2025-05-20,Assam,Kamrup,Guwahati,26.1,91.77,161.0,48.0,94.1,121.8,187.8,26.8,22.4,17.5
2025-05-21,Assam,Kamrup,Guwahati,26.1,91.77,161.0,27.5,78.4,145.9,208.7,29.2,22.4,7.9
2025-05-22,Assam,Kamrup,Guwahati,26.1,91.77,161.0,6.6,82.1,137.1,207.5,30.5,23.1,8.0
2025-05-23,Assam,Kamrup,Guwahati,26.1,91.77,161.0,3.0,37.1,137.4,204.8,31.2,23.2,7.4
2025-05-24,Assam,Kamrup,Guwahati,26.1,91.77,161.0,1.9,11.5,133.1,203.1,32.5,24.2,8.5
2025-05-25,Assam,Kamrup,Guwahati,26.1,91.77,161.0,6.2,11.1,96.1,202.2,32.9,24.5,11.5
2025-05-26,Assam,Kamrup,Guwahati,26.1,91.77,161.0,26.0,34.1,119.2,199.0,28.3,23.8,10.8
2025-05-27,Assam,Kamrup,Guwahati,26.1,91.77,161.0,20.4,52.6,91.6,213.4,31.7,23.7,12.2
2025-05-28,Assam,Kamrup,Guwahati,26.1,91.77,161.0,1.2,47.6,65.3,211.2,34.0,24.6,15.1
2025-05-29,Assam,Kamrup,Guwahati,26.1,91.77,161.0,30.3,51.9,89.0,226.1,27.2,23.9,18.5
2025-05-30,Assam,Kamrup,Guwahati,26.1,91.77,161.0,158.5,190.0,244.5,381.9,24.3,23.4,26.4
2025-05-31,Assam,Kamrup,Guwahati,26.1,91.77,161.0,5.9,194.7,248.5,381.6,30.5,22.5,14.4
2025-06-01,Assam,Kamrup,Guwahati,26.1,91.77,161.0,3.7,168.1,246.0,342.1,30.8,23.3,7.1
2025-06-02,Assam,Kamrup,Guwahati,26.1,91.77,161.0,0.4,10.0,220.4,339.6,30.5,24.1,9.2
2025-06-03,Assam,Kamrup,Guwahati,26.1,91.77,161.0,0.6,4.7,200.6,292.2,29.4,23.0,8.9
2025-06-04,Assam,Kamrup,Guwahati,26.1,91.77,161.0,13.8,14.8,213.2,278.5,27.6,23.1,10.3
2025-06-05,Assam,Kamrup,Guwahati,26.1,91.77,161.0,32.7,47.1,215.6,304.6,31.0,22.4,10.0
2025-06-06,Assam,Kamrup,Guwahati,26.1,91.77,161.0,4.8,51.3,61.9,306.4,31.9,22.5,11.1
2025-06-07,Assam,Kamrup,Guwahati,26.1,91.77,161.0,0.8,38.3,56.8,305.3,31.1,23.4,9.8
2025-06-08,Assam,Kamrup,Guwahati,26.1,91.77,161.0,0.4,6.0,53.5,299.5,33.2,24.0,9.0
2025-06-09,Assam,Kamrup,Guwahati,26.1,91.77,161.0,0.0,1.2,53.1,273.5,34.5,24.5,9.4
2025-06-10,Assam,Kamrup,Guwahati,26.1,91.77,161.0,0.4,0.8,52.9,253.5,35.4,25.2,10.4
2025-06-11,Assam,Kamrup,Guwahati,26.1,91.77,161.0,2.8,3.2,41.9,255.1,35.4,24.3,11.6
2025-06-12,Assam,Kamrup,Guwahati,26.1,91.77,161.0,0.1,3.3,9.3,224.9,37.3,25.7,11.0
2025-06-13,Assam,Kamrup,Guwahati,26.1,91.77,161.0,0.5,3.4,5.0,66.9,38.1,27.4,11.9
2025-06-14,Assam,Kamrup,Guwahati,26.1,91.77,161.0,2.2,2.8,6.4,63.2,35.0,26.8,11.3
2025-06-15,Assam,Kamrup,Guwahati,26.1,91.77,161.0,19.0,21.7,25.0,78.5,34.0,25.6,10.8
2025-06-16,Assam,Kamrup,Guwahati,26.1,91.77,161.0,19.0,40.2,44.0,97.1,30.9,25.3,9.9
2025-06-17,Assam,Kamrup,Guwahati,26.1,91.77,161.0,12.4,50.4,56.0,108.9,31.6,25.4,11.2
2025-06-18,Assam,Kamrup,Guwahati,26.1,91.77,161.0,8.1,39.5,61.3,103.2,32.5,24.9,11.0
2025-06-19,Assam,Kamrup,Guwahati,26.1,91.77,161.0,18.2,38.7,79.4,88.7,30.9,25.1,8.5
2025-06-20,Assam,Kamrup,Guwahati,26.1,91.77,161.0,3.5,29.8,82.4,87.4,31.2,25.5,12.7
2025-06-21,Assam,Kamrup,Guwahati,26.1,91.77,161.0,43.3,65.0,123.5,129.9,30.6,25.1,9.0
2025-06-22,Assam,Kamrup,Guwahati,26.1,91.77,161.0,13.8,60.6,118.3,143.3,31.4,24.6,8.7
2025-06-23,Assam,Kamrup,Guwahati,26.1,91.77,161.0,31.9,89.0,131.2,175.2,31.3,24.3,11.7
2025-06-24,Assam,Kamrup,Guwahati,26.1,91.77,161.0,19.7,65.4,138.5,194.5,30.6,24.6,9.6
2025-06-25,Assam,Kamrup,Guwahati,26.1,91.77,161.0,14.3,65.9,144.7,206.0,32.0,24.6,16.0
2025-06-26,Assam,Kamrup,Guwahati,26.1,91.77,161.0,3.4,37.4,129.9,209.3,32.5,24.5,10.7
2025-06-27,Assam,Kamrup,Guwahati,26.1,91.77,161.0,9.0,26.7,135.4,217.8,32.0,24.9,8.1
2025-06-28,Assam,Kamrup,Guwahati,26.1,91.77,161.0,3.4,15.8,95.5,219.0,32.7,25.0,7.8
2025-06-29,Assam,Kamrup,Guwahati,26.1,91.77,161.0,5.9,18.3,87.6,205.9,32.1,25.2,6.9
2025-06-30,Assam,Kamrup,Guwahati,26.1,91.77,161.0,45.8,55.1,101.5,232.7,32.8,24.7,8.5
2025-07-01,Assam,Kamrup,Guwahati,26.1,91.77,161.0,17.8,69.5,99.6,238.1,32.0,25.3,8.0
2025-07-02,Assam,Kamrup,Guwahati,26.1,91.77,161.0,60.7,124.3,146.0,290.7,31.5,25.3,8.4
2025-07-03,Assam,Kamrup,Guwahati,26.1,91.77,161.0,11.0,89.5,153.6,283.5,31.1,25.4,6.4
2025-07-04,Assam,Kamrup,Guwahati,26.1,91.77,161.0,43.6,115.3,188.2,323.6,31.2,25.1,8.5
2025-07-05,Assam,Kamrup,Guwahati,26.1,91.77,161.0,31.3,85.9,216.1,311.6,30.3,24.8,7.3
2025-07-06,Assam,Kamrup,Guwahati,26.1,91.77,161.0,12.1,87.0,222.3,309.9,32.2,25.1,18.0
2025-07-07,Assam,Kamrup,Guwahati,26.1,91.77,161.0,0.3,43.7,176.8,278.3,31.8,25.1,12.9
2025-07-08,Assam,Kamrup,Guwahati,26.1,91.77,161.0,0.9,13.3,159.9,259.5,33.0,24.9,16.4
2025-07-09,Assam,Kamrup,Guwahati,26.1,91.77,161.0,14.8,16.0,114.0,260.0,31.5,24.4,14.3
2025-07-10,Assam,Kamrup,Guwahati,26.1,91.77,161.0,6.3,22.0,109.3,262.9,31.4,24.8,7.6
2025-07-11,Assam,Kamrup,Guwahati,26.1,91.77,161.0,0.4,21.5,66.1,254.3,34.1,25.1,11.2
2025-07-12,Assam,Kamrup,Guwahati,26.1,91.77,161.0,0.6,7.3,35.4,251.5,34.2,25.4,7.7
2025-07-13,Assam,Kamrup,Guwahati,26.1,91.77,161.0,1.9,2.9,25.2,247.5,35.8,26.3,13.9
2025-07-14,Assam,Kamrup,Guwahati,26.1,91.77,161.0,10.6,13.1,35.5,212.3,32.3,25.2,10.8
2025-07-15,Assam,Kamrup,Guwahati,26.1,91.77,161.0,23.8,36.3,58.4,218.3,30.2,25.4,7.0
2025-07-16,Assam,Kamrup,Guwahati,26.1,91.77,161.0,0.9,35.3,44.5,158.5,31.8,25.7,9.7
2025-07-17,Assam,Kamrup,Guwahati,26.1,91.77,161.0,3.0,27.7,41.2,150.5,32.6,25.4,13.5
2025-07-18,Assam,Kamrup,Guwahati,26.1,91.77,161.0,0.6,4.5,41.4,107.5,33.4,25.3,16.0
2025-07-19,Assam,Kamrup,Guwahati,26.1,91.77,161.0,2.9,6.5,43.7,79.1,33.3,26.1,10.8
2025-07-20,Assam,Kamrup,Guwahati,26.1,91.77,161.0,12.3,15.8,54.1,79.3,30.3,25.5,8.4
2025-07-21,Assam,Kamrup,Guwahati,26.1,91.77,161.0,8.5,23.7,52.0,87.5,33.1,26.0,8.4
2025-07-22,Assam,Kamrup,Guwahati,26.1,91.77,161.0,14.8,35.6,43.0,101.4,33.2,25.7,10.5
2025-07-23,Assam,Kamrup,Guwahati,26.1,91.77,161.0,2.0,25.3,44.1,88.6,34.8,26.2,9.9
2025-07-24,Assam,Kamrup,Guwahati,26.1,91.77,161.0,0.0,16.8,41.1,82.3,36.7,27.5,12.5
2025-07-25,Assam,Kamrup,Guwahati,26.1,91.77,161.0,8.5,10.5,49.0,90.4,34.4,26.7,17.6
2025-07-26,Assam,Kamrup,Guwahati,26.1,91.77,161.0,10.2,18.7,56.3,100.0,32.3,26.6,9.2
2025-07-27,Assam,Kamrup,Guwahati,26.1,91.77,161.0,48.7,67.4,92.7,146.8,30.5,25.8,6.9
2025-07-28,Assam,Kamrup,Guwahati,26.1,91.77,161.0,24.8,83.7,109.0,161.0,31.4,25.2,6.7
2025-07-29,Assam,Kamrup,Guwahati,26.1,91.77,161.0,23.8,97.3,118.0,161.0,32.4,25.1,8.7
2025-07-30,Assam,Kamrup,Guwahati,26.1,91.77,161.0,23.1,71.7,139.1,183.2,30.6,24.9,8.1
2025-07-31,Assam,Kamrup,Guwahati,26.1,91.77,161.0,13.2,60.1,152.3,193.4,32.6,25.6,11.5
2025-08-01,Assam,Kamrup,Guwahati,26.1,91.77,161.0,12.9,49.2,156.7,205.7,31.2,25.5,7.4
2025-08-02,Assam,Kamrup,Guwahati,26.1,91.77,161.0,46.2,72.3,192.7,249.0,29.2,25.4,8.0
2025-08-03,Assam,Kamrup,Guwahati,26.1,91.77,161.0,16.6,75.7,160.6,253.3,31.3,24.9,14.2
2025-08-04,Assam,Kamrup,Guwahati,26.1,91.77,161.0,11.9,74.7,147.7,256.7,30.4,25.2,13.2
2025-08-05,Assam,Kamrup,Guwahati,26.1,91.77,161.0,7.6,36.1,131.5,249.5,31.1,24.9,12.3
2025-08-06,Assam,Kamrup,Guwahati,26.1,91.77,161.0,0.9,20.4,109.3,248.4,31.8,25.0,13.0
2025-08-07,Assam,Kamrup,Guwahati,26.1,91.77,161.0,10.1,18.6,106.2,258.5,29.8,25.5,5.6
2025-08-08,Assam,Kamrup,Guwahati,26.1,91.77,161.0,39.7,50.7,133.0,289.7,30.5,24.5,6.6
2025-08-09,Assam,Kamrup,Guwahati,26.1,91.77,161.0,10.3,60.1,97.1,289.8,31.0,24.9,11.9
2025-08-10,Assam,Kamrup,Guwahati,26.1,91.77,161.0,1.7,51.7,82.2,242.8,30.3,25.0,5.7
2025-08-11,Assam,Kamrup,Guwahati,26.1,91.77,161.0,9.7,21.7,80.0,227.7,30.6,24.9,8.6
2025-08-12,Assam,Kamrup,Guwahati,26.1,91.77,161.0,64.9,76.3,137.3,268.8,30.2,25.0,9.6
2025-08-13,Assam,Kamrup,Guwahati,26.1,91.77,161.0,37.3,111.9,173.7,283.0,27.3,24.8,7.0
2025-08-14,Assam,Kamrup,Guwahati,26.1,91.77,161.0,0.0,102.2,163.6,269.8,32.2,24.3,5.9
2025-08-15,Assam,Kamrup,Guwahati,26.1,91.77,161.0,0.2,37.5,124.1,257.1,33.1,24.4,8.9
2025-08-16,Assam,Kamrup,Guwahati,26.1,91.77,161.0,0.0,0.2,113.8,210.9,34.6,25.2,8.6
2025-08-17,Assam,Kamrup,Guwahati,26.1,91.77,161.0,1.7,1.9,113.8,196.0,33.5,25.5,12.9
2025-08-18,Assam,Kamrup,Guwahati,26.1,91.77,161.0,0.4,2.1,104.5,184.5,33.9,25.8,10.8
2025-08-19,Assam,Kamrup,Guwahati,26.1,91.77,161.0,5.1,7.2,44.7,182.0,31.2,25.4,9.1
2025-08-20,Assam,Kamrup,Guwahati,26.1,91.77,161.0,4.3,9.8,11.7,185.4,30.1,24.8,6.5
2025-08-21,Assam,Kamrup,Guwahati,26.1,91.77,161.0,50.5,59.9,62.2,225.8,31.1,24.1,7.4
2025-08-22,Assam,Kamrup,Guwahati,26.1,91.77,161.0,0.6,55.4,62.6,186.7,32.2,24.1,9.9
2025-08-23,Assam,Kamrup,Guwahati,26.1,91.77,161.0,0.7,51.8,63.3,177.1,31.6,25.1,6.8
2025-08-24,Assam,Kamrup,Guwahati,26.1,91.77,161.0,25.9,27.2,87.5,201.3,29.8,24.5,9.7
2025-08-25,Assam,Kamrup,Guwahati,26.1,91.77,161.0,6.2,32.8,93.3,197.8,31.5,24.5,4.9
2025-08-26,Assam,Kamrup,Guwahati,26.1,91.77,161.0,0.2,32.3,88.4,133.1,33.9,24.5,9.8
2025-08-27,Assam,Kamrup,Guwahati,26.1,91.77,161.0,16.0,22.4,100.1,111.8,32.1,25.0,12.6
2025-08-28,Assam,Kamrup,Guwahati,26.1,91.77,161.0,15.0,31.2,64.6,126.8,29.7,24.9,7.9
2025-08-29,Assam,Kamrup,Guwahati,26.1,91.77,161.0,18.2,49.2,82.2,144.8,30.6,23.7,6.2
2025-08-30,Assam,Kamrup,Guwahati,26.1,91.77,161.0,13.9,47.1,95.4,158.7,30.2,23.8,7.1
2025-08-31,Assam,Kamrup,Guwahati,26.1,91.77,161.0,0.9,33.0,70.4,157.9,32.6,24.4,10.3
2025-09-01,Assam,Kamrup,Guwahati,26.1,91.77,161.0,0.5,15.3,64.7,158.0,34.3,24.9,13.0
2025-09-02,Assam,Kamrup,Guwahati,26.1,91.77,161.0,4.5,5.9,69.0,157.4,33.5,26.2,6.8
2025-09-03,Assam,Kamrup,Guwahati,26.1,91.77,161.0,8.4,13.4,61.4,161.5,34.5,25.6,10.9
2025-09-04,Assam,Kamrup,Guwahati,26.1,91.77,161.0,7.6,20.5,54.0,118.6,32.9,25.0,7.7
2025-09-05,Assam,Kamrup,Guwahati,26.1,91.77,161.0,7.5,23.5,43.3,125.5,31.5,25.6,6.3
2025-09-06,Assam,Kamrup,Guwahati,26.1,91.77,161.0,4.6,19.7,34.0,129.4,32.7,25.0,11.0
2025-09-07,Assam,Kamrup,Guwahati,26.1,91.77,161.0,14.0,26.1,47.1,117.5,31.6,24.5,11.1
2025-09-08,Assam,Kamrup,Guwahati,26.1,91.77,161.0,3.6,22.2,50.2,114.9,31.8,24.7,11.1
2025-09-09,Assam,Kamrup,Guwahati,26.1,91.77,161.0,6.6,24.2,52.3,121.3,32.5,24.7,11.2
2025-09-10,Assam,Kamrup,Guwahati,26.1,91.77,161.0,18.7,28.9,62.6,124.0,31.1,24.5,9.2
2025-09-11,Assam,Kamrup,Guwahati,26.1,91.77,161.0,7.1,32.4,62.1,116.1,32.0,24.7,9.4
2025-09-12,Assam,Kamrup,Guwahati,26.1,91.77,161.0,17.7,43.5,72.3,115.6,30.8,24.2,7.6
2025-09-13,Assam,Kamrup,Guwahati,26.1,91.77,161.0,14.9,39.7,82.6,116.6,31.4,24.7,14.1
2025-09-14,Assam,Kamrup,Guwahati,26.1,91.77,161.0,16.0,48.6,84.6,131.7,27.7,24.4,5.8
2025-09-15,Assam,Kamrup,Guwahati,26.1,91.77,161.0,14.4,45.3,95.4,145.6,28.1,24.5,7.1
2025-09-16,Assam,Kamrup,Guwahati,26.1,91.77,161.0,30.2,60.6,119.0,171.3,27.4,24.2,6.3
2025-09-17,Assam,Kamrup,Guwahati,26.1,91.77,161.0,9.2,53.8,109.5,172.1,30.2,23.8,10.3
2025-09-18,Assam,Kamrup,Guwahati,26.1,91.77,161.0,7.3,46.7,109.7,171.8,30.7,23.2,11.6
2025-09-19,Assam,Kamrup,Guwahati,26.1,91.77,161.0,8.9,25.4,100.9,173.2,31.5,24.1,10.1
2025-09-20,Assam,Kamrup,Guwahati,26.1,91.77,161.0,1.2,17.4,87.2,169.8,32.5,23.6,7.5
2025-09-21,Assam,Kamrup,Guwahati,26.1,91.77,161.0,1.6,11.7,72.8,157.4,33.4,24.2,9.3
2025-09-22,Assam,Kamrup,Guwahati,26.1,91.77,161.0,1.8,4.6,60.2,155.6,33.5,24.9,11.4
2025-09-23,Assam,Kamrup,Guwahati,26.1,91.77,161.0,5.8,9.2,35.8,154.8,32.9,24.1,11.3
2025-09-24,Assam,Kamrup,Guwahati,26.1,91.77,161.0,4.1,11.7,30.7,140.2,32.5,24.3,9.6
2025-09-25,Assam,Kamrup,Guwahati,26.1,91.77,161.0,0.0,9.9,23.4,133.1,33.8,24.7,11.1
2025-09-26,Assam,Kamrup,Guwahati,26.1,91.77,161.0,0.0,4.1,14.5,115.4,35.3,25.5,11.8
2025-09-27,Assam,Kamrup,Guwahati,26.1,91.77,161.0,4.4,4.4,17.7,104.9,31.2,25.8,14.3
2025-09-28,Assam,Kamrup,Guwahati,26.1,91.77,161.0,0.5,4.9,16.6,89.4,32.5,24.3,6.3
2025-09-29,Assam,Kamrup,Guwahati,26.1,91.77,161.0,0.2,5.1,15.0,75.2,33.6,24.1,6.6
2025-09-30,Assam,Kamrup,Guwahati,26.1,91.77,161.0,0.0,0.7,9.2,45.0,35.1,24.5,6.3
2025-10-01,Assam,Kamrup,Guwahati,26.1,91.77,161.0,13.5,13.7,18.6,49.3,27.2,24.5,11.7
2025-10-02,Assam,Kamrup,Guwahati,26.1,91.77,161.0,11.8,25.3,30.4,53.8,30.1,23.7,9.1
2025-10-03,Assam,Kamrup,Guwahati,26.1,91.77,161.0,4.6,29.9,35.0,49.5,30.2,24.7,12.0
2025-10-04,Assam,Kamrup,Guwahati,26.1,91.77,161.0,0.3,16.7,30.9,48.6,31.6,25.0,15.1
2025-10-05,Assam,Kamrup,Guwahati,26.1,91.77,161.0,8.3,13.2,38.7,55.3,28.4,23.9,8.5
2025-10-06,Assam,Kamrup,Guwahati,26.1,91.77,161.0,0.8,9.4,39.3,54.3,29.5,23.0,8.1
2025-10-07,Assam,Kamrup,Guwahati,26.1,91.77,161.0,2.2,11.3,41.5,50.7,31.3,23.4,10.5
2025-10-08,Assam,Kamrup,Guwahati,26.1,91.77,161.0,14.5,17.5,42.5,61.1,30.6,23.2,9.6
2025-10-09,Assam,Kamrup,Guwahati,26.1,91.77,161.0,1.1,17.8,31.8,62.2,30.5,23.4,5.9
2025-10-10,Assam,Kamrup,Guwahati,26.1,91.77,161.0,19.0,34.6,46.2,81.2,30.5,23.8,5.8
2025-10-11,Assam,Kamrup,Guwahati,26.1,91.77,161.0,18.7,38.8,64.6,95.5,28.7,22.5,5.2
2025-10-12,Assam,Kamrup,Guwahati,26.1,91.77,161.0,1.2,38.9,57.5,96.2,29.5,22.1,7.1
2025-10-13,Assam,Kamrup,Guwahati,26.1,91.77,161.0,0.6,20.5,57.3,96.6,31.0,22.5,5.9
2025-10-14,Assam,Kamrup,Guwahati,26.1,91.77,161.0,0.2,2.0,55.3,96.8,31.9,22.2,9.3
2025-10-15,Assam,Kamrup,Guwahati,26.1,91.77,161.0,0.2,1.0,41.0,83.5,33.1,22.6,6.8
2025-10-16,Assam,Kamrup,Guwahati,26.1,91.77,161.0,0.0,0.4,39.9,71.7,33.4,22.3,7.2
2025-10-17,Assam,Kamrup,Guwahati,26.1,91.77,161.0,0.0,0.2,20.9,67.1,33.8,21.2,9.2
2025-10-18,Assam,Kamrup,Guwahati,26.1,91.77,161.0,0.0,0.0,2.2,66.8,34.0,21.2,9.9
2025-10-19,Assam,Kamrup,Guwahati,26.1,91.77,161.0,0.0,0.0,1.0,58.5,33.8,21.5,8.0
2025-10-20,Assam,Kamrup,Guwahati,26.1,91.77,161.0,0.0,0.0,0.4,57.7,34.3,21.8,7.7
2025-10-21,Assam,Kamrup,Guwahati,26.1,91.77,161.0,0.0,0.0,0.2,55.5,33.9,20.7,8.6
2025-10-22,Assam,Kamrup,Guwahati,26.1,91.77,161.0,0.0,0.0,0.0,41.0,34.2,22.0,7.7
2025-10-23,Assam,Kamrup,Guwahati,26.1,91.77,161.0,0.0,0.0,0.0,39.9,32.7,22.6,15.5
2025-10-24,Assam,Kamrup,Guwahati,26.1,91.77,161.0,8.2,8.2,8.2,29.1,31.7,21.6,17.1
2025-10-25,Assam,Kamrup,Guwahati,26.1,91.77,161.0,1.7,9.9,9.9,12.1,30.6,20.7,10.7
2025-10-26,Assam,Kamrup,Guwahati,26.1,91.77,161.0,11.5,21.4,21.4,22.4,30.7,21.5,8.7
2025-10-27,Assam,Kamrup,Guwahati,26.1,91.77,161.0,0.0,13.2,21.4,21.8,31.2,21.6,11.3
2025-10-28,Assam,Kamrup,Guwahati,26.1,91.77,161.0,0.1,11.6,21.5,21.7,32.2,22.4,6.8
2025-10-29,Assam,Kamrup,Guwahati,26.1,91.77,161.0,0.1,0.2,21.6,21.6,29.5,22.5,5.4
2025-10-30,Assam,Kamrup,Guwahati,26.1,91.77,161.0,3.5,3.7,25.1,25.1,27.9,23.0,9.8
2025-10-31,Assam,Kamrup,Guwahati,26.1,91.77,161.0,13.8,17.4,30.7,38.9,25.8,21.1,10.7
2025-11-01,Assam,Kamrup,Guwahati,26.1,91.77,161.0,25.2,42.5,54.2,64.1,25.9,21.4,10.7
2025-11-02,Assam,Kamrup,Guwahati,26.1,91.77,161.0,2.7,41.7,45.4,66.8,27.1,22.0,13.4
2025-11-03,Assam,Kamrup,Guwahati,26.1,91.77,161.0,0.5,28.4,45.9,67.3,28.4,21.2,7.0
2025-11-04,Assam,Kamrup,Guwahati,26.1,91.77,161.0,0.0,3.2,45.8,67.3,29.9,20.8,11.2
2025-11-05,Assam,Kamrup,Guwahati,26.1,91.77,161.0,0.4,0.9,46.1,67.7,30.4,20.6,11.2
2025-11-06,Assam,Kamrup,Guwahati,26.1,91.77,161.0,0.4,0.8,43.0,68.1,29.3,22.1,8.9
2025-11-07,Assam,Kamrup,Guwahati,26.1,91.77,161.0,0.0,0.8,29.2,59.9,29.3,20.7,6.3
2025-11-08,Assam,Kamrup,Guwahati,26.1,91.77,161.0,0.0,0.4,4.0,58.2,29.4,19.3,7.4
2025-11-09,Assam,Kamrup,Guwahati,26.1,91.77,161.0,0.0,0.0,1.3,46.7,29.3,18.9,5.7
2025-11-10,Assam,Kamrup,Guwahati,26.1,91.77,161.0,0.0,0.0,0.8,46.7,28.7,18.6,6.9
2025-11-11,Assam,Kamrup,Guwahati,26.1,91.77,161.0,1.1,1.1,1.9,47.7,27.6,18.9,7.4
2025-11-12,Assam,Kamrup,Guwahati,26.1,91.77,161.0,0.0,1.1,1.5,47.6,27.5,18.4,5.8
2025-11-13,Assam,Kamrup,Guwahati,26.1,91.77,161.0,0.2,1.3,1.3,44.3,27.8,18.5,5.8
2025-11-14,Assam,Kamrup,Guwahati,26.1,91.77,161.0,0.0,0.2,1.3,30.5,27.7,17.8,5.7
2025-11-15,Assam,Kamrup,Guwahati,26.1,91.77,161.0,0.0,0.2,1.3,5.3,27.6,16.3,8.8
2025-11-16,Assam,Kamrup,Guwahati,26.1,91.77,161.0,0.0,0.0,1.3,2.6,27.6,15.7,10.7
2025-11-17,Assam,Kamrup,Guwahati,26.1,91.77,161.0,0.0,0.0,1.3,2.1,27.5,15.6,10.7
2025-11-18,Assam,Kamrup,Guwahati,26.1,91.77,161.0,0.0,0.0,0.2,2.1,27.9,14.6,10.2
2025-11-19,Assam,Kamrup,Guwahati,26.1,91.77,161.0,0.0,0.0,0.2,1.7,27.8,15.2,8.3
2025-11-20,Assam,Kamrup,Guwahati,26.1,91.77,161.0,0.0,0.0,0.0,1.3,27.8,16.4,6.1
2025-11-21,Assam,Kamrup,Guwahati,26.1,91.77,161.0,0.1,0.1,0.1,1.4,26.9,15.9,7.8
2025-11-22,Assam,Kamrup,Guwahati,26.1,91.77,161.0,1.5,1.6,1.6,2.9,26.2,17.4,8.8
2025-11-23,Assam,Kamrup,Guwahati,26.1,91.77,161.0,3.3,4.9,4.9,6.2,24.8,16.2,6.2
2025-11-24,Assam,Kamrup,Guwahati,26.1,91.77,161.0,0.4,5.2,5.3,6.6,25.2,16.5,10.0
2025-11-25,Assam,Kamrup,Guwahati,26.1,91.77,161.0,0.0,3.7,5.3,5.5,26.8,14.8,9.2
2025-11-26,Assam,Kamrup,Guwahati,26.1,91.77,161.0,0.0,0.4,5.3,5.5,27.2,14.9,11.7
2025-11-27,Assam,Kamrup,Guwahati,26.1,91.77,161.0,0.0,0.0,5.3,5.3,26.8,14.9,12.9
2025-11-28,Assam,Kamrup,Guwahati,26.1,91.77,161.0,0.0,0.0,5.2,5.3,27.5,13.8,7.1
2025-11-29,Assam,Kamrup,Guwahati,26.1,91.77,161.0,0.1,0.1,3.8,5.4,26.3,15.3,6.1
2025-11-30,Assam,Kamrup,Guwahati,26.1,91.77,161.0,0.0,0.1,0.5,5.4,25.9,15.5,5.6
2025-12-01,Assam,Kamrup,Guwahati,26.1,91.77,161.0,0.0,0.1,0.1,5.4,25.8,15.2,4.9
2025-12-02,Assam,Kamrup,Guwahati,26.1,91.77,161.0,0.5,0.5,0.6,5.9,25.3,16.3,4.5
2025-12-03,Assam,Kamrup,Guwahati,26.1,91.77,161.0,0.0,0.5,0.6,5.9,25.6,15.8,6.0
2025-12-04,Assam,Kamrup,Guwahati,26.1,91.77,161.0,0.0,0.5,0.6,5.9,25.8,15.2,8.2
2025-12-05,Assam,Kamrup,Guwahati,26.1,91.77,161.0,0.0,0.0,0.6,5.8,25.4,13.1,7.0
2025-12-06,Assam,Kamrup,Guwahati,26.1,91.77,161.0,0.0,0.0,0.5,4.3,25.1,12.8,6.5
2025-12-07,Assam,Kamrup,Guwahati,26.1,91.77,161.0,0.0,0.0,0.5,1.0,24.5,12.9,7.0
2025-12-08,Assam,Kamrup,Guwahati,26.1,91.77,161.0,0.0,0.0,0.5,0.6,24.7,13.4,7.4
2025-12-09,Assam,Kamrup,Guwahati,26.1,91.77,161.0,0.0,0.0,0.0,0.6,24.6,13.5,5.9
2025-12-10,Assam,Kamrup,Guwahati,26.1,91.77,161.0,0.0,0.0,0.0,0.6,24.5,12.4,6.7
2025-12-11,Assam,Kamrup,Guwahati,26.1,91.77,161.0,0.0,0.0,0.0,0.6,24.6,12.8,7.2
2025-12-12,Assam,Kamrup,Guwahati,26.1,91.77,161.0,0.0,0.0,0.0,0.6,24.6,12.1,8.4
2025-12-13,Assam,Kamrup,Guwahati,26.1,91.77,161.0,0.0,0.0,0.0,0.5,24.3,11.0,7.8
2025-12-14,Assam,Kamrup,Guwahati,26.1,91.77,161.0,0.0,0.0,0.0,0.5,24.6,12.5,6.2
2025-12-15,Assam,Kamrup,Guwahati,26.1,91.77,161.0,0.0,0.0,0.0,0.5,24.6,12.3,6.6
2025-12-16,Assam,Kamrup,Guwahati,26.1,91.77,161.0,0.0,0.0,0.0,0.0,24.4,13.4,6.1
2025-12-17,Assam,Kamrup,Guwahati,26.1,91.77,161.0,0.0,0.0,0.0,0.0,24.8,13.4,12.0
2025-12-18,Assam,Kamrup,Guwahati,26.1,91.77,161.0,0.0,0.0,0.0,0.0,25.5,12.4,7.2
2025-12-19,Assam,Kamrup,Guwahati,26.1,91.77,161.0,0.0,0.0,0.0,0.0,24.4,11.7,6.5
2025-12-20,Assam,Kamrup,Guwahati,26.1,91.77,161.0,0.0,0.0,0.0,0.0,24.1,12.7,8.4
2025-12-21,Assam,Kamrup,Guwahati,26.1,91.77,161.0,0.0,0.0,0.0,0.0,24.3,12.7,8.3
2025-12-22,Assam,Kamrup,Guwahati,26.1,91.77,161.0,0.0,0.0,0.0,0.0,24.1,12.1,6.1
2025-12-23,Assam,Kamrup,Guwahati,26.1,91.77,161.0,0.4,0.4,0.4,0.4,23.6,12.3,8.1
2025-12-24,Assam,Kamrup,Guwahati,26.1,91.77,161.0,2.6,3.0,3.0,3.0,22.2,17.1,6.9
2025-12-25,Assam,Kamrup,Guwahati,26.1,91.77,161.0,1.9,4.9,4.9,4.9,23.3,15.8,7.4
2025-12-26,Assam,Kamrup,Guwahati,26.1,91.77,161.0,0.1,4.6,5.0,5.0,23.2,13.2,6.9
2025-12-27,Assam,Kamrup,Guwahati,26.1,91.77,161.0,0.3,2.3,5.3,5.3,22.9,12.9,5.2
2025-12-28,Assam,Kamrup,Guwahati,26.1,91.77,161.0,0.0,0.4,5.3,5.3,22.6,13.0,6.5
2025-12-29,Assam,Kamrup,Guwahati,26.1,91.77,161.0,0.1,0.4,5.4,5.4,21.4,14.9,9.4
2025-12-30,Assam,Kamrup,Guwahati,26.1,91.77,161.0,0.7,0.8,5.7,6.1,19.7,14.5,8.4
2025-12-31,Assam,Kamrup,Guwahati,26.1,91.77,161.0,0.0,0.8,3.1,6.1,21.6,12.9,7.7
2026-01-01,Assam,Kamrup,Guwahati,26.1,91.77,161.0,0.0,0.7,1.2,6.1,22.4,10.8,6.4
2026-01-02,Assam,Kamrup,Guwahati,26.1,91.77,161.0,2.3,2.3,3.4,8.4,21.8,12.1,10.4
2026-01-03,Assam,Kamrup,Guwahati,26.1,91.77,161.0,1.4,3.7,4.5,9.8,21.6,13.1,10.8
2026-01-04,Assam,Kamrup,Guwahati,26.1,91.77,161.0,1.5,5.2,6.0,11.3,20.7,12.4,10.4
2026-01-05,Assam,Kamrup,Guwahati,26.1,91.77,161.0,0.0,2.9,5.9,11.3,19.5,12.1,7.9
2026-01-06,Assam,Kamrup,Guwahati,26.1,91.77,161.0,0.0,1.5,5.2,10.9,20.3,11.9,7.4
2026-01-07,Assam,Kamrup,Guwahati,26.1,91.77,161.0,0.0,0.0,5.2,8.3,21.4,11.0,7.1
2026-01-08,Assam,Kamrup,Guwahati,26.1,91.77,161.0,0.0,0.0,5.2,6.4,22.5,9.8,9.5
2026-01-09,Assam,Kamrup,Guwahati,26.1,91.77,161.0,0.0,0.0,2.9,6.3,23.0,10.7,6.8
2026-01-10,Assam,Kamrup,Guwahati,26.1,91.77,161.0,0.0,0.0,1.5,6.0,23.5,11.4,6.3
2026-01-11,Assam,Kamrup,Guwahati,26.1,91.77,161.0,0.0,0.0,0.0,6.0,23.9,12.5,6.1
2026-01-12,Assam,Kamrup,Guwahati,26.1,91.77,161.0,0.0,0.0,0.0,5.9,24.5,12.7,7.8
2026-01-13,Assam,Kamrup,Guwahati,26.1,91.77,161.0,0.0,0.0,0.0,5.2,24.1,11.5,6.9
2026-01-14,Assam,Kamrup,Guwahati,26.1,91.77,161.0,0.0,0.0,0.0,5.2,24.1,11.2,5.8
2026-01-15,Assam,Kamrup,Guwahati,26.1,91.77,161.0,0.0,0.0,0.0,5.2,23.7,12.4,7.6
2026-01-16,Assam,Kamrup,Guwahati,26.1,91.77,161.0,0.0,0.0,0.0,2.9,24.4,12.6,8.1
2026-01-17,Assam,Kamrup,Guwahati,26.1,91.77,161.0,0.0,0.0,0.0,1.5,24.4,12.2,6.8
2026-01-18,Assam,Kamrup,Guwahati,26.1,91.77,161.0,0.0,0.0,0.0,0.0,24.3,14.5,7.5
2026-01-19,Assam,Kamrup,Guwahati,26.1,91.77,161.0,0.0,0.0,0.0,0.0,25.0,14.0,7.2
2026-01-20,Assam,Kamrup,Guwahati,26.1,91.77,161.0,0.6,0.6,0.6,0.6,24.2,14.3,6.5
2026-01-21,Assam,Kamrup,Guwahati,26.1,91.77,161.0,0.0,0.6,0.6,0.6,24.3,12.9,8.1
2026-01-22,Assam,Kamrup,Guwahati,26.1,91.77,161.0,0.0,0.6,0.6,0.6,24.8,13.8,7.0
2026-01-23,Assam,Kamrup,Guwahati,26.1,91.77,161.0,0.0,0.0,0.6,0.6,25.1,12.4,9.7
2026-01-24,Assam,Kamrup,Guwahati,26.1,91.77,161.0,0.0,0.0,0.6,0.6,24.1,12.3,7.3
2026-01-25,Assam,Kamrup,Guwahati,26.1,91.77,161.0,0.0,0.0,0.6,0.6,24.3,13.0,6.6
2026-01-26,Assam,Kamrup,Guwahati,26.1,91.77,161.0,0.0,0.0,0.6,0.6,24.6,13.4,7.6
2026-01-27,Assam,Kamrup,Guwahati,26.1,91.77,161.0,0.0,0.0,0.0,0.6,25.5,12.6,7.2
2026-01-28,Assam,Kamrup,Guwahati,26.1,91.77,161.0,0.0,0.0,0.0,0.6,25.4,13.5,6.8
2026-01-29,Assam,Kamrup,Guwahati,26.1,91.77,161.0,0.0,0.0,0.0,0.6,25.2,14.2,8.3
2026-01-30,Assam,Kamrup,Guwahati,26.1,91.77,161.0,0.2,0.2,0.2,0.8,24.0,14.8,7.9
2026-01-31,Assam,Kamrup,Guwahati,26.1,91.77,161.0,0.0,0.2,0.2,0.8,24.5,13.4,7.5
2026-02-01,Assam,Kamrup,Guwahati,26.1,91.77,161.0,0.0,0.2,0.2,0.8,25.3,13.5,6.7
2026-02-02,Assam,Kamrup,Guwahati,26.1,91.77,161.0,0.0,0.0,0.2,0.8,25.7,13.7,6.7
2026-02-03,Assam,Kamrup,Guwahati,26.1,91.77,161.0,0.0,0.0,0.2,0.2,26.4,13.8,9.4
2026-02-04,Assam,Kamrup,Guwahati,26.1,91.77,161.0,0.0,0.0,0.2,0.2,26.3,12.8,8.4
2026-02-05,Assam,Kamrup,Guwahati,26.1,91.77,161.0,0.0,0.0,0.2,0.2,25.6,15.8,8.2
2026-02-06,Assam,Kamrup,Guwahati,26.1,91.77,161.0,0.0,0.0,0.0,0.2,25.2,12.3,9.1
2026-02-07,Assam,Kamrup,Guwahati,26.1,91.77,161.0,0.0,0.0,0.0,0.2,25.4,14.1,8.0
2026-02-08,Assam,Kamrup,Guwahati,26.1,91.77,161.0,0.0,0.0,0.0,0.2,25.7,15.7,7.2
2026-02-09,Assam,Kamrup,Guwahati,26.1,91.77,161.0,0.0,0.0,0.0,0.2,26.6,13.3,10.6
2026-02-10,Assam,Kamrup,Guwahati,26.1,91.77,161.0,0.0,0.0,0.0,0.2,26.3,13.2,7.8
2026-02-11,Assam,Kamrup,Guwahati,26.1,91.77,161.0,0.0,0.0,0.0,0.2,27.4,14.0,6.9
2026-02-12,Assam,Kamrup,Guwahati,26.1,91.77,161.0,0.0,0.0,0.0,0.2,27.2,14.4,9.4
2026-02-13,Assam,Kamrup,Guwahati,26.1,91.77,161.0,0.0,0.0,0.0,0.0,27.7,14.5,10.1
2026-02-14,Assam,Kamrup,Guwahati,26.1,91.77,161.0,0.0,0.0,0.0,0.0,27.9,15.5,9.7
2026-02-15,Assam,Kamrup,Guwahati,26.1,91.77,161.0,0.4,0.4,0.4,0.4,26.6,15.6,6.3
2026-02-16,Assam,Kamrup,Guwahati,26.1,91.77,161.0,0.0,0.4,0.4,0.4,27.8,14.9,11.6
2026-02-17,Assam,Kamrup,Guwahati,26.1,91.77,161.0,0.0,0.4,0.4,0.4,29.3,13.0,10.3
2026-02-18,Assam,Kamrup,Guwahati,26.1,91.77,161.0,0.0,0.0,0.4,0.4,30.0,14.7,8.3
2026-02-19,Assam,Kamrup,Guwahati,26.1,91.77,161.0,0.0,0.0,0.4,0.4,30.8,14.9,8.3
2026-02-20,Assam,Kamrup,Guwahati,26.1,91.77,161.0,0.0,0.0,0.4,0.4,30.9,15.8,10.2
2026-02-21,Assam,Kamrup,Guwahati,26.1,91.77,161.0,0.0,0.0,0.4,0.4,29.6,19.2,8.0
2026-02-22,Assam,Kamrup,Guwahati,26.1,91.77,161.0,0.0,0.0,0.0,0.4,29.0,18.7,15.0
2026-02-23,Assam,Kamrup,Guwahati,26.1,91.77,161.0,0.2,0.2,0.2,0.6,27.9,15.6,9.7
2026-02-24,Assam,Kamrup,Guwahati,26.1,91.77,161.0,0.9,1.1,1.1,1.5,27.7,16.3,14.2
2026-02-25,Assam,Kamrup,Guwahati,26.1,91.77,161.0,5.8,6.9,6.9,7.3,27.8,16.0,9.8
2026-02-26,Assam,Kamrup,Guwahati,26.1,91.77,161.0,0.0,6.7,6.9,7.3,28.1,17.1,9.8
2026-02-27,Assam,Kamrup,Guwahati,26.1,91.77,161.0,0.1,5.9,7.0,7.4,27.2,17.4,11.6
2026-02-28,Assam,Kamrup,Guwahati,26.1,91.77,161.0,0.3,0.4,7.3,7.7,25.8,15.9,9.2
2026-03-01,Assam,Kamrup,Guwahati,26.1,91.77,161.0,0.1,0.5,7.4,7.4,25.0,16.9,16.6
2026-03-02,Assam,Kamrup,Guwahati,26.1,91.77,161.0,2.6,3.0,9.8,10.0,26.4,16.4,12.3
2026-03-03,Assam,Kamrup,Guwahati,26.1,91.77,161.0,0.0,2.7,8.9,10.0,29.1,15.7,9.0
2026-03-04,Assam,Kamrup,Guwahati,26.1,91.77,161.0,0.0,2.6,3.1,10.0,30.1,16.5,8.7
2026-03-05,Assam,Kamrup,Guwahati,26.1,91.77,161.0,0.0,0.0,3.1,10.0,31.2,16.7,10.1
2026-03-06,Assam,Kamrup,Guwahati,26.1,91.77,161.0,0.0,0.0,3.0,10.0,31.8,17.6,11.8
2026-03-07,Assam,Kamrup,Guwahati,26.1,91.77,161.0,0.0,0.0,2.7,10.0,31.7,19.3,9.0
2026-03-08,Assam,Kamrup,Guwahati,26.1,91.77,161.0,6.2,6.2,8.8,16.2,30.7,20.8,16.0
2026-03-09,Assam,Kamrup,Guwahati,26.1,91.77,161.0,16.9,23.1,23.1,32.9,29.2,19.4,17.1
2026-03-10,Assam,Kamrup,Guwahati,26.1,91.77,161.0,0.5,23.6,23.6,32.5,30.9,19.0,10.9
2026-03-11,Assam,Kamrup,Guwahati,26.1,91.77,161.0,0.9,18.3,24.5,27.6,31.4,20.1,10.8
2026-03-12,Assam,Kamrup,Guwahati,26.1,91.77,161.0,19.1,20.5,43.6,46.7,24.9,20.3,10.5
2026-03-13,Assam,Kamrup,Guwahati,26.1,91.77,161.0,17.5,37.5,61.1,64.1,22.4,18.9,10.1
2026-03-14,Assam,Kamrup,Guwahati,26.1,91.77,161.0,1.6,38.2,62.7,65.4,24.0,18.8,12.3
2026-03-15,Assam,Kamrup,Guwahati,26.1,91.77,161.0,7.9,27.0,64.4,73.2,24.5,17.8,11.2
2026-03-16,Assam,Kamrup,Guwahati,26.1,91.77,161.0,6.3,15.8,53.8,76.9,24.6,16.9,12.5
2026-03-17,Assam,Kamrup,Guwahati,26.1,91.77,161.0,6.3,20.5,59.6,83.2,25.5,16.6,12.6
2026-03-18,Assam,Kamrup,Guwahati,26.1,91.77,161.0,0.0,12.6,58.7,83.2,26.6,16.5,15.3
2026-03-19,Assam,Kamrup,Guwahati,26.1,91.77,161.0,0.7,7.0,40.3,83.9,26.5,17.6,10.1
2026-03-20,Assam,Kamrup,Guwahati,26.1,91.77,161.0,3.1,3.8,25.9,87.0,22.9,17.5,13.4
2026-03-21,Assam,Kamrup,Guwahati,26.1,91.77,161.0,14.5,18.3,38.8,101.5,23.7,17.9,11.3
2026-03-22,Assam,Kamrup,Guwahati,26.1,91.77,161.0,14.1,31.7,45.0,109.4,24.2,16.9,14.3
2026-03-23,Assam,Kamrup,Guwahati,26.1,91.77,161.0,5.7,34.3,44.4,98.2,25.8,17.7,9.4
2026-03-24,Assam,Kamrup,Guwahati,26.1,91.77,161.0,13.9,33.7,52.0,111.6,27.1,17.7,19.2
2026-03-25,Assam,Kamrup,Guwahati,26.1,91.77,161.0,6.3,25.9,58.3,117.0,25.4,16.7,14.8
2026-03-26,Assam,Kamrup,Guwahati,26.1,91.77,161.0,1.1,21.3,58.7,99.0,27.8,17.5,12.9
2026-03-27,Assam,Kamrup,Guwahati,26.1,91.77,161.0,2.0,9.4,57.6,83.5,27.7,17.3,11.0
2026-03-28,Assam,Kamrup,Guwahati,26.1,91.77,161.0,14.4,17.5,57.5,96.3,22.8,17.4,13.3
2026-03-29,Assam,Kamrup,Guwahati,26.1,91.77,161.0,6.0,22.4,49.4,94.4,21.7,17.8,8.0
2026-03-30,Assam,Kamrup,Guwahati,26.1,91.77,161.0,4.5,24.9,48.2,92.6,25.4,17.9,10.0
2026-03-31,Assam,Kamrup,Guwahati,26.1,91.77,161.0,4.1,14.6,38.4,90.4,27.0,19.0,10.9
2026-04-01,Assam,Kamrup,Guwahati,26.1,91.77,161.0,4.7,13.3,36.8,95.1,26.5,19.6,15.4
2026-04-02,Assam,Kamrup,Guwahati,26.1,91.77,161.0,0.5,9.3,36.2,94.9,31.3,20.5,15.2
2026-04-03,Assam,Kamrup,Guwahati,26.1,91.77,161.0,4.0,9.2,38.2,95.8,28.5,20.3,12.3
2026-04-04,Assam,Kamrup,Guwahati,26.1,91.77,161.0,1.0,5.5,24.8,82.3,29.5,20.5,11.7
2026-04-05,Assam,Kamrup,Guwahati,26.1,91.77,161.0,0.1,5.1,18.9,68.3,31.4,20.8,23.0
2026-04-06,Assam,Kamrup,Guwahati,26.1,91.77,161.0,0.0,1.1,14.4,62.6,30.7,18.8,14.4
2026-04-07,Assam,Kamrup,Guwahati,26.1,91.77,161.0,16.3,16.4,26.6,65.0,27.5,18.8,11.5
2026-04-08,Assam,Kamrup,Guwahati,26.1,91.77,161.0,3.4,19.7,25.3,62.1,27.2,18.3,11.8
2026-04-09,Assam,Kamrup,Guwahati,26.1,91.77,161.0,8.5,28.2,33.3,69.5,25.9,18.2,10.4
2026-04-10,Assam,Kamrup,Guwahati,26.1,91.77,161.0,10.7,22.6,40.0,78.2,25.6,18.4,12.8
2026-04-11,Assam,Kamrup,Guwahati,26.1,91.77,161.0,0.2,19.4,39.2,64.0,26.9,17.9,8.6
2026-04-12,Assam,Kamrup,Guwahati,26.1,91.77,161.0,1.3,12.2,40.4,59.3,27.0,18.5,13.3
2026-04-13,Assam,Kamrup,Guwahati,26.1,91.77,161.0,0.3,1.8,40.7,55.1,27.3,18.5,12.8
2026-04-14,Assam,Kamrup,Guwahati,26.1,91.77,161.0,6.4,8.0,30.8,57.4,29.0,19.2,13.8
2026-04-15,Assam,Kamrup,Guwahati,26.1,91.77,161.0,19.4,26.1,46.8,72.1,27.7,19.9,13.4
2026-04-16,Assam,Kamrup,Guwahati,26.1,91.77,161.0,0.2,26.0,38.5,71.8,29.1,19.3,11.9
2026-04-17,Assam,Kamrup,Guwahati,26.1,91.77,161.0,0.2,19.8,28.0,68.0,31.5,19.9,7.9
2026-04-18,Assam,Kamrup,Guwahati,26.1,91.77,161.0,18.9,19.3,46.7,85.9,28.8,21.4,15.1
2026-04-19,Assam,Kamrup,Guwahati,26.1,91.77,161.0,3.4,22.5,48.8,89.2,29.4,21.5,8.8
2026-04-20,Assam,Kamrup,Guwahati,26.1,91.77,161.0,11.0,33.3,59.5,100.2,29.6,21.1,11.5
2026-04-21,Assam,Kamrup,Guwahati,26.1,91.77,161.0,1.3,15.7,54.4,85.2,29.5,20.8,17.5
2026-04-22,Assam,Kamrup,Guwahati,26.1,91.77,161.0,0.5,12.8,35.5,82.3,29.4,21.5,10.8
2026-04-23,Assam,Kamrup,Guwahati,26.1,91.77,161.0,0.4,2.2,35.7,74.2,31.2,21.4,10.3
2026-04-24,Assam,Kamrup,Guwahati,26.1,91.77,161.0,8.2,9.1,43.7,71.7,32.4,23.1,9.0
2026-04-25,Assam,Kamrup,Guwahati,26.1,91.77,161.0,3.3,11.9,28.1,74.8,30.4,21.6,18.7
2026-04-26,Assam,Kamrup,Guwahati,26.1,91.77,161.0,4.1,15.6,28.8,77.6,25.7,21.1,17.7
2026-04-27,Assam,Kamrup,Guwahati,26.1,91.77,161.0,41.0,48.4,58.8,118.3,24.6,20.3,8.5
2026-04-28,Assam,Kamrup,Guwahati,26.1,91.77,161.0,11.6,56.7,69.1,123.5,29.1,20.9,12.0
2026-04-29,Assam,Kamrup,Guwahati,26.1,91.77,161.0,44.2,96.8,112.8,148.3,25.1,21.3,15.5
2026-04-30,Assam,Kamrup,Guwahati,26.1,91.77,161.0,5.7,61.5,118.1,153.8,25.3,20.1,9.0
2026-05-01,Assam,Kamrup,Guwahati,26.1,91.77,161.0,8.3,58.2,118.2,161.9,27.8,19.8,12.3
2026-05-02,Assam,Kamrup,Guwahati,26.1,91.77,161.0,20.6,34.6,135.5,163.6,24.8,19.6,8.9
2026-05-03,Assam,Kamrup,Guwahati,26.1,91.77,161.0,1.7,30.6,133.1,161.9,27.8,19.9,6.1
2026-05-04,Assam,Kamrup,Guwahati,26.1,91.77,161.0,1.2,23.5,93.3,152.1,30.0,19.9,10.7
2026-05-05,Assam,Kamrup,Guwahati,26.1,91.77,161.0,10.1,13.0,91.8,160.9,29.9,20.9,11.4
2026-05-06,Assam,Kamrup,Guwahati,26.1,91.77,161.0,4.7,16.0,52.3,165.1,29.1,21.6,18.2
2026-05-07,Assam,Kamrup,Guwahati,26.1,91.77,161.0,0.7,15.5,47.3,165.4,30.2,20.8,16.2
2026-05-08,Assam,Kamrup,Guwahati,26.1,91.77,161.0,4.3,9.7,43.3,161.5,30.2,20.4,15.3
2026-05-09,Assam,Kamrup,Guwahati,26.1,91.77,161.0,0.3,5.3,23.0,158.5,31.1,21.7,8.5
2026-05-10,Assam,Kamrup,Guwahati,26.1,91.77,161.0,2.3,6.9,23.6,156.7,32.3,21.6,10.5
2026-05-11,Assam,Kamrup,Guwahati,26.1,91.77,161.0,1.4,4.0,23.8,117.1,28.9,20.4,14.4
2026-05-12,Assam,Kamrup,Guwahati,26.1,91.77,161.0,0.3,4.0,14.0,105.8,29.8,21.2,8.0
2026-05-13,Assam,Kamrup,Guwahati,26.1,91.77,161.0,8.0,9.7,17.3,69.6,24.8,22.3,6.9
2026-05-14,Assam,Kamrup,Guwahati,26.1,91.77,161.0,18.4,26.7,35.0,82.3,30.3,21.0,10.9
2026-05-15,Assam,Kamrup,Guwahati,26.1,91.77,161.0,14.5,40.9,45.2,88.5,29.8,21.5,8.4
2026-05-16,Assam,Kamrup,Guwahati,26.1,91.77,161.0,24.9,57.8,69.8,92.8,29.7,22.8,8.2
2026-05-17,Assam,Kamrup,Guwahati,26.1,91.77,161.0,15.0,54.4,82.5,106.1,30.1,22.1,6.3
2026-05-18,Assam,Kamrup,Guwahati,26.1,91.77,161.0,18.6,58.5,99.7,123.5,28.7,22.3,10.8
2026-05-19,Assam,Kamrup,Guwahati,26.1,91.77,161.0,3.5,37.1,102.9,116.9,31.8,22.6,6.9
2026-05-20,Assam,Kamrup,Guwahati,26.1,91.77,161.0,1.2,23.3,96.1,113.4,33.0,24.3,9.0
2026-05-21,Assam,Kamrup,Guwahati,26.1,91.77,161.0,8.2,12.9,85.9,120.9,31.1,24.6,6.6
2026-05-22,Assam,Kamrup,Guwahati,26.1,91.77,161.0,10.8,20.2,82.2,127.4,32.2,24.6,7.3
2026-05-23,Assam,Kamrup,Guwahati,26.1,91.77,161.0,6.4,25.4,63.7,133.5,28.7,23.3,9.5
2026-05-24,Assam,Kamrup,Guwahati,26.1,91.77,161.0,7.0,24.2,55.7,138.2,30.3,22.9,9.4
2026-05-25,Assam,Kamrup,Guwahati,26.1,91.77,161.0,13.6,27.0,50.7,150.4,26.1,22.9,9.9
2026-05-26,Assam,Kamrup,Guwahati,26.1,91.77,161.0,14.5,35.1,61.7,164.6,30.2,22.5,8.7
2026-05-27,Assam,Kamrup,Guwahati,26.1,91.77,161.0,8.1,36.2,68.6,164.7,27.0,21.7,9.9
2026-05-28,Assam,Kamrup,Guwahati,26.1,91.77,161.0,4.9,27.5,65.3,151.2,30.5,21.9,12.7
2026-05-29,Assam,Kamrup,Guwahati,26.1,91.77,161.0,0.0,13.0,54.5,136.7,32.6,21.4,10.5
2026-05-30,Assam,Kamrup,Guwahati,26.1,91.77,161.0,0.7,5.6,48.8,112.5,33.9,23.4,10.1
2026-05-31,Assam,Kamrup,Guwahati,26.1,91.77,161.0,1.1,1.8,42.9,98.6,33.0,23.4,13.3
2026-06-01,Assam,Kamrup,Guwahati,26.1,91.77,161.0,1.6,3.4,30.9,81.6,33.8,24.8,10.7
2026-06-02,Assam,Kamrup,Guwahati,26.1,91.77,161.0,1.0,3.7,17.4,79.1,33.9,26.0,16.1
2026-06-03,Assam,Kamrup,Guwahati,26.1,91.77,161.0,0.6,3.2,9.9,78.5,33.8,25.3,16.6
2026-06-04,Assam,Kamrup,Guwahati,26.1,91.77,161.0,22.8,24.4,27.8,93.1,32.7,23.9,11.0
2026-06-05,Assam,Kamrup,Guwahati,26.1,91.77,161.0,3.6,27.0,31.4,85.9,31.0,23.9,9.8
2026-06-06,Assam,Kamrup,Guwahati,26.1,91.77,161.0,9.5,35.9,40.2,89.0,31.8,24.2,9.1
2026-06-07,Assam,Kamrup,Guwahati,26.1,91.77,161.0,5.5,18.6,44.6,87.5,32.8,24.3,11.8
2026-06-08,Assam,Kamrup,Guwahati,26.1,91.77,161.0,4.2,19.2,47.2,78.1,32.5,24.8,15.0
2026-06-09,Assam,Kamrup,Guwahati,26.1,91.77,161.0,9.9,19.6,56.1,73.5,31.0,24.2,12.2
2026-06-10,Assam,Kamrup,Guwahati,26.1,91.77,161.0,4.4,18.5,59.9,69.8,30.3,24.5,7.1
2026-06-11,Assam,Kamrup,Guwahati,26.1,91.77,161.0,10.5,24.8,47.6,75.4,29.3,23.8,9.6
2026-06-12,Assam,Kamrup,Guwahati,26.1,91.77,161.0,1.6,16.5,45.6,77.0,31.7,25.2,8.7
2026-06-13,Assam,Kamrup,Guwahati,26.1,91.77,161.0,14.6,26.7,50.7,90.9,31.4,24.2,7.5
2026-06-14,Assam,Kamrup,Guwahati,26.1,91.77,161.0,5.9,22.1,51.1,95.7,31.3,24.3,5.8
2026-06-15,Assam,Kamrup,Guwahati,26.1,91.77,161.0,11.8,32.3,58.7,105.9,31.3,23.7,7.4
2026-06-16,Assam,Kamrup,Guwahati,26.1,91.77,161.0,16.1,33.8,64.9,121.0,31.6,24.3,8.7
2026-06-17,Assam,Kamrup,Guwahati,26.1,91.77,161.0,5.5,33.4,66.0,125.9,31.4,25.2,8.9
2026-06-18,Assam,Kamrup,Guwahati,26.1,91.77,161.0,18.0,39.6,73.5,121.1,31.7,24.2,11.7
2026-06-19,Assam,Kamrup,Guwahati,26.1,91.77,161.0,10.5,34.0,82.4,128.0,31.0,25.1,10.8
2026-06-20,Assam,Kamrup,Guwahati,26.1,91.77,161.0,8.9,37.4,76.7,127.4,30.6,24.6,10.5
2026-06-21,Assam,Kamrup,Guwahati,26.1,91.77,161.0,23.6,43.0,94.4,145.5,28.3,24.3,6.9
2026-06-22,Assam,Kamrup,Guwahati,26.1,91.77,161.0,4.7,37.2,87.3,146.0,29.5,24.4,8.0
2026-06-23,Assam,Kamrup,Guwahati,26.1,91.77,161.0,8.2,36.5,79.4,144.3,30.6,24.8,8.3
2026-06-24,Assam,Kamrup,Guwahati,26.1,91.77,161.0,8.9,21.8,82.8,148.8,31.7,23.9,7.3
2026-06-25,Assam,Kamrup,Guwahati,26.1,91.77,161.0,6.5,23.6,71.3,144.8,33.1,24.6,8.6
2026-06-26,Assam,Kamrup,Guwahati,26.1,91.77,161.0,1.6,17.0,62.4,144.8,33.0,25.9,12.8
2026-06-27,Assam,Kamrup,Guwahati,26.1,91.77,161.0,3.3,11.4,56.8,133.5,32.3,26.0,12.9
2026-06-28,Assam,Kamrup,Guwahati,26.1,91.77,161.0,12.4,17.3,45.6,140.0,33.4,25.6,18.8
2026-06-29,Assam,Kamrup,Guwahati,26.1,91.77,161.0,40.4,56.1,81.3,168.6,29.7,25.0,9.5
2026-06-30,Assam,Kamrup,Guwahati,26.1,91.77,161.0,23.4,76.2,96.5,175.9,31.2,25.1,7.6
2026-07-01,Assam,Kamrup,Guwahati,26.1,91.77,161.0,25.7,89.5,113.3,196.1,31.7,25.3,9.2
2026-07-02,Assam,Kamrup,Guwahati,26.1,91.77,161.0,31.0,80.1,137.8,209.1,33.2,25.2,10.7
2026-07-03,Assam,Kamrup,Guwahati,26.1,91.77,161.0,7.9,64.6,144.1,206.5,33.7,26.3,10.6
2026-07-04,Assam,Kamrup,Guwahati,26.1,91.77,161.0,1.8,40.7,142.6,199.4,35.2,27.1,14.6
2026-07-05,Assam,Kamrup,Guwahati,26.1,91.77,161.0,1.5,11.2,131.7,177.3,34.0,26.4,17.2
2026-07-06,Assam,Kamrup,Guwahati,26.1,91.77,161.0,20.1,23.4,111.4,192.7,34.1,26.3,11.8
2026-07-07,Assam,Kamrup,Guwahati,26.1,91.77,161.0,36.5,58.1,124.5,221.0,31.2,25.8,8.4
2026-07-08,Assam,Kamrup,Guwahati,26.1,91.77,161.0,25.0,81.6,123.8,237.1,32.0,25.4,6.9
2026-07-09,Assam,Kamrup,Guwahati,26.1,91.77,161.0,30.2,91.7,123.0,260.8,30.1,25.7,7.4
2026-07-10,Assam,Kamrup,Guwahati,26.1,91.77,161.0,11.2,66.4,126.3,270.4,30.8,25.9,8.9
2026-07-11,Assam,Kamrup,Guwahati,26.1,91.77,161.0,54.2,95.6,178.7,321.3,32.0,25.6,10.7
2026-07-12,Assam,Kamrup,Guwahati,26.1,91.77,161.0,40.2,105.6,217.4,349.1,32.2,25.9,7.1
2026-07-13,Assam,Kamrup,Guwahati,26.1,91.77,161.0,38.0,132.4,235.3,346.7,31.4,25.8,10.8
2026-07-14,Assam,Kamrup,Guwahati,26.1,91.77,161.0,18.7,96.9,217.5,342.0,33.7,25.8,12.9
2026-07-15,Assam,Kamrup,Guwahati,26.1,91.77,161.0,35.5,92.2,228.0,351.8,32.2,25.0,10.3
2026-07-16,Assam,Kamrup,Guwahati,26.1,91.77,161.0,11.4,65.6,209.2,332.2,31.4,24.5,7.3
2026-07-17,Assam,Kamrup,Guwahati,26.1,91.77,161.0,18.7,65.6,216.7,343.0,31.6,25.5,9.6
2026-07-18,Assam,Kamrup,Guwahati,26.1,91.77,161.0,16.2,46.3,178.7,357.4,28.5,24.7,8.0
2026-07-19,Assam,Kamrup,Guwahati,26.1,91.77,161.0,25.4,60.3,163.9,381.3,29.1,24.8,8.9
2026-07-20,Assam,Kamrup,Guwahati,26.1,91.77,161.0,47.0,88.6,172.9,408.2,29.1,24.2,6.2
2026-07-21,Assam,Kamrup,Guwahati,26.1,91.77,161.0,5.7,78.1,159.9,377.4,32.6,25.2,7.5
2026-07-22,Assam,Kamrup,Guwahati,26.1,91.77,161.0,25.9,78.6,150.3,378.3,31.3,24.9,8.3
2026-07-23,Assam,Kamrup,Guwahati,26.1,91.77,161.0,24.0,55.6,162.9,372.1,31.5,24.8,8.2
2026-07-24,Assam,Kamrup,Guwahati,26.1,91.77,161.0,6.7,56.6,150.9,367.6,31.8,25.3,7.2
2026-07-25,Assam,Kamrup,Guwahati,26.1,91.77,161.0,4.0,34.7,138.7,317.4,33.9,25.3,12.2
2026-07-26,Assam,Kamrup,Guwahati,26.1,91.77,161.0,5.1,15.8,118.4,282.3,33.2,26.5,9.2
2026-07-27,Assam,Kamrup,Guwahati,26.1,91.77,161.0,1.9,11.0,73.3,246.2,32.6,26.1,10.3
2026-07-28,Assam,Kamrup,Guwahati,26.1,91.77,161.0,10.9,17.9,78.5,238.4,31.7,26.3,10.1
2026-07-29,Assam,Kamrup,Guwahati,26.1,91.77,161.0,54.6,67.4,107.2,257.5,32.8,24.9,10.7
2026-07-30,Assam,Kamrup,Guwahati,26.1,91.77,161.0,38.1,103.6,121.3,284.2,30.2,25.3,7.8
2026-07-31,Assam,Kamrup,Guwahati,26.1,91.77,161.0,30.6,123.3,145.2,296.1,31.3,25.1,9.7
2026-08-01,Assam,Kamrup,Guwahati,26.1,91.77,161.0,17.9,86.6,159.1,297.8,30.2,25.0,10.4
2026-08-02,Assam,Kamrup,Guwahati,26.1,91.77,161.0,16.0,64.5,170.0,288.4,31.4,24.9,9.7
2026-08-03,Assam,Kamrup,Guwahati,26.1,91.77,161.0,35.6,69.5,203.7,277.0,30.7,25.0,8.0
2026-08-04,Assam,Kamrup,Guwahati,26.1,91.77,161.0,47.0,98.6,239.8,318.3,32.0,25.2,7.5
2026-08-05,Assam,Kamrup,Guwahati,26.1,91.77,161.0,20.1,102.7,205.3,312.5,28.6,25.1,8.3
2026-08-06,Assam,Kamrup,Guwahati,26.1,91.77,161.0,2.0,69.1,169.2,290.5,33.3,25.4,7.0
2026-08-07,Assam,Kamrup,Guwahati,26.1,91.77,161.0,2.6,24.7,141.2,286.4,33.3,26.3,8.5
2026-08-08,Assam,Kamrup,Guwahati,26.1,91.77,161.0,16.0,20.6,139.3,298.4,31.5,25.2,9.9
2026-08-09,Assam,Kamrup,Guwahati,26.1,91.77,161.0,22.2,40.8,145.5,315.5,30.6,24.5,8.7
2026-08-10,Assam,Kamrup,Guwahati,26.1,91.77,161.0,12.3,50.5,122.2,325.9,33.7,24.1,9.4
2026-08-11,Assam,Kamrup,Guwahati,26.1,91.77,161.0,0.5,35.0,75.7,315.5,35.0,26.6,8.5
2026-08-12,Assam,Kamrup,Guwahati,26.1,91.77,161.0,0.4,13.2,56.0,261.3,32.9,27.6,11.7
2026-08-13,Assam,Kamrup,Guwahati,26.1,91.77,161.0,13.9,14.8,67.9,237.1,33.6,26.4,11.2
2026-08-14,Assam,Kamrup,Guwahati,26.1,91.77,161.0,7.9,22.2,73.2,214.4,34.0,25.6,7.4
2026-08-15,Assam,Kamrup,Guwahati,26.1,91.77,161.0,6.3,28.1,63.5,202.8,34.4,26.2,10.8
2026-08-16,Assam,Kamrup,Guwahati,26.1,91.77,161.0,9.9,24.1,51.2,196.7,33.3,25.8,10.7
2026-08-17,Assam,Kamrup,Guwahati,26.1,91.77,161.0,39.1,55.3,78.0,200.2,30.7,25.4,18.2
2026-08-18,Assam,Kamrup,Guwahati,26.1,91.77,161.0,17.7,66.7,95.2,170.9,30.8,26.1,6.4
2026-08-19,Assam,Kamrup,Guwahati,26.1,91.77,161.0,26.8,83.6,121.6,177.6,31.4,25.3,10.3
2026-08-20,Assam,Kamrup,Guwahati,26.1,91.77,161.0,9.8,54.3,117.5,185.4,33.2,25.4,10.5
2026-08-21,Assam,Kamrup,Guwahati,26.1,91.77,161.0,28.0,64.6,137.6,210.8,32.9,25.7,11.4
2026-08-22,Assam,Kamrup,Guwahati,26.1,91.77,161.0,4.9,42.7,136.2,199.7,33.1,26.5,10.3
2026-08-23,Assam,Kamrup,Guwahati,26.1,91.77,161.0,6.9,39.8,133.2,184.4,33.7,26.6,13.3
2026-08-24,Assam,Kamrup,Guwahati,26.1,91.77,161.0,10.3,22.1,104.4,182.4,31.9,25.7,8.8
2026-08-25,Assam,Kamrup,Guwahati,26.1,91.77,161.0,17.8,35.0,104.5,199.7,30.5,25.6,6.9
2026-08-26,Assam,Kamrup,Guwahati,26.1,91.77,161.0,23.8,51.9,101.5,223.1,32.8,25.1,8.8
2026-08-27,Assam,Kamrup,Guwahati,26.1,91.77,161.0,2.7,44.3,94.4,211.9,32.6,26.2,7.3
2026-08-28,Assam,Kamrup,Guwahati,26.1,91.77,161.0,14.3,40.8,80.7,218.3,32.8,25.8,9.3
2026-08-29,Assam,Kamrup,Guwahati,26.1,91.77,161.0,15.6,32.6,91.4,227.6,34.0,25.6,11.4
2026-08-30,Assam,Kamrup,Guwahati,26.1,91.77,161.0,2.4,32.3,86.9,220.1,34.3,26.0,11.2
2026-08-31,Assam,Kamrup,Guwahati,26.1,91.77,161.0,21.3,39.3,97.9,202.3,29.7,25.4,13.2
2026-09-01,Assam,Kamrup,Guwahati,26.1,91.77,161.0,8.0,31.7,88.1,192.6,27.1,24.3,18.2
2026-09-02,Assam,Kamrup,Guwahati,26.1,91.77,161.0,10.4,39.7,74.7,176.2,31.6,23.9,15.8
2026-09-03,Assam,Kamrup,Guwahati,26.1,91.77,161.0,6.8,25.2,78.8,173.2,32.4,24.6,10.7
2026-09-04,Assam,Kamrup,Guwahati,26.1,91.77,161.0,12.2,29.4,76.7,157.4,30.4,25.3,6.9
2026-09-05,Assam,Kamrup,Guwahati,26.1,91.77,161.0,4.5,23.5,65.6,157.0,31.0,25.3,7.6
2026-09-06,Assam,Kamrup,Guwahati,26.1,91.77,161.0,14.4,31.1,77.6,164.5,31.4,24.7,8.8
2026-09-07,Assam,Kamrup,Guwahati,26.1,91.77,161.0,1.5,20.4,57.8,155.7,32.2,25.6,10.1
2026-09-08,Assam,Kamrup,Guwahati,26.1,91.77,161.0,4.8,20.7,54.6,142.7,32.6,25.7,8.6
2025-01-01,Assam,Cachar,Silchar,24.81,92.79,22.0,0.0,0.0,0.0,0.0,25.1,14.1,8.5
2025-01-02,Assam,Cachar,Silchar,24.81,92.79,22.0,0.0,0.0,0.0,0.0,25.5,14.7,7.8
2025-01-03,Assam,Cachar,Silchar,24.81,92.79,22.0,0.0,0.0,0.0,0.0,26.4,15.5,8.4
2025-01-04,Assam,Cachar,Silchar,24.81,92.79,22.0,0.0,0.0,0.0,0.0,27.3,13.9,7.9
2025-01-05,Assam,Cachar,Silchar,24.81,92.79,22.0,0.0,0.0,0.0,0.0,27.7,14.3,8.0
2025-01-06,Assam,Cachar,Silchar,24.81,92.79,22.0,0.0,0.0,0.0,0.0,26.9,15.0,7.8
2025-01-07,Assam,Cachar,Silchar,24.81,92.79,22.0,0.9,0.9,0.9,0.9,25.2,16.5,10.8
2025-01-08,Assam,Cachar,Silchar,24.81,92.79,22.0,0.6,1.5,1.5,1.5,23.2,15.6,12.5
2025-01-09,Assam,Cachar,Silchar,24.81,92.79,22.0,0.0,1.5,1.5,1.5,24.6,13.3,9.4
2025-01-10,Assam,Cachar,Silchar,24.81,92.79,22.0,0.0,0.6,1.5,1.5,25.4,13.9,6.5
2025-01-11,Assam,Cachar,Silchar,24.81,92.79,22.0,0.0,0.0,1.5,1.5,26.5,12.6,6.4
2025-01-12,Assam,Cachar,Silchar,24.81,92.79,22.0,0.0,0.0,1.5,1.5,26.9,13.1,7.5
2025-01-13,Assam,Cachar,Silchar,24.81,92.79,22.0,0.0,0.0,1.5,1.5,26.4,15.4,10.0
2025-01-14,Assam,Cachar,Silchar,24.81,92.79,22.0,0.0,0.0,0.6,1.5,25.8,14.4,8.5
2025-01-15,Assam,Cachar,Silchar,24.81,92.79,22.0,0.0,0.0,0.0,1.5,27.8,13.6,7.4
2025-01-16,Assam,Cachar,Silchar,24.81,92.79,22.0,0.0,0.0,0.0,1.5,27.2,13.4,5.5
2025-01-17,Assam,Cachar,Silchar,24.81,92.79,22.0,0.0,0.0,0.0,1.5,26.9,14.3,7.8
2025-01-18,Assam,Cachar,Silchar,24.81,92.79,22.0,0.0,0.0,0.0,1.5,26.1,14.3,10.5
2025-01-19,Assam,Cachar,Silchar,24.81,92.79,22.0,0.0,0.0,0.0,1.5,26.5,13.8,9.4
2025-01-20,Assam,Cachar,Silchar,24.81,92.79,22.0,0.0,0.0,0.0,1.5,24.8,13.9,8.7
2025-01-21,Assam,Cachar,Silchar,24.81,92.79,22.0,0.0,0.0,0.0,0.6,25.4,14.7,9.2
2025-01-22,Assam,Cachar,Silchar,24.81,92.79,22.0,0.0,0.0,0.0,0.0,25.6,15.5,7.4
2025-01-23,Assam,Cachar,Silchar,24.81,92.79,22.0,0.0,0.0,0.0,0.0,25.5,15.2,8.8
2025-01-24,Assam,Cachar,Silchar,24.81,92.79,22.0,0.0,0.0,0.0,0.0,24.5,15.0,8.9
2025-01-25,Assam,Cachar,Silchar,24.81,92.79,22.0,0.0,0.0,0.0,0.0,25.1,14.8,14.4
2025-01-26,Assam,Cachar,Silchar,24.81,92.79,22.0,0.0,0.0,0.0,0.0,25.4,13.5,9.4
2025-01-27,Assam,Cachar,Silchar,24.81,92.79,22.0,0.0,0.0,0.0,0.0,24.7,13.9,7.4
2025-01-28,Assam,Cachar,Silchar,24.81,92.79,22.0,0.0,0.0,0.0,0.0,24.7,13.9,9.2
2025-01-29,Assam,Cachar,Silchar,24.81,92.79,22.0,0.0,0.0,0.0,0.0,25.0,14.0,9.7
2025-01-30,Assam,Cachar,Silchar,24.81,92.79,22.0,0.9,0.9,0.9,0.9,25.5,14.0,13.7
2025-01-31,Assam,Cachar,Silchar,24.81,92.79,22.0,3.3,4.2,4.2,4.2,24.0,17.1,8.4
2025-02-01,Assam,Cachar,Silchar,24.81,92.79,22.0,1.3,5.5,5.5,5.5,26.2,17.4,10.3
2025-02-02,Assam,Cachar,Silchar,24.81,92.79,22.0,0.6,5.2,6.1,6.1,25.9,15.9,12.9
2025-02-03,Assam,Cachar,Silchar,24.81,92.79,22.0,0.6,2.5,6.7,6.7,26.0,16.3,8.4
2025-02-04,Assam,Cachar,Silchar,24.81,92.79,22.0,0.0,1.2,6.7,6.7,26.3,14.1,8.7
2025-02-05,Assam,Cachar,Silchar,24.81,92.79,22.0,0.0,0.6,6.7,6.7,26.4,15.3,9.7
2025-02-06,Assam,Cachar,Silchar,24.81,92.79,22.0,0.0,0.0,5.8,6.7,27.3,16.8,10.4
2025-02-07,Assam,Cachar,Silchar,24.81,92.79,22.0,0.0,0.0,2.5,6.7,26.6,15.6,13.0
2025-02-08,Assam,Cachar,Silchar,24.81,92.79,22.0,0.0,0.0,1.2,6.7,25.9,13.2,7.6
2025-02-09,Assam,Cachar,Silchar,24.81,92.79,22.0,0.0,0.0,0.6,6.7,25.4,12.5,11.3
2025-02-10,Assam,Cachar,Silchar,24.81,92.79,22.0,0.0,0.0,0.0,6.7,25.4,14.2,9.8
2025-02-11,Assam,Cachar,Silchar,24.81,92.79,22.0,1.2,1.2,1.2,7.9,26.7,14.6,14.3
2025-02-12,Assam,Cachar,Silchar,24.81,92.79,22.0,1.7,2.9,2.9,9.6,25.7,16.8,10.7
2025-02-13,Assam,Cachar,Silchar,24.81,92.79,22.0,2.1,5.0,5.0,10.8,26.2,16.1,13.3
2025-02-14,Assam,Cachar,Silchar,24.81,92.79,22.0,1.6,5.4,6.6,9.1,27.1,16.0,17.3
2025-02-15,Assam,Cachar,Silchar,24.81,92.79,22.0,0.0,3.7,6.6,7.8,26.1,13.7,8.0
2025-02-16,Assam,Cachar,Silchar,24.81,92.79,22.0,0.0,1.6,6.6,7.2,26.5,14.3,13.5
2025-02-17,Assam,Cachar,Silchar,24.81,92.79,22.0,0.2,0.2,6.8,6.8,28.4,15.4,11.2
2025-02-18,Assam,Cachar,Silchar,24.81,92.79,22.0,3.5,3.7,9.1,10.3,28.0,16.5,21.6
2025-02-19,Assam,Cachar,Silchar,24.81,92.79,22.0,6.8,10.5,14.2,17.1,28.4,16.2,12.9
2025-02-20,Assam,Cachar,Silchar,24.81,92.79,22.0,0.0,10.3,12.1,17.1,29.4,16.0,8.3
2025-02-21,Assam,Cachar,Silchar,24.81,92.79,22.0,0.0,6.8,10.5,17.1,29.5,15.6,12.3
2025-02-22,Assam,Cachar,Silchar,24.81,92.79,22.0,0.0,0.0,10.5,17.1,29.3,17.6,11.8
2025-02-23,Assam,Cachar,Silchar,24.81,92.79,22.0,0.8,0.8,11.3,17.9,28.0,16.6,13.0
2025-02-24,Assam,Cachar,Silchar,24.81,92.79,22.0,0.0,0.8,11.1,17.9,28.8,15.7,11.4
2025-02-25,Assam,Cachar,Silchar,24.81,92.79,22.0,0.0,0.8,7.6,16.7,28.6,16.1,12.8
2025-02-26,Assam,Cachar,Silchar,24.81,92.79,22.0,0.0,0.0,0.8,15.0,29.4,15.6,11.8
2025-02-27,Assam,Cachar,Silchar,24.81,92.79,22.0,0.0,0.0,0.8,12.9,29.5,16.0,10.3
2025-02-28,Assam,Cachar,Silchar,24.81,92.79,22.0,0.0,0.0,0.8,11.3,29.3,17.4,12.9
2025-03-01,Assam,Cachar,Silchar,24.81,92.79,22.0,3.9,3.9,4.7,15.2,29.7,18.0,22.8
2025-03-02,Assam,Cachar,Silchar,24.81,92.79,22.0,49.0,52.9,52.9,64.2,25.4,18.0,15.6
2025-03-03,Assam,Cachar,Silchar,24.81,92.79,22.0,0.0,52.9,52.9,64.0,30.4,18.6,16.8
2025-03-04,Assam,Cachar,Silchar,24.81,92.79,22.0,0.0,49.0,52.9,60.5,29.9,17.9,15.7
2025-03-05,Assam,Cachar,Silchar,24.81,92.79,22.0,0.0,0.0,52.9,53.7,28.8,16.6,18.4
2025-03-06,Assam,Cachar,Silchar,24.81,92.79,22.0,0.0,0.0,52.9,53.7,29.8,17.0,10.4
2025-03-07,Assam,Cachar,Silchar,24.81,92.79,22.0,0.0,0.0,52.9,53.7,28.9,16.0,15.3
2025-03-08,Assam,Cachar,Silchar,24.81,92.79,22.0,0.0,0.0,49.0,53.7,29.0,15.5,13.4
2025-03-09,Assam,Cachar,Silchar,24.81,92.79,22.0,0.0,0.0,0.0,52.9,29.4,16.7,11.0
2025-03-10,Assam,Cachar,Silchar,24.81,92.79,22.0,0.0,0.0,0.0,52.9,30.7,16.1,12.3
2025-03-11,Assam,Cachar,Silchar,24.81,92.79,22.0,0.2,0.2,0.2,53.1,28.9,16.9,18.3
2025-03-12,Assam,Cachar,Silchar,24.81,92.79,22.0,1.8,2.0,2.0,54.9,29.7,19.1,21.2
2025-03-13,Assam,Cachar,Silchar,24.81,92.79,22.0,17.1,19.1,19.1,72.0,31.0,18.5,18.6
2025-03-14,Assam,Cachar,Silchar,24.81,92.79,22.0,102.5,121.4,121.6,174.5,25.1,17.9,17.1
2025-03-15,Assam,Cachar,Silchar,24.81,92.79,22.0,72.1,191.7,193.7,242.7,29.8,18.7,14.0
2025-03-16,Assam,Cachar,Silchar,24.81,92.79,22.0,0.2,174.8,193.9,193.9,28.2,19.7,10.8
2025-03-17,Assam,Cachar,Silchar,24.81,92.79,22.0,15.2,87.5,209.1,209.1,26.4,19.8,23.3
2025-03-18,Assam,Cachar,Silchar,24.81,92.79,22.0,16.0,31.4,224.9,225.1,29.5,19.8,18.9
2025-03-19,Assam,Cachar,Silchar,24.81,92.79,22.0,0.9,32.1,224.0,226.0,30.9,19.6,12.3
2025-03-20,Assam,Cachar,Silchar,24.81,92.79,22.0,9.6,26.5,216.5,235.6,27.3,19.2,18.3
2025-03-21,Assam,Cachar,Silchar,24.81,92.79,22.0,1.2,11.7,115.2,236.8,24.1,19.1,9.9
2025-03-22,Assam,Cachar,Silchar,24.81,92.79,22.0,0.4,11.2,43.5,237.2,24.8,18.9,8.8
2025-03-23,Assam,Cachar,Silchar,24.81,92.79,22.0,0.0,1.6,43.3,237.2,30.5,17.8,11.4
2025-03-24,Assam,Cachar,Silchar,24.81,92.79,22.0,0.0,0.4,28.1,237.2,31.1,16.4,12.0
2025-03-25,Assam,Cachar,Silchar,24.81,92.79,22.0,0.0,0.0,12.1,237.0,31.9,17.1,13.4
2025-03-26,Assam,Cachar,Silchar,24.81,92.79,22.0,0.0,0.0,11.2,235.2,32.1,18.2,11.0
2025-03-27,Assam,Cachar,Silchar,24.81,92.79,22.0,0.0,0.0,1.6,218.1,31.9,18.5,11.4
2025-03-28,Assam,Cachar,Silchar,24.81,92.79,22.0,0.0,0.0,0.4,115.6,32.8,20.3,10.7
2025-03-29,Assam,Cachar,Silchar,24.81,92.79,22.0,0.0,0.0,0.0,43.5,33.3,21.5,11.7
2025-03-30,Assam,Cachar,Silchar,24.81,92.79,22.0,0.0,0.0,0.0,43.3,32.3,21.0,13.1
2025-03-31,Assam,Cachar,Silchar,24.81,92.79,22.0,1.2,1.2,1.2,29.3,31.5,20.7,14.8
2025-04-01,Assam,Cachar,Silchar,24.81,92.79,22.0,27.2,28.4,28.4,40.5,31.0,21.5,10.9
2025-04-02,Assam,Cachar,Silchar,24.81,92.79,22.0,9.2,37.6,37.6,48.8,32.0,21.2,9.7
2025-04-03,Assam,Cachar,Silchar,24.81,92.79,22.0,0.0,36.4,37.6,39.2,33.2,22.6,10.1
2025-04-04,Assam,Cachar,Silchar,24.81,92.79,22.0,0.1,9.3,37.7,38.1,32.8,22.8,20.4
2025-04-05,Assam,Cachar,Silchar,24.81,92.79,22.0,6.6,6.7,44.3,44.3,30.8,21.9,15.3
2025-04-06,Assam,Cachar,Silchar,24.81,92.79,22.0,4.0,10.7,48.3,48.3,29.5,20.8,26.9
2025-04-07,Assam,Cachar,Silchar,24.81,92.79,22.0,0.0,10.6,47.1,48.3,33.5,19.7,8.1
2025-04-08,Assam,Cachar,Silchar,24.81,92.79,22.0,0.0,4.0,19.9,48.3,32.4,21.5,15.4
2025-04-09,Assam,Cachar,Silchar,24.81,92.79,22.0,0.0,0.0,10.7,48.3,32.1,21.5,13.5
2025-04-10,Assam,Cachar,Silchar,24.81,92.79,22.0,0.0,0.0,10.7,48.3,32.7,22.6,16.2
2025-04-11,Assam,Cachar,Silchar,24.81,92.79,22.0,1.0,1.0,11.6,49.3,31.6,21.8,14.1
2025-04-12,Assam,Cachar,Silchar,24.81,92.79,22.0,4.8,5.8,9.8,54.1,30.9,21.7,9.2
2025-04-13,Assam,Cachar,Silchar,24.81,92.79,22.0,0.0,5.8,5.8,54.1,32.9,22.4,11.3
2025-04-14,Assam,Cachar,Silchar,24.81,92.79,22.0,0.0,4.8,5.8,52.9,33.5,22.2,13.9
2025-04-15,Assam,Cachar,Silchar,24.81,92.79,22.0,0.0,0.0,5.8,25.7,32.2,22.1,21.5
2025-04-16,Assam,Cachar,Silchar,24.81,92.79,22.0,0.1,0.1,5.9,16.6,30.2,21.4,7.9
2025-04-17,Assam,Cachar,Silchar,24.81,92.79,22.0,0.0,0.1,5.9,16.6,29.8,20.9,14.2
2025-04-18,Assam,Cachar,Silchar,24.81,92.79,22.0,1.3,1.4,6.2,17.8,29.8,21.6,17.3
2025-04-19,Assam,Cachar,Silchar,24.81,92.79,22.0,0.7,2.0,2.1,11.9,31.1,22.1,13.6
2025-04-20,Assam,Cachar,Silchar,24.81,92.79,22.0,30.0,32.0,32.1,37.9,30.1,21.4,13.8
2025-04-21,Assam,Cachar,Silchar,24.81,92.79,22.0,5.3,36.0,37.4,43.2,29.8,21.9,13.3
2025-04-22,Assam,Cachar,Silchar,24.81,92.79,22.0,6.6,41.9,44.0,49.8,29.5,23.0,9.9
2025-04-23,Assam,Cachar,Silchar,24.81,92.79,22.0,5.2,17.1,49.1,55.0,30.0,22.9,13.8
2025-04-24,Assam,Cachar,Silchar,24.81,92.79,22.0,8.2,20.0,57.3,63.2,31.4,22.7,12.8
2025-04-25,Assam,Cachar,Silchar,24.81,92.79,22.0,11.8,25.2,67.8,74.0,30.8,21.8,24.3
2025-04-26,Assam,Cachar,Silchar,24.81,92.79,22.0,2.7,22.7,69.8,71.9,31.6,22.1,12.4
2025-04-27,Assam,Cachar,Silchar,24.81,92.79,22.0,1.0,15.5,40.8,72.9,32.4,22.8,9.2
2025-04-28,Assam,Cachar,Silchar,24.81,92.79,22.0,22.8,26.5,58.3,95.7,30.3,22.0,15.0
2025-04-29,Assam,Cachar,Silchar,24.81,92.79,22.0,0.1,23.9,51.8,95.8,31.3,20.7,11.0
2025-04-30,Assam,Cachar,Silchar,24.81,92.79,22.0,0.0,22.9,46.6,95.7,32.6,20.6,8.5
2025-05-01,Assam,Cachar,Silchar,24.81,92.79,22.0,20.0,20.1,58.4,115.7,30.8,22.0,25.4
2025-05-02,Assam,Cachar,Silchar,24.81,92.79,22.0,8.5,28.5,55.1,122.9,31.5,21.8,11.7
2025-05-03,Assam,Cachar,Silchar,24.81,92.79,22.0,0.9,29.4,53.3,123.1,30.0,20.5,7.6
2025-05-04,Assam,Cachar,Silchar,24.81,92.79,22.0,0.4,9.8,52.7,93.5,31.8,21.5,10.6
2025-05-05,Assam,Cachar,Silchar,24.81,92.79,22.0,3.6,4.9,33.5,91.8,32.3,22.7,13.1
2025-05-06,Assam,Cachar,Silchar,24.81,92.79,22.0,0.7,4.7,34.1,85.9,31.7,22.2,11.8
2025-05-07,Assam,Cachar,Silchar,24.81,92.79,22.0,0.0,4.3,34.1,80.7,31.9,23.3,13.6
2025-05-08,Assam,Cachar,Silchar,24.81,92.79,22.0,16.4,17.1,30.5,88.9,31.6,22.5,15.3
2025-05-09,Assam,Cachar,Silchar,24.81,92.79,22.0,0.0,16.4,22.0,77.1,33.4,25.0,10.2
2025-05-10,Assam,Cachar,Silchar,24.81,92.79,22.0,0.2,16.6,21.3,74.6,34.5,25.2,10.6
2025-05-11,Assam,Cachar,Silchar,24.81,92.79,22.0,2.0,2.2,22.9,75.6,33.9,25.8,7.7
2025-05-12,Assam,Cachar,Silchar,24.81,92.79,22.0,7.8,10.0,27.1,60.6,30.6,25.0,9.8
2025-05-13,Assam,Cachar,Silchar,24.81,92.79,22.0,16.7,26.5,43.1,77.2,31.2,23.5,14.4
2025-05-14,Assam,Cachar,Silchar,24.81,92.79,22.0,18.5,43.0,61.6,95.7,32.6,23.2,13.2
2025-05-15,Assam,Cachar,Silchar,24.81,92.79,22.0,5.9,41.1,51.1,81.6,32.3,23.3,13.0
2025-05-16,Assam,Cachar,Silchar,24.81,92.79,22.0,13.9,38.3,65.0,87.0,31.7,22.8,15.7
2025-05-17,Assam,Cachar,Silchar,24.81,92.79,22.0,9.5,29.3,74.3,95.6,32.0,23.1,11.3
2025-05-18,Assam,Cachar,Silchar,24.81,92.79,22.0,14.1,37.5,86.4,109.3,32.3,22.9,12.1
2025-05-19,Assam,Cachar,Silchar,24.81,92.79,22.0,1.3,24.9,79.9,107.0,32.3,23.8,18.3
2025-05-20,Assam,Cachar,Silchar,24.81,92.79,22.0,8.0,23.4,71.2,114.3,27.5,23.1,14.6
2025-05-21,Assam,Cachar,Silchar,24.81,92.79,22.0,5.0,14.3,57.7,119.3,29.6,23.7,9.2
2025-05-22,Assam,Cachar,Silchar,24.81,92.79,22.0,13.2,26.2,65.0,116.1,30.1,23.3,8.7
2025-05-23,Assam,Cachar,Silchar,24.81,92.79,22.0,31.0,49.2,82.1,147.1,32.5,22.9,10.6
2025-05-24,Assam,Cachar,Silchar,24.81,92.79,22.0,28.1,72.3,100.7,175.0,32.4,24.1,17.5
2025-05-25,Assam,Cachar,Silchar,24.81,92.79,22.0,26.0,85.1,112.6,199.0,34.4,24.8,12.8
2025-05-26,Assam,Cachar,Silchar,24.81,92.79,22.0,17.5,71.6,128.8,208.7,32.7,24.9,14.3
2025-05-27,Assam,Cachar,Silchar,24.81,92.79,22.0,0.5,44.0,121.3,192.5,36.1,25.0,16.0
2025-05-28,Assam,Cachar,Silchar,24.81,92.79,22.0,22.8,40.8,139.1,196.8,31.7,26.6,21.0
2025-05-29,Assam,Cachar,Silchar,24.81,92.79,22.0,34.6,57.9,160.5,225.5,28.3,25.1,21.2
2025-05-30,Assam,Cachar,Silchar,24.81,92.79,22.0,96.6,154.0,226.1,308.2,27.1,24.9,21.8
2025-05-31,Assam,Cachar,Silchar,24.81,92.79,22.0,52.0,183.2,250.0,350.7,26.9,24.7,17.2
2025-06-01,Assam,Cachar,Silchar,24.81,92.79,22.0,34.1,182.7,258.1,370.7,28.2,24.5,7.9
2025-06-02,Assam,Cachar,Silchar,24.81,92.79,22.0,20.6,106.7,261.2,390.0,31.0,24.3,16.9
2025-06-03,Assam,Cachar,Silchar,24.81,92.79,22.0,7.6,62.3,268.3,389.6,29.7,22.9,11.5
2025-06-04,Assam,Cachar,Silchar,24.81,92.79,22.0,8.4,36.6,253.9,393.0,32.5,23.0,15.8
2025-06-05,Assam,Cachar,Silchar,24.81,92.79,22.0,10.6,26.6,229.9,390.4,31.8,22.6,13.5
2025-06-06,Assam,Cachar,Silchar,24.81,92.79,22.0,2.8,21.8,136.1,362.2,31.2,23.9,9.1
2025-06-07,Assam,Cachar,Silchar,24.81,92.79,22.0,0.6,14.0,84.7,334.7,32.7,25.3,9.4
2025-06-08,Assam,Cachar,Silchar,24.81,92.79,22.0,3.6,7.0,54.2,312.3,33.7,25.0,7.5
2025-06-09,Assam,Cachar,Silchar,24.81,92.79,22.0,5.2,9.4,38.8,300.0,34.1,25.3,12.5
2025-06-10,Assam,Cachar,Silchar,24.81,92.79,22.0,15.2,24.0,46.4,314.7,36.0,24.7,15.5
2025-06-11,Assam,Cachar,Silchar,24.81,92.79,22.0,13.6,34.0,51.6,305.5,35.9,25.3,13.1
2025-06-12,Assam,Cachar,Silchar,24.81,92.79,22.0,0.3,29.1,41.3,271.2,35.8,25.1,13.3
2025-06-13,Assam,Cachar,Silchar,24.81,92.79,22.0,3.0,16.9,41.5,177.6,35.2,26.5,19.9
2025-06-14,Assam,Cachar,Silchar,24.81,92.79,22.0,6.0,9.3,46.9,131.6,32.5,26.2,11.1
2025-06-15,Assam,Cachar,Silchar,24.81,92.79,22.0,18.8,27.8,62.1,116.3,33.1,25.3,14.3
2025-06-16,Assam,Cachar,Silchar,24.81,92.79,22.0,14.1,38.9,71.0,109.8,32.5,25.1,14.6
2025-06-17,Assam,Cachar,Silchar,24.81,92.79,22.0,32.1,65.0,87.9,134.3,32.7,25.5,10.5
2025-06-18,Assam,Cachar,Silchar,24.81,92.79,22.0,28.2,74.4,102.5,154.1,32.7,25.7,11.4
2025-06-19,Assam,Cachar,Silchar,24.81,92.79,22.0,26.1,86.4,128.3,169.6,32.1,25.4,14.9
2025-06-20,Assam,Cachar,Silchar,24.81,92.79,22.0,20.3,74.6,145.6,187.1,31.8,25.3,16.2
2025-06-21,Assam,Cachar,Silchar,24.81,92.79,22.0,19.6,66.0,159.2,206.1,30.9,25.4,12.7
2025-06-22,Assam,Cachar,Silchar,24.81,92.79,22.0,11.7,51.6,152.1,214.2,31.9,25.3,11.6
2025-06-23,Assam,Cachar,Silchar,24.81,92.79,22.0,20.9,52.2,158.9,229.9,30.8,25.0,7.3
2025-06-24,Assam,Cachar,Silchar,24.81,92.79,22.0,18.6,51.2,145.4,233.3,33.3,24.7,9.8
2025-06-25,Assam,Cachar,Silchar,24.81,92.79,22.0,54.8,94.3,172.0,274.5,33.0,25.3,12.6
2025-06-26,Assam,Cachar,Silchar,24.81,92.79,22.0,30.2,103.6,176.1,304.4,33.3,24.6,13.5
2025-06-27,Assam,Cachar,Silchar,24.81,92.79,22.0,15.0,100.0,170.8,316.4,32.5,24.3,12.8
2025-06-28,Assam,Cachar,Silchar,24.81,92.79,22.0,3.5,48.7,154.7,313.9,33.2,24.8,11.9
2025-06-29,Assam,Cachar,Silchar,24.81,92.79,22.0,8.1,26.6,151.1,303.2,33.7,24.9,13.6
2025-06-30,Assam,Cachar,Silchar,24.81,92.79,22.0,41.6,53.2,171.8,330.7,33.2,25.2,9.8
2025-07-01,Assam,Cachar,Silchar,24.81,92.79,22.0,35.1,84.8,188.3,333.7,33.8,25.2,18.9
2025-07-02,Assam,Cachar,Silchar,24.81,92.79,22.0,9.4,86.1,142.9,314.9,32.6,25.0,12.1
2025-07-03,Assam,Cachar,Silchar,24.81,92.79,22.0,13.6,58.1,126.3,302.4,33.0,25.5,14.8
2025-07-04,Assam,Cachar,Silchar,24.81,92.79,22.0,20.7,43.7,132.0,302.8,33.7,25.4,18.6
2025-07-05,Assam,Cachar,Silchar,24.81,92.79,22.0,16.0,50.3,144.5,299.2,33.5,25.2,16.0
2025-07-06,Assam,Cachar,Silchar,24.81,92.79,22.0,1.0,37.7,137.4,288.5,31.8,25.4,12.4
2025-07-07,Assam,Cachar,Silchar,24.81,92.79,22.0,14.4,31.4,110.2,282.0,33.7,25.9,12.1
2025-07-08,Assam,Cachar,Silchar,24.81,92.79,22.0,32.4,47.8,107.5,295.8,28.0,25.3,11.1
2025-07-09,Assam,Cachar,Silchar,24.81,92.79,22.0,34.3,81.1,132.4,275.3,28.7,24.3,8.7
2025-07-10,Assam,Cachar,Silchar,24.81,92.79,22.0,2.1,68.8,120.9,247.2,32.5,24.1,14.0
2025-07-11,Assam,Cachar,Silchar,24.81,92.79,22.0,4.9,41.3,105.1,237.1,33.6,25.1,11.3
2025-07-12,Assam,Cachar,Silchar,24.81,92.79,22.0,6.1,13.1,95.2,239.7,34.7,25.6,7.7
2025-07-13,Assam,Cachar,Silchar,24.81,92.79,22.0,0.9,11.9,95.1,232.5,36.1,26.1,18.1
2025-07-14,Assam,Cachar,Silchar,24.81,92.79,22.0,28.7,35.7,109.4,219.6,30.9,25.3,9.7
2025-07-15,Assam,Cachar,Silchar,24.81,92.79,22.0,12.1,41.7,89.1,196.6,32.3,24.7,13.8
2025-07-16,Assam,Cachar,Silchar,24.81,92.79,22.0,15.6,56.4,70.4,202.8,31.1,24.3,12.4
2025-07-17,Assam,Cachar,Silchar,24.81,92.79,22.0,24.4,52.1,92.7,213.6,31.5,24.5,11.3
2025-07-18,Assam,Cachar,Silchar,24.81,92.79,22.0,14.2,54.2,102.0,207.1,32.5,24.5,11.4
2025-07-19,Assam,Cachar,Silchar,24.81,92.79,22.0,9.9,48.5,105.8,201.0,31.9,25.2,10.4
2025-07-20,Assam,Cachar,Silchar,24.81,92.79,22.0,36.9,61.0,141.8,236.9,30.7,25.2,8.7
2025-07-21,Assam,Cachar,Silchar,24.81,92.79,22.0,8.5,55.3,121.6,231.0,34.4,25.9,10.7
2025-07-22,Assam,Cachar,Silchar,24.81,92.79,22.0,14.3,59.7,123.8,212.9,33.7,25.8,11.8
2025-07-23,Assam,Cachar,Silchar,24.81,92.79,22.0,9.8,32.6,118.0,188.4,34.7,25.3,13.3
2025-07-24,Assam,Cachar,Silchar,24.81,92.79,22.0,23.2,47.3,116.8,209.5,34.3,26.1,22.0
2025-07-25,Assam,Cachar,Silchar,24.81,92.79,22.0,12.2,45.2,114.8,216.8,36.8,26.1,20.9
2025-07-26,Assam,Cachar,Silchar,24.81,92.79,22.0,16.0,51.4,120.9,226.7,31.8,25.8,14.1
2025-07-27,Assam,Cachar,Silchar,24.81,92.79,22.0,33.8,62.0,117.8,259.6,30.4,25.3,10.9
2025-07-28,Assam,Cachar,Silchar,24.81,92.79,22.0,14.3,64.1,123.6,245.2,30.7,25.6,8.5
2025-07-29,Assam,Cachar,Silchar,24.81,92.79,22.0,21.0,69.1,130.3,254.1,32.9,25.2,13.4
2025-07-30,Assam,Cachar,Silchar,24.81,92.79,22.0,4.3,39.6,124.8,242.8,32.5,25.2,20.1
2025-07-31,Assam,Cachar,Silchar,24.81,92.79,22.0,18.0,43.3,119.6,236.4,32.1,24.9,14.7
2025-08-01,Assam,Cachar,Silchar,24.81,92.79,22.0,12.4,34.7,119.8,234.6,31.9,25.0,15.2
2025-08-02,Assam,Cachar,Silchar,24.81,92.79,22.0,29.2,59.6,133.0,253.9,28.4,25.6,6.5
2025-08-03,Assam,Cachar,Silchar,24.81,92.79,22.0,16.7,58.3,115.9,233.7,30.3,25.2,14.4
2025-08-04,Assam,Cachar,Silchar,24.81,92.79,22.0,69.1,115.0,170.7,294.3,29.8,24.5,13.3
2025-08-05,Assam,Cachar,Silchar,24.81,92.79,22.0,25.6,111.4,175.3,305.6,30.3,24.2,15.0
2025-08-06,Assam,Cachar,Silchar,24.81,92.79,22.0,13.5,108.2,184.5,309.3,30.5,24.6,11.0
2025-08-07,Assam,Cachar,Silchar,24.81,92.79,22.0,13.0,52.1,179.5,299.1,30.9,24.8,8.1
2025-08-08,Assam,Cachar,Silchar,24.81,92.79,22.0,7.3,33.8,174.4,294.2,30.7,24.9,14.0
2025-08-09,Assam,Cachar,Silchar,24.81,92.79,22.0,3.7,24.0,148.9,281.9,30.9,24.8,14.2
2025-08-10,Assam,Cachar,Silchar,24.81,92.79,22.0,13.7,24.7,145.9,261.8,30.1,25.0,6.4
2025-08-11,Assam,Cachar,Silchar,24.81,92.79,22.0,14.6,32.0,91.4,262.1,32.3,24.7,8.4
2025-08-12,Assam,Cachar,Silchar,24.81,92.79,22.0,16.4,44.7,82.2,257.5,30.9,25.2,8.5
2025-08-13,Assam,Cachar,Silchar,24.81,92.79,22.0,6.3,37.3,75.0,259.5,28.5,25.9,9.1
2025-08-14,Assam,Cachar,Silchar,24.81,92.79,22.0,11.6,34.3,73.6,253.1,31.8,24.9,11.4
2025-08-15,Assam,Cachar,Silchar,24.81,92.79,22.0,12.1,30.0,78.4,252.8,32.8,24.1,17.8
2025-08-16,Assam,Cachar,Silchar,24.81,92.79,22.0,4.0,27.7,78.7,227.6,34.4,25.4,12.2
2025-08-17,Assam,Cachar,Silchar,24.81,92.79,22.0,1.7,17.8,66.7,212.6,35.8,25.5,16.1
2025-08-18,Assam,Cachar,Silchar,24.81,92.79,22.0,39.3,45.0,91.4,182.8,34.2,25.4,10.4
2025-08-19,Assam,Cachar,Silchar,24.81,92.79,22.0,47.6,88.6,122.6,204.8,32.8,25.0,14.1
2025-08-20,Assam,Cachar,Silchar,24.81,92.79,22.0,20.2,107.1,136.5,211.5,31.9,24.5,15.6
2025-08-21,Assam,Cachar,Silchar,24.81,92.79,22.0,15.2,83.0,140.1,213.7,31.8,23.9,13.5
2025-08-22,Assam,Cachar,Silchar,24.81,92.79,22.0,22.5,57.9,150.5,228.9,32.0,24.4,11.4
2025-08-23,Assam,Cachar,Silchar,24.81,92.79,22.0,34.1,71.8,180.6,259.3,32.6,24.9,12.8
2025-08-24,Assam,Cachar,Silchar,24.81,92.79,22.0,7.6,64.2,186.5,253.2,31.6,24.6,12.6
2025-08-25,Assam,Cachar,Silchar,24.81,92.79,22.0,4.7,46.4,151.9,243.3,33.7,24.9,10.9
2025-08-26,Assam,Cachar,Silchar,24.81,92.79,22.0,13.4,25.7,117.7,240.3,34.0,24.8,13.7
2025-08-27,Assam,Cachar,Silchar,24.81,92.79,22.0,48.2,66.3,145.7,282.2,32.9,24.4,16.2
2025-08-28,Assam,Cachar,Silchar,24.81,92.79,22.0,19.5,81.1,150.0,290.1,30.7,24.3,11.5
2025-08-29,Assam,Cachar,Silchar,24.81,92.79,22.0,8.4,76.1,135.9,286.4,31.4,24.3,14.5
2025-08-30,Assam,Cachar,Silchar,24.81,92.79,22.0,11.2,39.1,113.0,293.6,32.3,24.4,15.4
2025-08-31,Assam,Cachar,Silchar,24.81,92.79,22.0,6.2,25.8,111.6,298.1,33.7,24.9,10.0
2025-09-01,Assam,Cachar,Silchar,24.81,92.79,22.0,0.0,17.4,106.9,258.8,36.7,26.2,20.2
2025-09-02,Assam,Cachar,Silchar,24.81,92.79,22.0,17.1,23.3,110.6,228.3,34.1,26.0,14.1
2025-09-03,Assam,Cachar,Silchar,24.81,92.79,22.0,49.7,66.8,112.1,257.8,34.7,24.9,13.1
2025-09-04,Assam,Cachar,Silchar,24.81,92.79,22.0,45.8,112.6,138.4,288.4,33.0,24.5,13.3
2025-09-05,Assam,Cachar,Silchar,24.81,92.79,22.0,10.6,106.1,140.6,276.5,32.1,24.8,17.3
2025-09-06,Assam,Cachar,Silchar,24.81,92.79,22.0,9.9,66.3,139.3,252.3,32.6,24.4,7.8
2025-09-07,Assam,Cachar,Silchar,24.81,92.79,22.0,13.3,33.8,146.4,258.0,32.8,24.3,12.1
2025-09-08,Assam,Cachar,Silchar,24.81,92.79,22.0,14.9,38.1,161.3,268.2,31.1,24.5,9.6
2025-09-09,Assam,Cachar,Silchar,24.81,92.79,22.0,17.1,45.3,161.3,271.9,31.6,24.5,9.9
2025-09-10,Assam,Cachar,Silchar,24.81,92.79,22.0,12.2,44.2,123.8,235.9,30.9,25.0,9.4
2025-09-11,Assam,Cachar,Silchar,24.81,92.79,22.0,27.2,56.5,105.2,243.6,31.9,24.8,10.9
2025-09-12,Assam,Cachar,Silchar,24.81,92.79,22.0,21.8,61.2,116.4,257.0,30.8,24.8,9.3
2025-09-13,Assam,Cachar,Silchar,24.81,92.79,22.0,49.7,98.7,156.2,295.5,28.9,24.4,6.2
2025-09-14,Assam,Cachar,Silchar,24.81,92.79,22.0,22.1,93.6,165.0,311.4,27.9,24.7,10.7
2025-09-15,Assam,Cachar,Silchar,24.81,92.79,22.0,14.5,86.3,164.6,325.9,29.1,24.3,11.5
2025-09-16,Assam,Cachar,Silchar,24.81,92.79,22.0,11.9,48.5,159.4,320.7,30.1,23.8,15.4
2025-09-17,Assam,Cachar,Silchar,24.81,92.79,22.0,2.6,29.0,149.8,273.6,31.0,24.1,11.8
2025-09-18,Assam,Cachar,Silchar,24.81,92.79,22.0,19.8,34.3,142.4,247.6,30.0,24.1,7.8
2025-09-19,Assam,Cachar,Silchar,24.81,92.79,22.0,0.8,23.2,121.4,237.8,32.6,25.4,10.3
2025-09-20,Assam,Cachar,Silchar,24.81,92.79,22.0,3.4,24.0,75.1,231.3,33.3,25.3,12.0
2025-09-21,Assam,Cachar,Silchar,24.81,92.79,22.0,4.9,9.1,57.9,222.9,34.2,25.1,8.9
2025-09-22,Assam,Cachar,Silchar,24.81,92.79,22.0,17.2,25.5,60.6,225.2,32.2,24.8,15.5
2025-09-23,Assam,Cachar,Silchar,24.81,92.79,22.0,8.3,30.4,57.0,216.4,33.0,24.5,11.3
2025-09-24,Assam,Cachar,Silchar,24.81,92.79,22.0,10.8,36.3,65.2,215.0,33.4,24.5,12.5
2025-09-25,Assam,Cachar,Silchar,24.81,92.79,22.0,0.0,19.1,45.4,187.8,36.1,25.6,11.9
2025-09-26,Assam,Cachar,Silchar,24.81,92.79,22.0,0.9,11.7,45.5,166.9,37.6,25.9,22.2
2025-09-27,Assam,Cachar,Silchar,24.81,92.79,22.0,0.6,1.5,42.7,117.8,32.4,25.1,11.8
2025-09-28,Assam,Cachar,Silchar,24.81,92.79,22.0,12.9,14.4,50.7,108.6,32.6,25.6,17.3
2025-09-29,Assam,Cachar,Silchar,24.81,92.79,22.0,2.6,16.1,36.1,96.7,32.9,25.2,5.7
2025-09-30,Assam,Cachar,Silchar,24.81,92.79,22.0,24.4,39.9,52.2,109.2,34.6,25.6,10.7
2025-10-01,Assam,Cachar,Silchar,24.81,92.79,22.0,16.2,43.2,57.6,122.8,30.1,24.5,11.2
2025-10-02,Assam,Cachar,Silchar,24.81,92.79,22.0,20.4,61.0,78.0,123.4,30.5,24.6,9.3
2025-10-03,Assam,Cachar,Silchar,24.81,92.79,22.0,0.5,37.1,77.6,123.1,31.4,24.7,13.4
2025-10-04,Assam,Cachar,Silchar,24.81,92.79,22.0,7.6,28.5,84.6,127.3,31.2,24.4,10.4
2025-10-05,Assam,Cachar,Silchar,24.81,92.79,22.0,5.0,13.1,76.7,127.4,30.8,24.0,14.9
2025-10-06,Assam,Cachar,Silchar,24.81,92.79,22.0,1.4,14.0,75.5,111.6,30.6,24.0,13.3
2025-10-07,Assam,Cachar,Silchar,24.81,92.79,22.0,4.8,11.2,55.9,108.1,30.8,23.9,10.4
2025-10-08,Assam,Cachar,Silchar,24.81,92.79,22.0,9.4,15.6,49.1,106.7,29.9,23.9,8.9
2025-10-09,Assam,Cachar,Silchar,24.81,92.79,22.0,8.6,22.8,37.3,115.3,30.8,23.5,6.7
2025-10-10,Assam,Cachar,Silchar,24.81,92.79,22.0,26.1,44.1,62.9,140.5,31.3,24.1,11.0
2025-10-11,Assam,Cachar,Silchar,24.81,92.79,22.0,24.9,59.6,80.2,164.8,29.9,23.8,11.4
2025-10-12,Assam,Cachar,Silchar,24.81,92.79,22.0,9.6,60.6,84.8,161.5,30.3,23.1,8.8
2025-10-13,Assam,Cachar,Silchar,24.81,92.79,22.0,0.0,34.5,83.4,158.9,31.7,23.7,8.7
2025-10-14,Assam,Cachar,Silchar,24.81,92.79,22.0,0.2,9.8,78.8,134.7,33.0,24.1,9.2
2025-10-15,Assam,Cachar,Silchar,24.81,92.79,22.0,2.1,2.3,71.5,120.6,32.8,23.4,10.6
2025-10-16,Assam,Cachar,Silchar,24.81,92.79,22.0,0.5,2.8,63.4,100.7,32.2,23.6,10.4
2025-10-17,Assam,Cachar,Silchar,24.81,92.79,22.0,0.0,2.6,37.3,100.2,32.7,24.0,15.3
2025-10-18,Assam,Cachar,Silchar,24.81,92.79,22.0,0.6,1.1,13.0,93.2,32.8,23.3,8.3
2025-10-19,Assam,Cachar,Silchar,24.81,92.79,22.0,0.0,0.6,3.4,88.2,32.6,23.6,13.0
2025-10-20,Assam,Cachar,Silchar,24.81,92.79,22.0,4.0,4.6,7.4,90.8,33.5,24.2,14.3
2025-10-21,Assam,Cachar,Silchar,24.81,92.79,22.0,0.0,4.0,7.2,86.0,33.4,23.5,7.9
2025-10-22,Assam,Cachar,Silchar,24.81,92.79,22.0,0.0,4.0,5.1,76.6,33.4,24.6,7.9
2025-10-23,Assam,Cachar,Silchar,24.81,92.79,22.0,2.2,2.2,6.8,70.2,32.3,23.3,13.2
2025-10-24,Assam,Cachar,Silchar,24.81,92.79,22.0,1.1,3.3,7.9,45.2,31.3,23.2,13.1
2025-10-25,Assam,Cachar,Silchar,24.81,92.79,22.0,0.1,3.4,7.4,20.4,31.8,21.9,14.3
2025-10-26,Assam,Cachar,Silchar,24.81,92.79,22.0,0.0,1.2,7.4,10.8,32.0,23.7,6.9
2025-10-27,Assam,Cachar,Silchar,24.81,92.79,22.0,0.0,0.1,3.4,10.8,33.3,23.4,9.4
2025-10-28,Assam,Cachar,Silchar,24.81,92.79,22.0,0.9,0.9,4.3,11.5,32.1,23.0,12.0
2025-10-29,Assam,Cachar,Silchar,24.81,92.79,22.0,0.4,1.3,4.7,9.8,31.9,23.7,9.2
2025-10-30,Assam,Cachar,Silchar,24.81,92.79,22.0,0.1,1.4,2.6,9.4,32.6,24.3,11.8
2025-10-31,Assam,Cachar,Silchar,24.81,92.79,22.0,0.5,1.0,2.0,9.9,31.9,24.3,9.9
2025-11-01,Assam,Cachar,Silchar,24.81,92.79,22.0,0.0,0.6,1.9,9.3,29.5,24.1,6.9
2025-11-02,Assam,Cachar,Silchar,24.81,92.79,22.0,23.5,24.0,25.4,32.8,29.7,23.1,10.0
2025-11-03,Assam,Cachar,Silchar,24.81,92.79,22.0,3.0,26.5,28.4,31.8,30.3,21.8,9.2
2025-11-04,Assam,Cachar,Silchar,24.81,92.79,22.0,0.0,26.5,27.5,31.8,31.3,23.2,17.7
2025-11-05,Assam,Cachar,Silchar,24.81,92.79,22.0,3.9,6.9,31.0,35.7,28.1,24.5,15.0
2025-11-06,Assam,Cachar,Silchar,24.81,92.79,22.0,8.1,12.0,39.0,41.6,29.0,23.0,6.3
2025-11-07,Assam,Cachar,Silchar,24.81,92.79,22.0,0.0,12.0,38.5,40.5,30.6,22.9,11.9
2025-11-08,Assam,Cachar,Silchar,24.81,92.79,22.0,0.0,8.1,38.5,40.4,32.1,21.7,7.9
2025-11-09,Assam,Cachar,Silchar,24.81,92.79,22.0,0.0,0.0,15.0,40.4,30.7,20.8,7.2
2025-11-10,Assam,Cachar,Silchar,24.81,92.79,22.0,0.0,0.0,12.0,40.4,29.7,21.9,8.7
2025-11-11,Assam,Cachar,Silchar,24.81,92.79,22.0,0.0,0.0,12.0,39.5,29.6,20.5,7.9
2025-11-12,Assam,Cachar,Silchar,24.81,92.79,22.0,0.0,0.0,8.1,39.1,29.4,19.1,7.2
2025-11-13,Assam,Cachar,Silchar,24.81,92.79,22.0,0.0,0.0,0.0,39.0,29.7,19.3,8.4
2025-11-14,Assam,Cachar,Silchar,24.81,92.79,22.0,0.0,0.0,0.0,38.5,28.7,18.0,10.0
2025-11-15,Assam,Cachar,Silchar,24.81,92.79,22.0,0.0,0.0,0.0,38.5,29.8,16.8,7.4
2025-11-16,Assam,Cachar,Silchar,24.81,92.79,22.0,0.0,0.0,0.0,15.0,29.6,17.5,10.0
2025-11-17,Assam,Cachar,Silchar,24.81,92.79,22.0,0.0,0.0,0.0,12.0,30.2,16.9,9.9
2025-11-18,Assam,Cachar,Silchar,24.81,92.79,22.0,0.0,0.0,0.0,12.0,29.9,17.9,10.6
2025-11-19,Assam,Cachar,Silchar,24.81,92.79,22.0,0.0,0.0,0.0,8.1,30.3,17.5,7.0
2025-11-20,Assam,Cachar,Silchar,24.81,92.79,22.0,0.0,0.0,0.0,0.0,29.3,19.5,8.7
2025-11-21,Assam,Cachar,Silchar,24.81,92.79,22.0,0.2,0.2,0.2,0.2,28.4,19.1,8.0
2025-11-22,Assam,Cachar,Silchar,24.81,92.79,22.0,0.0,0.2,0.2,0.2,27.2,18.8,9.7
2025-11-23,Assam,Cachar,Silchar,24.81,92.79,22.0,0.0,0.2,0.2,0.2,26.7,16.9,7.1
2025-11-24,Assam,Cachar,Silchar,24.81,92.79,22.0,0.0,0.0,0.2,0.2,28.1,16.6,11.5
2025-11-25,Assam,Cachar,Silchar,24.81,92.79,22.0,0.0,0.0,0.2,0.2,27.8,15.4,7.5
2025-11-26,Assam,Cachar,Silchar,24.81,92.79,22.0,0.0,0.0,0.2,0.2,28.2,15.4,8.5
2025-11-27,Assam,Cachar,Silchar,24.81,92.79,22.0,0.0,0.0,0.2,0.2,29.3,15.6,18.6
2025-11-28,Assam,Cachar,Silchar,24.81,92.79,22.0,0.0,0.0,0.0,0.2,28.4,15.5,9.8
2025-11-29,Assam,Cachar,Silchar,24.81,92.79,22.0,0.0,0.0,0.0,0.2,27.4,16.1,7.3
2025-11-30,Assam,Cachar,Silchar,24.81,92.79,22.0,0.0,0.0,0.0,0.2,27.0,15.3,6.5
2025-12-01,Assam,Cachar,Silchar,24.81,92.79,22.0,0.0,0.0,0.0,0.2,26.9,16.3,7.3
2025-12-02,Assam,Cachar,Silchar,24.81,92.79,22.0,0.0,0.0,0.0,0.2,26.8,17.0,7.0
2025-12-03,Assam,Cachar,Silchar,24.81,92.79,22.0,0.0,0.0,0.0,0.2,26.7,15.8,5.9
2025-12-04,Assam,Cachar,Silchar,24.81,92.79,22.0,0.0,0.0,0.0,0.2,27.2,16.6,8.8
2025-12-05,Assam,Cachar,Silchar,24.81,92.79,22.0,0.0,0.0,0.0,0.0,27.2,14.0,6.7
2025-12-06,Assam,Cachar,Silchar,24.81,92.79,22.0,0.0,0.0,0.0,0.0,26.3,13.1,6.6
2025-12-07,Assam,Cachar,Silchar,24.81,92.79,22.0,0.0,0.0,0.0,0.0,26.3,13.3,8.5
2025-12-08,Assam,Cachar,Silchar,24.81,92.79,22.0,0.0,0.0,0.0,0.0,26.5,13.8,6.9
2025-12-09,Assam,Cachar,Silchar,24.81,92.79,22.0,0.0,0.0,0.0,0.0,26.7,15.4,5.8
2025-12-10,Assam,Cachar,Silchar,24.81,92.79,22.0,0.0,0.0,0.0,0.0,26.5,13.6,6.3
2025-12-11,Assam,Cachar,Silchar,24.81,92.79,22.0,0.0,0.0,0.0,0.0,26.7,12.8,7.1
2025-12-12,Assam,Cachar,Silchar,24.81,92.79,22.0,0.0,0.0,0.0,0.0,26.8,12.7,7.3
2025-12-13,Assam,Cachar,Silchar,24.81,92.79,22.0,0.0,0.0,0.0,0.0,27.2,13.0,8.0
2025-12-14,Assam,Cachar,Silchar,24.81,92.79,22.0,0.0,0.0,0.0,0.0,27.6,13.5,9.1
2025-12-15,Assam,Cachar,Silchar,24.81,92.79,22.0,0.0,0.0,0.0,0.0,26.9,13.8,7.9
2025-12-16,Assam,Cachar,Silchar,24.81,92.79,22.0,0.0,0.0,0.0,0.0,26.0,14.9,9.0
2025-12-17,Assam,Cachar,Silchar,24.81,92.79,22.0,0.0,0.0,0.0,0.0,27.5,13.9,11.0
2025-12-18,Assam,Cachar,Silchar,24.81,92.79,22.0,0.0,0.0,0.0,0.0,27.4,14.2,10.5
2025-12-19,Assam,Cachar,Silchar,24.81,92.79,22.0,0.0,0.0,0.0,0.0,26.3,14.9,7.3
2025-12-20,Assam,Cachar,Silchar,24.81,92.79,22.0,0.0,0.0,0.0,0.0,26.0,14.7,9.2
2025-12-21,Assam,Cachar,Silchar,24.81,92.79,22.0,0.0,0.0,0.0,0.0,26.6,13.6,7.3
2025-12-22,Assam,Cachar,Silchar,24.81,92.79,22.0,0.0,0.0,0.0,0.0,26.9,13.9,8.2
2025-12-23,Assam,Cachar,Silchar,24.81,92.79,22.0,0.0,0.0,0.0,0.0,26.0,15.3,8.4
2025-12-24,Assam,Cachar,Silchar,24.81,92.79,22.0,0.0,0.0,0.0,0.0,25.3,16.5,7.7
2025-12-25,Assam,Cachar,Silchar,24.81,92.79,22.0,0.0,0.0,0.0,0.0,25.0,14.5,8.2
2025-12-26,Assam,Cachar,Silchar,24.81,92.79,22.0,0.0,0.0,0.0,0.0,25.0,15.0,7.6
2025-12-27,Assam,Cachar,Silchar,24.81,92.79,22.0,0.0,0.0,0.0,0.0,24.7,14.6,7.6
2025-12-28,Assam,Cachar,Silchar,24.81,92.79,22.0,0.0,0.0,0.0,0.0,24.6,13.5,7.9
2025-12-29,Assam,Cachar,Silchar,24.81,92.79,22.0,0.0,0.0,0.0,0.0,23.4,14.2,9.9
2025-12-30,Assam,Cachar,Silchar,24.81,92.79,22.0,0.0,0.0,0.0,0.0,21.7,13.7,7.7
2025-12-31,Assam,Cachar,Silchar,24.81,92.79,22.0,0.0,0.0,0.0,0.0,22.5,13.5,7.6
2026-01-01,Assam,Cachar,Silchar,24.81,92.79,22.0,0.0,0.0,0.0,0.0,22.6,12.9,8.7
2026-01-02,Assam,Cachar,Silchar,24.81,92.79,22.0,0.0,0.0,0.0,0.0,23.1,12.4,9.0
2026-01-03,Assam,Cachar,Silchar,24.81,92.79,22.0,0.3,0.3,0.3,0.3,22.5,13.7,9.7
2026-01-04,Assam,Cachar,Silchar,24.81,92.79,22.0,0.0,0.3,0.3,0.3,23.1,12.6,11.5
2026-01-05,Assam,Cachar,Silchar,24.81,92.79,22.0,0.0,0.3,0.3,0.3,22.3,12.1,10.8
2026-01-06,Assam,Cachar,Silchar,24.81,92.79,22.0,0.0,0.0,0.3,0.3,22.9,14.2,9.1
2026-01-07,Assam,Cachar,Silchar,24.81,92.79,22.0,0.0,0.0,0.3,0.3,23.4,13.6,10.2
2026-01-08,Assam,Cachar,Silchar,24.81,92.79,22.0,0.0,0.0,0.3,0.3,25.5,13.4,11.3
2026-01-09,Assam,Cachar,Silchar,24.81,92.79,22.0,0.0,0.0,0.3,0.3,26.3,13.4,11.5
2026-01-10,Assam,Cachar,Silchar,24.81,92.79,22.0,0.0,0.0,0.0,0.3,26.4,15.9,8.0
2026-01-11,Assam,Cachar,Silchar,24.81,92.79,22.0,0.0,0.0,0.0,0.3,26.7,15.1,8.3
2026-01-12,Assam,Cachar,Silchar,24.81,92.79,22.0,0.0,0.0,0.0,0.3,27.2,15.8,7.6
2026-01-13,Assam,Cachar,Silchar,24.81,92.79,22.0,0.0,0.0,0.0,0.3,26.8,13.4,11.1
2026-01-14,Assam,Cachar,Silchar,24.81,92.79,22.0,0.0,0.0,0.0,0.3,26.4,13.9,6.9
2026-01-15,Assam,Cachar,Silchar,24.81,92.79,22.0,0.0,0.0,0.0,0.3,27.1,15.5,9.7
2026-01-16,Assam,Cachar,Silchar,24.81,92.79,22.0,0.0,0.0,0.0,0.3,26.5,16.4,9.2
2026-01-17,Assam,Cachar,Silchar,24.81,92.79,22.0,0.0,0.0,0.0,0.0,27.2,14.8,9.7
2026-01-18,Assam,Cachar,Silchar,24.81,92.79,22.0,0.0,0.0,0.0,0.0,26.3,15.6,7.8
2026-01-19,Assam,Cachar,Silchar,24.81,92.79,22.0,0.0,0.0,0.0,0.0,26.1,14.5,8.5
2026-01-20,Assam,Cachar,Silchar,24.81,92.79,22.0,0.0,0.0,0.0,0.0,26.2,14.9,7.6
2026-01-21,Assam,Cachar,Silchar,24.81,92.79,22.0,0.0,0.0,0.0,0.0,26.3,14.6,6.5
2026-01-22,Assam,Cachar,Silchar,24.81,92.79,22.0,0.0,0.0,0.0,0.0,26.5,13.8,8.4
2026-01-23,Assam,Cachar,Silchar,24.81,92.79,22.0,0.0,0.0,0.0,0.0,27.9,12.9,6.5
2026-01-24,Assam,Cachar,Silchar,24.81,92.79,22.0,0.0,0.0,0.0,0.0,27.2,14.6,8.6
2026-01-25,Assam,Cachar,Silchar,24.81,92.79,22.0,0.0,0.0,0.0,0.0,26.5,14.8,8.7
2026-01-26,Assam,Cachar,Silchar,24.81,92.79,22.0,0.0,0.0,0.0,0.0,25.6,14.1,8.3
2026-01-27,Assam,Cachar,Silchar,24.81,92.79,22.0,0.0,0.0,0.0,0.0,27.7,13.0,6.4
2026-01-28,Assam,Cachar,Silchar,24.81,92.79,22.0,0.0,0.0,0.0,0.0,27.2,14.4,8.1
2026-01-29,Assam,Cachar,Silchar,24.81,92.79,22.0,0.0,0.0,0.0,0.0,26.8,15.7,9.0
2026-01-30,Assam,Cachar,Silchar,24.81,92.79,22.0,0.0,0.0,0.0,0.0,25.7,16.1,8.7
2026-01-31,Assam,Cachar,Silchar,24.81,92.79,22.0,0.0,0.0,0.0,0.0,27.4,13.5,10.1
2026-02-01,Assam,Cachar,Silchar,24.81,92.79,22.0,0.0,0.0,0.0,0.0,27.0,14.1,6.9
2026-02-02,Assam,Cachar,Silchar,24.81,92.79,22.0,0.0,0.0,0.0,0.0,27.0,14.6,8.5
2026-02-03,Assam,Cachar,Silchar,24.81,92.79,22.0,0.0,0.0,0.0,0.0,28.9,14.0,8.8
2026-02-04,Assam,Cachar,Silchar,24.81,92.79,22.0,0.0,0.0,0.0,0.0,27.6,16.5,10.3
2026-02-05,Assam,Cachar,Silchar,24.81,92.79,22.0,0.0,0.0,0.0,0.0,26.3,15.9,10.7
2026-02-06,Assam,Cachar,Silchar,24.81,92.79,22.0,0.0,0.0,0.0,0.0,26.3,13.8,12.4
2026-02-07,Assam,Cachar,Silchar,24.81,92.79,22.0,0.0,0.0,0.0,0.0,26.0,13.8,8.8
2026-02-08,Assam,Cachar,Silchar,24.81,92.79,22.0,0.0,0.0,0.0,0.0,25.6,13.5,8.6
2026-02-09,Assam,Cachar,Silchar,24.81,92.79,22.0,0.0,0.0,0.0,0.0,28.3,12.6,10.3
2026-02-10,Assam,Cachar,Silchar,24.81,92.79,22.0,0.0,0.0,0.0,0.0,26.7,13.8,9.9
2026-02-11,Assam,Cachar,Silchar,24.81,92.79,22.0,0.0,0.0,0.0,0.0,28.0,14.4,9.4
2026-02-12,Assam,Cachar,Silchar,24.81,92.79,22.0,0.0,0.0,0.0,0.0,27.9,14.8,9.5
2026-02-13,Assam,Cachar,Silchar,24.81,92.79,22.0,0.0,0.0,0.0,0.0,28.5,14.9,11.7
2026-02-14,Assam,Cachar,Silchar,24.81,92.79,22.0,0.0,0.0,0.0,0.0,28.1,14.9,9.7
2026-02-15,Assam,Cachar,Silchar,24.81,92.79,22.0,0.0,0.0,0.0,0.0,27.5,15.6,9.3
2026-02-16,Assam,Cachar,Silchar,24.81,92.79,22.0,0.0,0.0,0.0,0.0,28.8,14.4,10.0
2026-02-17,Assam,Cachar,Silchar,24.81,92.79,22.0,0.0,0.0,0.0,0.0,31.2,14.1,12.4
2026-02-18,Assam,Cachar,Silchar,24.81,92.79,22.0,0.0,0.0,0.0,0.0,31.8,15.8,9.0
2026-02-19,Assam,Cachar,Silchar,24.81,92.79,22.0,0.0,0.0,0.0,0.0,31.9,16.2,8.8
2026-02-20,Assam,Cachar,Silchar,24.81,92.79,22.0,0.0,0.0,0.0,0.0,30.6,18.0,9.7
2026-02-21,Assam,Cachar,Silchar,24.81,92.79,22.0,0.0,0.0,0.0,0.0,29.8,17.1,11.9
2026-02-22,Assam,Cachar,Silchar,24.81,92.79,22.0,0.0,0.0,0.0,0.0,29.6,18.1,15.4
2026-02-23,Assam,Cachar,Silchar,24.81,92.79,22.0,0.0,0.0,0.0,0.0,29.0,16.8,11.6
2026-02-24,Assam,Cachar,Silchar,24.81,92.79,22.0,0.0,0.0,0.0,0.0,28.9,17.2,15.0
2026-02-25,Assam,Cachar,Silchar,24.81,92.79,22.0,0.0,0.0,0.0,0.0,29.1,18.3,12.8
2026-02-26,Assam,Cachar,Silchar,24.81,92.79,22.0,0.0,0.0,0.0,0.0,27.6,17.5,9.9
2026-02-27,Assam,Cachar,Silchar,24.81,92.79,22.0,0.0,0.0,0.0,0.0,28.0,16.8,9.3
2026-02-28,Assam,Cachar,Silchar,24.81,92.79,22.0,0.0,0.0,0.0,0.0,27.7,16.9,14.4
2026-03-01,Assam,Cachar,Silchar,24.81,92.79,22.0,0.0,0.0,0.0,0.0,29.1,16.4,14.5
2026-03-02,Assam,Cachar,Silchar,24.81,92.79,22.0,3.9,3.9,3.9,3.9,29.4,17.3,15.5
2026-03-03,Assam,Cachar,Silchar,24.81,92.79,22.0,0.0,3.9,3.9,3.9,30.0,18.7,11.7
2026-03-04,Assam,Cachar,Silchar,24.81,92.79,22.0,0.0,3.9,3.9,3.9,31.1,17.9,11.0
2026-03-05,Assam,Cachar,Silchar,24.81,92.79,22.0,0.0,0.0,3.9,3.9,32.6,18.6,11.2
2026-03-06,Assam,Cachar,Silchar,24.81,92.79,22.0,0.0,0.0,3.9,3.9,33.8,19.4,11.4
2026-03-07,Assam,Cachar,Silchar,24.81,92.79,22.0,0.0,0.0,3.9,3.9,31.8,21.4,9.5
2026-03-08,Assam,Cachar,Silchar,24.81,92.79,22.0,0.2,0.2,4.1,4.1,31.0,20.5,14.7
2026-03-09,Assam,Cachar,Silchar,24.81,92.79,22.0,0.4,0.6,0.6,4.5,30.1,19.9,14.6
2026-03-10,Assam,Cachar,Silchar,24.81,92.79,22.0,0.2,0.8,0.8,4.7,31.7,20.4,12.1
2026-03-11,Assam,Cachar,Silchar,24.81,92.79,22.0,0.0,0.6,0.8,4.7,31.1,20.3,17.5
2026-03-12,Assam,Cachar,Silchar,24.81,92.79,22.0,12.5,12.7,13.3,17.2,31.0,19.9,22.2
2026-03-13,Assam,Cachar,Silchar,24.81,92.79,22.0,19.7,32.2,33.0,36.9,24.0,19.9,12.2
2026-03-14,Assam,Cachar,Silchar,24.81,92.79,22.0,10.3,42.5,43.3,47.2,26.8,19.2,12.9
2026-03-15,Assam,Cachar,Silchar,24.81,92.79,22.0,17.4,47.4,60.5,64.6,28.4,19.1,17.3
2026-03-16,Assam,Cachar,Silchar,24.81,92.79,22.0,27.9,55.6,88.0,88.6,24.0,17.9,24.5
2026-03-17,Assam,Cachar,Silchar,24.81,92.79,22.0,5.2,50.5,93.0,93.8,27.2,17.6,11.8
2026-03-18,Assam,Cachar,Silchar,24.81,92.79,22.0,7.5,40.6,100.5,101.3,29.0,18.0,19.9
2026-03-19,Assam,Cachar,Silchar,24.81,92.79,22.0,0.1,12.8,88.1,101.4,30.0,19.1,9.5
2026-03-20,Assam,Cachar,Silchar,24.81,92.79,22.0,1.6,9.2,70.0,103.0,30.5,19.3,20.1
2026-03-21,Assam,Cachar,Silchar,24.81,92.79,22.0,10.5,12.2,70.2,113.5,29.6,18.7,25.7
2026-03-22,Assam,Cachar,Silchar,24.81,92.79,22.0,14.7,26.8,67.5,128.0,24.3,18.4,25.0
2026-03-23,Assam,Cachar,Silchar,24.81,92.79,22.0,0.7,25.9,40.3,128.3,27.2,17.8,10.3
2026-03-24,Assam,Cachar,Silchar,24.81,92.79,22.0,0.0,15.4,35.1,128.1,28.4,17.9,11.4
2026-03-25,Assam,Cachar,Silchar,24.81,92.79,22.0,1.9,2.6,29.5,130.0,29.3,19.3,10.6
2026-03-26,Assam,Cachar,Silchar,24.81,92.79,22.0,1.4,3.3,30.8,118.9,31.2,19.3,13.8
2026-03-27,Assam,Cachar,Silchar,24.81,92.79,22.0,0.1,3.4,29.3,99.3,30.9,18.9,9.5
2026-03-28,Assam,Cachar,Silchar,24.81,92.79,22.0,12.8,14.3,31.6,101.8,22.6,19.7,25.9
2026-03-29,Assam,Cachar,Silchar,24.81,92.79,22.0,3.5,16.4,20.4,87.9,28.7,17.8,14.2
2026-03-30,Assam,Cachar,Silchar,24.81,92.79,22.0,33.0,49.3,52.7,93.0,26.3,19.4,11.7
2026-03-31,Assam,Cachar,Silchar,24.81,92.79,22.0,25.2,61.7,77.9,113.0,29.3,20.5,11.2
2026-04-01,Assam,Cachar,Silchar,24.81,92.79,22.0,18.6,76.8,94.6,124.1,28.7,20.6,14.7
2026-04-02,Assam,Cachar,Silchar,24.81,92.79,22.0,17.2,61.0,110.4,141.2,30.2,20.4,10.5
2026-04-03,Assam,Cachar,Silchar,24.81,92.79,22.0,10.2,46.0,120.5,149.8,31.7,21.2,14.4
2026-04-04,Assam,Cachar,Silchar,24.81,92.79,22.0,30.3,57.7,138.0,169.6,30.8,21.4,13.7
2026-04-05,Assam,Cachar,Silchar,24.81,92.79,22.0,3.1,43.6,137.6,158.0,28.8,21.4,13.8
2026-04-06,Assam,Cachar,Silchar,24.81,92.79,22.0,0.5,33.9,105.1,157.8,31.3,20.8,11.3
2026-04-07,Assam,Cachar,Silchar,24.81,92.79,22.0,22.6,26.2,102.5,180.4,29.7,20.0,24.2
2026-04-08,Assam,Cachar,Silchar,24.81,92.79,22.0,0.0,23.1,83.9,178.5,29.1,19.9,12.7
2026-04-09,Assam,Cachar,Silchar,24.81,92.79,22.0,23.6,46.2,90.3,200.7,24.4,19.3,19.5
2026-04-10,Assam,Cachar,Silchar,24.81,92.79,22.0,10.2,33.8,90.3,210.8,27.7,18.6,12.2
2026-04-11,Assam,Cachar,Silchar,24.81,92.79,22.0,0.2,34.0,60.2,198.2,28.9,18.6,11.7
2026-04-12,Assam,Cachar,Silchar,24.81,92.79,22.0,0.5,10.9,57.6,195.2,30.6,20.1,14.8
2026-04-13,Assam,Cachar,Silchar,24.81,92.79,22.0,5.1,5.8,62.2,167.3,29.4,20.3,9.1
2026-04-14,Assam,Cachar,Silchar,24.81,92.79,22.0,13.8,19.4,53.4,155.9,30.7,21.1,16.0
2026-04-15,Assam,Cachar,Silchar,24.81,92.79,22.0,27.4,46.3,80.8,164.7,30.4,20.7,11.9
2026-04-16,Assam,Cachar,Silchar,24.81,92.79,22.0,6.3,47.5,63.5,153.8,31.6,20.9,15.4
2026-04-17,Assam,Cachar,Silchar,24.81,92.79,22.0,8.4,42.1,61.7,152.0,32.1,21.6,13.1
2026-04-18,Assam,Cachar,Silchar,24.81,92.79,22.0,0.6,15.3,62.1,122.3,31.2,22.8,13.3
2026-04-19,Assam,Cachar,Silchar,24.81,92.79,22.0,9.6,18.6,71.2,128.8,29.6,22.5,15.2
2026-04-20,Assam,Cachar,Silchar,24.81,92.79,22.0,10.0,20.2,76.1,138.3,31.2,21.9,16.4
2026-04-21,Assam,Cachar,Silchar,24.81,92.79,22.0,13.5,33.1,75.8,129.2,32.0,22.0,22.3
2026-04-22,Assam,Cachar,Silchar,24.81,92.79,22.0,3.3,26.8,51.7,132.5,31.4,21.4,17.5
2026-04-23,Assam,Cachar,Silchar,24.81,92.79,22.0,0.2,17.0,45.6,109.1,31.2,22.2,10.1
2026-04-24,Assam,Cachar,Silchar,24.81,92.79,22.0,0.0,3.5,37.2,98.9,33.3,24.4,8.8
2026-04-25,Assam,Cachar,Silchar,24.81,92.79,22.0,0.0,0.2,36.6,98.7,34.0,24.8,14.0
2026-04-26,Assam,Cachar,Silchar,24.81,92.79,22.0,4.3,4.3,31.3,102.5,28.8,23.1,10.6
2026-04-27,Assam,Cachar,Silchar,24.81,92.79,22.0,23.7,28.0,45.0,121.1,25.3,20.7,17.1
2026-04-28,Assam,Cachar,Silchar,24.81,92.79,22.0,49.6,77.6,81.1,156.9,25.4,21.4,14.0
2026-04-29,Assam,Cachar,Silchar,24.81,92.79,22.0,21.4,94.7,99.2,150.9,23.5,21.2,13.5
2026-04-30,Assam,Cachar,Silchar,24.81,92.79,22.0,12.1,83.1,111.1,156.7,26.9,20.5,13.5
2026-05-01,Assam,Cachar,Silchar,24.81,92.79,22.0,36.1,69.6,147.2,184.4,25.3,20.6,10.0
2026-05-02,Assam,Cachar,Silchar,24.81,92.79,22.0,42.8,91.0,190.0,226.6,23.3,19.8,11.2
2026-05-03,Assam,Cachar,Silchar,24.81,92.79,22.0,6.0,84.9,191.7,223.0,27.1,20.5,11.0
2026-05-04,Assam,Cachar,Silchar,24.81,92.79,22.0,2.7,51.5,170.7,215.7,27.8,21.4,12.7
2026-05-05,Assam,Cachar,Silchar,24.81,92.79,22.0,0.8,9.5,121.9,203.0,31.7,21.8,12.1
2026-05-06,Assam,Cachar,Silchar,24.81,92.79,22.0,7.7,11.2,108.2,207.4,30.8,22.1,14.8
2026-05-07,Assam,Cachar,Silchar,24.81,92.79,22.0,0.5,9.0,96.6,207.7,30.1,22.3,8.6
2026-05-08,Assam,Cachar,Silchar,24.81,92.79,22.0,0.0,8.2,60.5,207.7,32.5,23.8,10.7
2026-05-09,Assam,Cachar,Silchar,24.81,92.79,22.0,0.0,0.5,17.7,207.7,33.5,23.3,8.9
2026-05-10,Assam,Cachar,Silchar,24.81,92.79,22.0,0.5,0.5,12.2,203.9,31.8,23.9,13.7
2026-05-11,Assam,Cachar,Silchar,24.81,92.79,22.0,3.0,3.5,12.5,183.2,30.4,22.1,8.3
2026-05-12,Assam,Cachar,Silchar,24.81,92.79,22.0,0.3,3.8,12.0,133.9,30.2,22.0,10.5
2026-05-13,Assam,Cachar,Silchar,24.81,92.79,22.0,2.6,5.9,6.9,115.1,29.9,23.7,10.9
2026-05-14,Assam,Cachar,Silchar,24.81,92.79,22.0,5.5,8.4,11.9,108.5,31.5,23.4,18.2
2026-05-15,Assam,Cachar,Silchar,24.81,92.79,22.0,17.9,26.0,29.8,90.3,28.4,22.8,16.6
2026-05-16,Assam,Cachar,Silchar,24.81,92.79,22.0,10.2,33.6,40.0,57.7,30.0,23.2,9.7
2026-05-17,Assam,Cachar,Silchar,24.81,92.79,22.0,21.4,49.5,60.9,73.1,30.7,22.7,11.9
2026-05-18,Assam,Cachar,Silchar,24.81,92.79,22.0,7.1,38.7,65.0,77.5,29.4,22.6,10.3
2026-05-19,Assam,Cachar,Silchar,24.81,92.79,22.0,2.9,31.4,67.6,79.6,31.6,23.6,11.4
2026-05-20,Assam,Cachar,Silchar,24.81,92.79,22.0,7.6,17.6,72.6,79.5,32.7,24.4,11.6
2026-05-21,Assam,Cachar,Silchar,24.81,92.79,22.0,7.9,18.4,75.0,86.9,33.0,24.6,12.1
2026-05-22,Assam,Cachar,Silchar,24.81,92.79,22.0,8.8,24.3,65.9,95.7,31.0,25.1,9.2
2026-05-23,Assam,Cachar,Silchar,24.81,92.79,22.0,28.3,45.0,84.0,124.0,29.0,24.3,9.7
2026-05-24,Assam,Cachar,Silchar,24.81,92.79,22.0,6.4,43.5,69.0,129.9,30.3,23.3,13.0
2026-05-25,Assam,Cachar,Silchar,24.81,92.79,22.0,11.6,46.3,73.5,138.5,29.7,23.1,11.9
2026-05-26,Assam,Cachar,Silchar,24.81,92.79,22.0,18.3,36.3,88.9,156.5,29.1,23.7,13.2
2026-05-27,Assam,Cachar,Silchar,24.81,92.79,22.0,0.9,30.8,82.2,154.8,30.5,23.1,18.7
2026-05-28,Assam,Cachar,Silchar,24.81,92.79,22.0,0.0,19.2,74.3,149.3,30.6,22.9,14.1
2026-05-29,Assam,Cachar,Silchar,24.81,92.79,22.0,0.0,0.9,65.5,131.4,33.6,23.7,7.9
2026-05-30,Assam,Cachar,Silchar,24.81,92.79,22.0,2.1,2.1,39.3,123.3,31.3,26.0,9.2
2026-05-31,Assam,Cachar,Silchar,24.81,92.79,22.0,4.4,6.5,37.3,106.3,33.1,26.7,11.7
2026-06-01,Assam,Cachar,Silchar,24.81,92.79,22.0,18.9,25.4,44.6,118.1,30.6,25.1,11.8
2026-06-02,Assam,Cachar,Silchar,24.81,92.79,22.0,4.1,27.4,30.4,119.3,31.7,25.0,10.3
2026-06-03,Assam,Cachar,Silchar,24.81,92.79,22.0,16.7,39.7,46.2,128.4,32.1,24.3,8.3
2026-06-04,Assam,Cachar,Silchar,24.81,92.79,22.0,13.0,33.8,59.2,133.5,31.3,24.3,6.5
2026-06-05,Assam,Cachar,Silchar,24.81,92.79,22.0,7.8,37.5,67.0,132.5,31.7,24.3,9.6
2026-06-06,Assam,Cachar,Silchar,24.81,92.79,22.0,0.6,21.4,65.5,104.8,33.7,25.6,9.4
2026-06-07,Assam,Cachar,Silchar,24.81,92.79,22.0,24.2,32.6,85.3,122.6,31.5,24.7,13.3
2026-06-08,Assam,Cachar,Silchar,24.81,92.79,22.0,18.4,43.2,84.8,129.4,30.4,24.7,8.7
2026-06-09,Assam,Cachar,Silchar,24.81,92.79,22.0,9.8,52.4,90.5,120.9,27.8,24.5,7.9
2026-06-10,Assam,Cachar,Silchar,24.81,92.79,22.0,4.7,32.9,78.5,124.7,30.3,24.8,9.3
2026-06-11,Assam,Cachar,Silchar,24.81,92.79,22.0,6.1,20.6,71.6,130.8,32.9,23.6,10.7
2026-06-12,Assam,Cachar,Silchar,24.81,92.79,22.0,13.8,24.6,77.6,144.6,31.8,26.2,8.5
2026-06-13,Assam,Cachar,Silchar,24.81,92.79,22.0,10.0,29.9,87.0,152.5,29.7,25.1,10.9
2026-06-14,Assam,Cachar,Silchar,24.81,92.79,22.0,17.7,41.5,80.5,165.8,30.4,24.5,12.6
2026-06-15,Assam,Cachar,Silchar,24.81,92.79,22.0,2.3,30.0,64.4,149.2,30.4,24.5,7.6
2026-06-16,Assam,Cachar,Silchar,24.81,92.79,22.0,22.3,42.3,76.9,167.4,31.4,24.4,11.9
2026-06-17,Assam,Cachar,Silchar,24.81,92.79,22.0,20.4,45.0,92.6,171.1,29.5,24.9,12.0
2026-06-18,Assam,Cachar,Silchar,24.81,92.79,22.0,6.7,49.4,93.2,164.8,31.0,24.8,11.4
2026-06-19,Assam,Cachar,Silchar,24.81,92.79,22.0,11.9,39.0,91.3,168.9,30.8,24.4,11.7
2026-06-20,Assam,Cachar,Silchar,24.81,92.79,22.0,17.7,36.3,99.0,186.0,30.1,24.5,13.5
2026-06-21,Assam,Cachar,Silchar,24.81,92.79,22.0,27.0,56.6,108.3,188.8,31.6,24.5,13.0
2026-06-22,Assam,Cachar,Silchar,24.81,92.79,22.0,17.4,62.1,123.4,187.8,31.1,24.8,16.6
2026-06-23,Assam,Cachar,Silchar,24.81,92.79,22.0,11.2,55.6,112.3,189.2,31.1,24.8,11.3
2026-06-24,Assam,Cachar,Silchar,24.81,92.79,22.0,9.1,37.7,101.0,193.6,29.5,24.6,7.7
2026-06-25,Assam,Cachar,Silchar,24.81,92.79,22.0,7.9,28.2,102.2,195.4,32.2,26.0,9.3
2026-06-26,Assam,Cachar,Silchar,24.81,92.79,22.0,5.6,22.6,95.9,187.2,31.8,25.7,8.7
2026-06-27,Assam,Cachar,Silchar,24.81,92.79,22.0,9.7,23.2,87.9,186.9,31.9,25.2,9.6
2026-06-28,Assam,Cachar,Silchar,24.81,92.79,22.0,21.7,37.0,82.6,190.9,31.8,25.4,11.6
2026-06-29,Assam,Cachar,Silchar,24.81,92.79,22.0,5.0,36.4,70.2,193.6,32.2,25.1,12.9
2026-06-30,Assam,Cachar,Silchar,24.81,92.79,22.0,37.3,64.0,96.3,208.6,33.2,25.5,7.8
2026-07-01,Assam,Cachar,Silchar,24.81,92.79,22.0,23.1,65.4,110.3,211.3,31.9,25.7,11.0
2026-07-02,Assam,Cachar,Silchar,24.81,92.79,22.0,33.4,93.8,135.8,238.0,33.0,25.5,12.1
2026-07-03,Assam,Cachar,Silchar,24.81,92.79,22.0,17.1,73.6,147.3,243.2,34.4,25.4,14.1
2026-07-04,Assam,Cachar,Silchar,24.81,92.79,22.0,1.2,51.7,138.8,226.7,36.2,25.8,16.0
2026-07-05,Assam,Cachar,Silchar,24.81,92.79,22.0,27.9,46.2,145.0,227.6,34.5,26.6,17.6
2026-07-06,Assam,Cachar,Silchar,24.81,92.79,22.0,41.5,70.6,181.5,251.7,33.9,26.1,26.6
2026-07-07,Assam,Cachar,Silchar,24.81,92.79,22.0,41.6,111.0,185.8,282.1,28.8,25.6,10.1
2026-07-08,Assam,Cachar,Silchar,24.81,92.79,22.0,34.3,117.4,197.0,307.3,28.3,25.1,16.0
2026-07-09,Assam,Cachar,Silchar,24.81,92.79,22.0,8.2,84.1,171.8,307.6,30.7,25.8,16.4
2026-07-10,Assam,Cachar,Silchar,24.81,92.79,22.0,15.4,57.9,170.1,317.4,31.3,25.9,13.0
2026-07-11,Assam,Cachar,Silchar,24.81,92.79,22.0,28.0,51.6,196.9,335.7,31.7,25.8,11.7
2026-07-12,Assam,Cachar,Silchar,24.81,92.79,22.0,10.9,54.3,179.9,324.9,31.5,25.8,10.8
2026-07-13,Assam,Cachar,Silchar,24.81,92.79,22.0,7.0,45.9,145.4,326.9,32.8,26.3,7.7
2026-07-14,Assam,Cachar,Silchar,24.81,92.79,22.0,45.4,63.3,149.2,335.0,34.3,25.9,11.7
2026-07-15,Assam,Cachar,Silchar,24.81,92.79,22.0,17.3,69.7,132.2,329.2,34.7,25.7,15.5
2026-07-16,Assam,Cachar,Silchar,24.81,92.79,22.0,40.4,103.1,164.4,336.2,32.8,25.6,14.9
2026-07-17,Assam,Cachar,Silchar,24.81,92.79,22.0,19.4,77.1,168.4,338.5,29.8,26.1,7.2
2026-07-18,Assam,Cachar,Silchar,24.81,92.79,22.0,5.9,65.7,146.3,343.2,32.5,26.0,9.4
2026-07-19,Assam,Cachar,Silchar,24.81,92.79,22.0,22.8,48.1,158.2,338.1,28.3,25.4,9.5
2026-07-20,Assam,Cachar,Silchar,24.81,92.79,22.0,16.1,44.8,167.3,312.7,26.5,24.4,10.3
2026-07-21,Assam,Cachar,Silchar,24.81,92.79,22.0,27.6,66.5,149.5,298.7,32.9,24.8,15.3
2026-07-22,Assam,Cachar,Silchar,24.81,92.79,22.0,46.1,89.8,178.3,310.5,32.8,24.6,10.1
2026-07-23,Assam,Cachar,Silchar,24.81,92.79,22.0,21.9,95.6,159.8,324.2,31.0,24.7,12.4
2026-07-24,Assam,Cachar,Silchar,24.81,92.79,22.0,3.7,71.7,144.1,312.5,31.8,25.0,6.9
2026-07-25,Assam,Cachar,Silchar,24.81,92.79,22.0,3.1,28.7,141.3,287.6,33.8,26.3,8.0
2026-07-26,Assam,Cachar,Silchar,24.81,92.79,22.0,24.1,30.9,142.6,300.8,34.2,25.2,10.0
2026-07-27,Assam,Cachar,Silchar,24.81,92.79,22.0,0.5,27.7,127.0,294.3,34.1,25.7,8.0
2026-07-28,Assam,Cachar,Silchar,24.81,92.79,22.0,17.1,41.7,116.5,266.0,32.9,24.4,9.9
2026-07-29,Assam,Cachar,Silchar,24.81,92.79,22.0,13.0,30.6,83.4,261.7,33.2,25.5,12.1
2026-07-30,Assam,Cachar,Silchar,24.81,92.79,22.0,14.7,44.8,76.2,236.0,32.2,25.1,11.5
2026-07-31,Assam,Cachar,Silchar,24.81,92.79,22.0,21.5,49.2,94.0,238.1,32.4,24.9,11.0
2026-08-01,Assam,Cachar,Silchar,24.81,92.79,22.0,20.0,56.2,110.9,252.2,31.5,25.3,11.3
2026-08-02,Assam,Cachar,Silchar,24.81,92.79,22.0,16.9,58.4,103.7,246.3,31.6,25.6,13.0
2026-08-03,Assam,Cachar,Silchar,24.81,92.79,22.0,18.6,55.5,121.8,248.8,31.3,25.2,10.3
2026-08-04,Assam,Cachar,Silchar,24.81,92.79,22.0,15.9,51.4,120.6,237.1,30.6,25.5,10.6
2026-08-05,Assam,Cachar,Silchar,24.81,92.79,22.0,23.9,58.4,131.5,214.9,27.9,25.6,6.8
2026-08-06,Assam,Cachar,Silchar,24.81,92.79,22.0,19.7,59.5,136.5,212.7,31.7,25.7,12.5
2026-08-07,Assam,Cachar,Silchar,24.81,92.79,22.0,18.5,62.1,133.5,227.5,33.1,25.1,7.9
2026-08-08,Assam,Cachar,Silchar,24.81,92.79,22.0,31.6,69.8,145.1,256.0,32.9,25.0,10.7
2026-08-09,Assam,Cachar,Silchar,24.81,92.79,22.0,16.1,66.2,144.3,248.0,30.2,24.7,6.6
2026-08-10,Assam,Cachar,Silchar,24.81,92.79,22.0,1.4,49.1,127.1,248.9,34.2,25.7,15.0
2026-08-11,Assam,Cachar,Silchar,24.81,92.79,22.0,11.7,29.2,122.9,243.5,33.8,26.0,10.7
2026-08-12,Assam,Cachar,Silchar,24.81,92.79,22.0,12.3,25.4,111.3,242.8,35.6,26.1,13.2
2026-08-13,Assam,Cachar,Silchar,24.81,92.79,22.0,13.5,37.5,105.1,241.6,32.9,25.4,8.9
2026-08-14,Assam,Cachar,Silchar,24.81,92.79,22.0,6.7,32.5,93.3,226.8,33.6,26.6,11.9
2026-08-15,Assam,Cachar,Silchar,24.81,92.79,22.0,12.8,33.0,74.5,219.6,33.1,25.7,9.2
2026-08-16,Assam,Cachar,Silchar,24.81,92.79,22.0,18.9,38.4,77.3,221.6,33.5,25.7,10.9
2026-08-17,Assam,Cachar,Silchar,24.81,92.79,22.0,24.5,56.2,100.4,227.5,33.0,25.8,14.3
2026-08-18,Assam,Cachar,Silchar,24.81,92.79,22.0,15.0,58.4,103.7,226.6,32.6,26.2,10.7
2026-08-19,Assam,Cachar,Silchar,24.81,92.79,22.0,4.3,43.8,95.7,207.0,32.2,26.1,14.0
2026-08-20,Assam,Cachar,Silchar,24.81,92.79,22.0,21.8,41.1,104.0,209.1,33.0,25.7,8.2
2026-08-21,Assam,Cachar,Silchar,24.81,92.79,22.0,23.0,49.1,120.3,213.6,34.1,25.5,10.8
2026-08-22,Assam,Cachar,Silchar,24.81,92.79,22.0,33.8,78.6,141.3,215.8,34.5,25.6,14.0
2026-08-23,Assam,Cachar,Silchar,24.81,92.79,22.0,24.7,81.5,147.1,224.4,33.3,26.1,8.8
2026-08-24,Assam,Cachar,Silchar,24.81,92.79,22.0,5.4,63.9,128.0,228.4,32.2,25.7,12.1
2026-08-25,Assam,Cachar,Silchar,24.81,92.79,22.0,22.9,53.0,135.9,239.6,31.1,25.9,9.1
2026-08-26,Assam,Cachar,Silchar,24.81,92.79,22.0,35.0,63.3,166.6,262.3,33.0,25.3,8.1
2026-08-27,Assam,Cachar,Silchar,24.81,92.79,22.0,11.7,69.6,156.5,260.5,32.1,25.9,6.1
2026-08-28,Assam,Cachar,Silchar,24.81,92.79,22.0,37.2,83.9,170.7,291.0,32.6,25.7,13.1
2026-08-29,Assam,Cachar,Silchar,24.81,92.79,22.0,21.3,70.2,158.2,299.5,35.1,26.0,11.2
2026-08-30,Assam,Cachar,Silchar,24.81,92.79,22.0,14.1,72.6,147.6,294.7,33.9,26.1,11.9
2026-08-31,Assam,Cachar,Silchar,24.81,92.79,22.0,22.4,57.8,164.6,292.6,31.6,25.8,12.5
2026-09-01,Assam,Cachar,Silchar,24.81,92.79,22.0,38.9,75.4,180.6,316.5,28.5,25.3,11.9
2026-09-02,Assam,Cachar,Silchar,24.81,92.79,22.0,28.2,89.5,173.8,340.4,30.7,24.9,11.7
2026-09-03,Assam,Cachar,Silchar,24.81,92.79,22.0,12.5,79.6,174.6,331.1,31.4,24.8,12.7
2026-09-04,Assam,Cachar,Silchar,24.81,92.79,22.0,16.1,56.8,153.5,324.2,31.6,25.3,10.1
2026-09-05,Assam,Cachar,Silchar,24.81,92.79,22.0,9.4,38.0,141.6,299.8,31.5,25.5,9.3
2026-09-06,Assam,Cachar,Silchar,24.81,92.79,22.0,20.4,45.9,147.9,295.5,31.2,24.7,9.6
2026-09-07,Assam,Cachar,Silchar,24.81,92.79,22.0,12.1,41.9,137.6,302.2,32.0,24.7,11.2
2026-09-08,Assam,Cachar,Silchar,24.81,92.79,22.0,12.4,44.9,111.1,291.7,32.1,25.1,12.9
2025-01-01,Assam,Dibrugarh,Dibrugarh,27.48,94.91,107.0,0.0,0.0,0.0,0.0,22.5,11.9,4.9
2025-01-02,Assam,Dibrugarh,Dibrugarh,27.48,94.91,107.0,0.0,0.0,0.0,0.0,22.6,12.2,4.3
2025-01-03,Assam,Dibrugarh,Dibrugarh,27.48,94.91,107.0,0.0,0.0,0.0,0.0,23.3,11.6,4.8
2025-01-04,Assam,Dibrugarh,Dibrugarh,27.48,94.91,107.0,0.0,0.0,0.0,0.0,22.9,10.9,4.8
2025-01-05,Assam,Dibrugarh,Dibrugarh,27.48,94.91,107.0,0.0,0.0,0.0,0.0,23.7,11.3,6.1
2025-01-06,Assam,Dibrugarh,Dibrugarh,27.48,94.91,107.0,0.0,0.0,0.0,0.0,23.0,12.2,5.1
2025-01-07,Assam,Dibrugarh,Dibrugarh,27.48,94.91,107.0,4.4,4.4,4.4,4.4,20.6,15.5,15.6
2025-01-08,Assam,Dibrugarh,Dibrugarh,27.48,94.91,107.0,7.8,12.2,12.2,12.2,19.2,13.3,10.3
2025-01-09,Assam,Dibrugarh,Dibrugarh,27.48,94.91,107.0,0.0,12.2,12.2,12.2,21.1,12.4,5.9
2025-01-10,Assam,Dibrugarh,Dibrugarh,27.48,94.91,107.0,0.0,7.8,12.2,12.2,22.1,12.6,5.7
2025-01-11,Assam,Dibrugarh,Dibrugarh,27.48,94.91,107.0,0.0,0.0,12.2,12.2,23.4,10.9,6.8
2025-01-12,Assam,Dibrugarh,Dibrugarh,27.48,94.91,107.0,0.0,0.0,12.2,12.2,22.9,11.6,4.1
2025-01-13,Assam,Dibrugarh,Dibrugarh,27.48,94.91,107.0,4.6,4.6,16.8,16.8,22.1,12.3,18.7
2025-01-14,Assam,Dibrugarh,Dibrugarh,27.48,94.91,107.0,0.0,4.6,12.4,16.8,22.2,11.3,5.3
2025-01-15,Assam,Dibrugarh,Dibrugarh,27.48,94.91,107.0,0.0,4.6,4.6,16.8,22.9,11.1,5.9
2025-01-16,Assam,Dibrugarh,Dibrugarh,27.48,94.91,107.0,0.0,0.0,4.6,16.8,23.0,10.7,5.1
2025-01-17,Assam,Dibrugarh,Dibrugarh,27.48,94.91,107.0,0.0,0.0,4.6,16.8,23.6,11.2,4.3
2025-01-18,Assam,Dibrugarh,Dibrugarh,27.48,94.91,107.0,0.0,0.0,4.6,16.8,23.8,11.3,4.5
2025-01-19,Assam,Dibrugarh,Dibrugarh,27.48,94.91,107.0,0.0,0.0,4.6,16.8,23.4,11.3,3.4
2025-01-20,Assam,Dibrugarh,Dibrugarh,27.48,94.91,107.0,0.0,0.0,0.0,16.8,23.7,11.9,3.8
2025-01-21,Assam,Dibrugarh,Dibrugarh,27.48,94.91,107.0,0.0,0.0,0.0,12.4,24.1,13.1,6.2
2025-01-22,Assam,Dibrugarh,Dibrugarh,27.48,94.91,107.0,0.0,0.0,0.0,4.6,24.5,14.4,4.9
2025-01-23,Assam,Dibrugarh,Dibrugarh,27.48,94.91,107.0,1.4,1.4,1.4,6.0,22.9,16.8,11.5
2025-01-24,Assam,Dibrugarh,Dibrugarh,27.48,94.91,107.0,1.5,2.9,2.9,7.5,22.0,15.3,9.6
2025-01-25,Assam,Dibrugarh,Dibrugarh,27.48,94.91,107.0,0.9,3.8,3.8,8.4,22.9,14.3,12.5
2025-01-26,Assam,Dibrugarh,Dibrugarh,27.48,94.91,107.0,0.0,2.4,3.8,8.4,23.4,13.2,5.6
2025-01-27,Assam,Dibrugarh,Dibrugarh,27.48,94.91,107.0,0.0,0.9,3.8,3.8,23.9,12.0,5.6
2025-01-28,Assam,Dibrugarh,Dibrugarh,27.48,94.91,107.0,0.0,0.0,3.8,3.8,20.7,13.2,8.6
2025-01-29,Assam,Dibrugarh,Dibrugarh,27.48,94.91,107.0,0.7,0.7,4.5,4.5,22.4,12.8,10.2
2025-01-30,Assam,Dibrugarh,Dibrugarh,27.48,94.91,107.0,17.1,17.8,20.2,21.6,18.5,15.3,15.6
2025-01-31,Assam,Dibrugarh,Dibrugarh,27.48,94.91,107.0,13.8,31.6,32.5,35.4,19.3,13.3,10.9
2025-02-01,Assam,Dibrugarh,Dibrugarh,27.48,94.91,107.0,0.0,30.9,31.6,35.4,19.4,14.4,6.0
2025-02-02,Assam,Dibrugarh,Dibrugarh,27.48,94.91,107.0,0.2,14.0,31.8,35.6,20.8,14.8,9.9
2025-02-03,Assam,Dibrugarh,Dibrugarh,27.48,94.91,107.0,0.0,0.2,31.8,35.6,24.6,14.5,5.8
2025-02-04,Assam,Dibrugarh,Dibrugarh,27.48,94.91,107.0,0.0,0.2,31.8,35.6,25.2,12.9,4.5
2025-02-05,Assam,Dibrugarh,Dibrugarh,27.48,94.91,107.0,0.0,0.0,31.1,35.6,24.7,14.9,12.2
2025-02-06,Assam,Dibrugarh,Dibrugarh,27.48,94.91,107.0,8.0,8.0,22.0,42.2,21.2,16.2,12.0
2025-02-07,Assam,Dibrugarh,Dibrugarh,27.48,94.91,107.0,7.8,15.8,16.0,48.5,21.7,15.2,13.7
2025-02-08,Assam,Dibrugarh,Dibrugarh,27.48,94.91,107.0,0.0,15.8,16.0,47.6,24.6,13.8,4.2
2025-02-09,Assam,Dibrugarh,Dibrugarh,27.48,94.91,107.0,0.0,7.8,15.8,47.6,25.6,12.8,5.2
2025-02-10,Assam,Dibrugarh,Dibrugarh,27.48,94.91,107.0,1.7,1.7,17.5,49.3,24.3,14.0,12.5
2025-02-11,Assam,Dibrugarh,Dibrugarh,27.48,94.91,107.0,36.9,38.6,54.4,86.2,18.9,14.6,13.1
2025-02-12,Assam,Dibrugarh,Dibrugarh,27.48,94.91,107.0,14.1,52.7,68.5,99.6,19.3,14.4,16.2
2025-02-13,Assam,Dibrugarh,Dibrugarh,27.48,94.91,107.0,20.9,71.9,81.4,103.4,19.0,13.4,14.4
2025-02-14,Assam,Dibrugarh,Dibrugarh,27.48,94.91,107.0,4.9,39.9,78.5,94.5,22.3,13.0,11.6
2025-02-15,Assam,Dibrugarh,Dibrugarh,27.48,94.91,107.0,0.1,25.9,78.6,94.6,23.4,14.3,6.3
2025-02-16,Assam,Dibrugarh,Dibrugarh,27.48,94.91,107.0,0.0,5.0,78.6,94.4,22.5,14.2,14.4
2025-02-17,Assam,Dibrugarh,Dibrugarh,27.48,94.91,107.0,0.3,0.4,77.2,94.7,22.1,12.5,12.4
2025-02-18,Assam,Dibrugarh,Dibrugarh,27.48,94.91,107.0,9.3,9.6,49.6,104.0,23.9,13.3,7.9
2025-02-19,Assam,Dibrugarh,Dibrugarh,27.48,94.91,107.0,1.1,10.7,36.6,105.1,22.4,13.6,10.4
2025-02-20,Assam,Dibrugarh,Dibrugarh,27.48,94.91,107.0,0.0,10.4,15.7,97.1,26.1,13.1,6.5
2025-02-21,Assam,Dibrugarh,Dibrugarh,27.48,94.91,107.0,1.6,2.7,12.4,90.9,25.8,14.0,14.1
2025-02-22,Assam,Dibrugarh,Dibrugarh,27.48,94.91,107.0,11.5,13.1,23.8,102.4,23.0,14.6,12.4
2025-02-23,Assam,Dibrugarh,Dibrugarh,27.48,94.91,107.0,5.8,18.9,29.6,108.2,25.0,13.6,10.9
2025-02-24,Assam,Dibrugarh,Dibrugarh,27.48,94.91,107.0,0.9,18.2,30.2,107.4,24.0,14.5,10.4
2025-02-25,Assam,Dibrugarh,Dibrugarh,27.48,94.91,107.0,3.7,10.4,24.6,74.2,23.3,14.4,16.4
2025-02-26,Assam,Dibrugarh,Dibrugarh,27.48,94.91,107.0,0.0,4.6,23.5,60.1,25.6,11.9,7.5
2025-02-27,Assam,Dibrugarh,Dibrugarh,27.48,94.91,107.0,0.0,3.7,23.5,39.2,27.3,13.4,6.2
2025-02-28,Assam,Dibrugarh,Dibrugarh,27.48,94.91,107.0,0.0,0.0,21.9,34.3,27.8,16.5,5.6
2025-03-01,Assam,Dibrugarh,Dibrugarh,27.48,94.91,107.0,5.6,5.6,16.0,39.8,23.0,16.8,9.6
2025-03-02,Assam,Dibrugarh,Dibrugarh,27.48,94.91,107.0,1.1,6.7,11.3,40.9,21.5,16.0,18.7
2025-03-03,Assam,Dibrugarh,Dibrugarh,27.48,94.91,107.0,1.8,8.5,12.2,42.4,21.2,15.4,16.5
2025-03-04,Assam,Dibrugarh,Dibrugarh,27.48,94.91,107.0,2.1,5.0,10.6,35.2,21.8,15.6,15.7
2025-03-05,Assam,Dibrugarh,Dibrugarh,27.48,94.91,107.0,10.9,14.8,21.5,45.0,20.2,15.7,17.1
2025-03-06,Assam,Dibrugarh,Dibrugarh,27.48,94.91,107.0,0.9,13.9,22.4,45.9,24.9,15.3,10.4
2025-03-07,Assam,Dibrugarh,Dibrugarh,27.48,94.91,107.0,0.0,11.8,22.4,44.3,26.2,13.1,12.4
2025-03-08,Assam,Dibrugarh,Dibrugarh,27.48,94.91,107.0,0.1,1.0,16.9,32.9,25.7,16.3,14.5
2025-03-09,Assam,Dibrugarh,Dibrugarh,27.48,94.91,107.0,0.0,0.1,15.8,27.1,27.3,14.7,5.2
2025-03-10,Assam,Dibrugarh,Dibrugarh,27.48,94.91,107.0,0.0,0.1,14.0,26.2,28.8,14.6,6.7
2025-03-11,Assam,Dibrugarh,Dibrugarh,27.48,94.91,107.0,0.0,0.0,11.9,22.5,27.3,16.2,8.4
2025-03-12,Assam,Dibrugarh,Dibrugarh,27.48,94.91,107.0,1.6,1.6,2.6,24.1,22.8,16.1,12.3
2025-03-13,Assam,Dibrugarh,Dibrugarh,27.48,94.91,107.0,12.8,14.4,14.5,36.9,20.2,14.5,15.0
2025-03-14,Assam,Dibrugarh,Dibrugarh,27.48,94.91,107.0,3.1,17.5,17.6,40.0,24.8,16.1,15.3
2025-03-15,Assam,Dibrugarh,Dibrugarh,27.48,94.91,107.0,0.0,15.9,17.5,34.4,26.8,15.6,11.1
2025-03-16,Assam,Dibrugarh,Dibrugarh,27.48,94.91,107.0,17.0,20.1,34.5,50.3,23.8,17.9,14.2
2025-03-17,Assam,Dibrugarh,Dibrugarh,27.48,94.91,107.0,27.3,44.3,61.8,75.8,25.4,17.7,18.9
2025-03-18,Assam,Dibrugarh,Dibrugarh,27.48,94.91,107.0,20.3,64.6,82.1,94.0,26.2,17.7,22.4
2025-03-19,Assam,Dibrugarh,Dibrugarh,27.48,94.91,107.0,0.0,47.6,80.5,83.1,28.5,16.5,19.3
2025-03-20,Assam,Dibrugarh,Dibrugarh,27.48,94.91,107.0,0.0,20.3,67.7,82.2,27.2,16.8,11.6
2025-03-21,Assam,Dibrugarh,Dibrugarh,27.48,94.91,107.0,14.1,14.1,78.7,96.3,23.1,17.9,14.6
2025-03-22,Assam,Dibrugarh,Dibrugarh,27.48,94.91,107.0,12.0,26.1,90.7,108.2,22.1,17.3,14.0
2025-03-23,Assam,Dibrugarh,Dibrugarh,27.48,94.91,107.0,1.9,28.0,75.6,110.1,26.6,17.2,10.0
2025-03-24,Assam,Dibrugarh,Dibrugarh,27.48,94.91,107.0,0.0,13.9,48.3,110.1,28.9,16.4,6.9
2025-03-25,Assam,Dibrugarh,Dibrugarh,27.48,94.91,107.0,0.0,1.9,28.0,110.1,30.0,15.5,8.1
2025-03-26,Assam,Dibrugarh,Dibrugarh,27.48,94.91,107.0,0.0,0.0,28.0,108.5,30.1,15.7,6.2
2025-03-27,Assam,Dibrugarh,Dibrugarh,27.48,94.91,107.0,0.0,0.0,28.0,95.7,31.0,16.7,6.5
2025-03-28,Assam,Dibrugarh,Dibrugarh,27.48,94.91,107.0,18.0,18.0,31.9,110.6,25.7,18.7,17.6
2025-03-29,Assam,Dibrugarh,Dibrugarh,27.48,94.91,107.0,24.2,42.2,44.1,134.8,24.8,19.7,18.1
2025-03-30,Assam,Dibrugarh,Dibrugarh,27.48,94.91,107.0,0.3,42.5,42.5,118.1,27.5,19.1,13.8
2025-03-31,Assam,Dibrugarh,Dibrugarh,27.48,94.91,107.0,0.0,24.5,42.5,90.8,30.2,18.6,12.1
2025-04-01,Assam,Dibrugarh,Dibrugarh,27.48,94.91,107.0,0.0,0.3,42.5,70.5,28.4,19.7,17.6
2025-04-02,Assam,Dibrugarh,Dibrugarh,27.48,94.91,107.0,2.8,2.8,45.3,73.3,27.6,19.3,13.8
2025-04-03,Assam,Dibrugarh,Dibrugarh,27.48,94.91,107.0,4.8,7.6,50.1,78.1,27.8,19.5,18.9
2025-04-04,Assam,Dibrugarh,Dibrugarh,27.48,94.91,107.0,0.1,7.7,32.2,64.1,29.7,19.1,15.5
2025-04-05,Assam,Dibrugarh,Dibrugarh,27.48,94.91,107.0,5.1,10.0,13.1,57.2,29.4,18.8,20.1
2025-04-06,Assam,Dibrugarh,Dibrugarh,27.48,94.91,107.0,3.9,9.1,16.7,59.2,28.8,18.2,10.2
2025-04-07,Assam,Dibrugarh,Dibrugarh,27.48,94.91,107.0,0.0,9.0,16.7,59.2,30.2,19.2,5.5
2025-04-08,Assam,Dibrugarh,Dibrugarh,27.48,94.91,107.0,0.0,3.9,16.7,59.2,32.0,20.3,5.6
2025-04-09,Assam,Dibrugarh,Dibrugarh,27.48,94.91,107.0,0.1,0.1,14.0,59.3,29.6,20.3,13.6
2025-04-10,Assam,Dibrugarh,Dibrugarh,27.48,94.91,107.0,5.9,6.0,15.1,65.2,29.3,20.8,10.0
2025-04-11,Assam,Dibrugarh,Dibrugarh,27.48,94.91,107.0,0.8,6.8,15.8,48.0,27.3,20.4,10.3
2025-04-12,Assam,Dibrugarh,Dibrugarh,27.48,94.91,107.0,0.0,6.7,10.7,23.8,29.1,19.9,12.1
2025-04-13,Assam,Dibrugarh,Dibrugarh,27.48,94.91,107.0,2.9,3.7,9.7,26.4,31.6,20.6,9.9
2025-04-14,Assam,Dibrugarh,Dibrugarh,27.48,94.91,107.0,0.0,2.9,9.7,26.4,31.3,21.6,8.7
2025-04-15,Assam,Dibrugarh,Dibrugarh,27.48,94.91,107.0,0.0,2.9,9.7,26.4,31.6,21.5,9.2
2025-04-16,Assam,Dibrugarh,Dibrugarh,27.48,94.91,107.0,4.3,4.3,13.9,27.9,29.4,21.6,12.4
2025-04-17,Assam,Dibrugarh,Dibrugarh,27.48,94.91,107.0,11.9,16.2,19.9,35.0,27.5,20.2,9.6
2025-04-18,Assam,Dibrugarh,Dibrugarh,27.48,94.91,107.0,13.1,29.3,32.2,48.0,29.0,20.4,9.5
2025-04-19,Assam,Dibrugarh,Dibrugarh,27.48,94.91,107.0,0.9,25.9,33.1,43.8,29.5,21.2,9.8
2025-04-20,Assam,Dibrugarh,Dibrugarh,27.48,94.91,107.0,4.2,18.2,34.4,44.1,29.3,21.2,23.1
2025-04-21,Assam,Dibrugarh,Dibrugarh,27.48,94.91,107.0,0.6,5.7,35.0,44.7,31.0,20.7,11.9
2025-04-22,Assam,Dibrugarh,Dibrugarh,27.48,94.91,107.0,4.0,8.8,39.0,48.7,29.3,21.9,9.5
2025-04-23,Assam,Dibrugarh,Dibrugarh,27.48,94.91,107.0,113.4,118.0,148.1,162.0,24.8,21.4,25.9
2025-04-24,Assam,Dibrugarh,Dibrugarh,27.48,94.91,107.0,104.0,221.4,240.2,260.1,25.9,20.4,17.3
2025-04-25,Assam,Dibrugarh,Dibrugarh,27.48,94.91,107.0,64.2,281.6,291.3,323.5,25.4,19.1,17.0
2025-04-26,Assam,Dibrugarh,Dibrugarh,27.48,94.91,107.0,35.1,203.3,325.5,358.6,25.0,19.8,14.2
2025-04-27,Assam,Dibrugarh,Dibrugarh,27.48,94.91,107.0,34.4,133.7,355.7,390.1,27.5,20.2,14.2
2025-04-28,Assam,Dibrugarh,Dibrugarh,27.48,94.91,107.0,5.5,75.0,360.6,395.6,26.8,19.4,13.8
2025-04-29,Assam,Dibrugarh,Dibrugarh,27.48,94.91,107.0,0.4,40.3,357.0,396.0,27.5,19.5,8.3
2025-04-30,Assam,Dibrugarh,Dibrugarh,27.48,94.91,107.0,0.0,5.9,243.6,391.7,30.6,19.0,6.5
2025-05-01,Assam,Dibrugarh,Dibrugarh,27.48,94.91,107.0,0.6,1.0,140.2,380.4,29.9,21.5,13.1
2025-05-02,Assam,Dibrugarh,Dibrugarh,27.48,94.91,107.0,0.0,0.6,76.0,367.3,28.5,20.7,15.9
2025-05-03,Assam,Dibrugarh,Dibrugarh,27.48,94.91,107.0,9.0,9.6,49.9,375.4,29.4,20.7,7.4
2025-05-04,Assam,Dibrugarh,Dibrugarh,27.48,94.91,107.0,0.1,9.1,15.6,371.3,30.5,20.7,19.8
2025-05-05,Assam,Dibrugarh,Dibrugarh,27.48,94.91,107.0,1.9,11.0,12.0,372.6,30.2,21.7,9.2
2025-05-06,Assam,Dibrugarh,Dibrugarh,27.48,94.91,107.0,22.7,24.7,34.3,391.3,30.4,21.3,12.5
2025-05-07,Assam,Dibrugarh,Dibrugarh,27.48,94.91,107.0,60.7,85.3,95.0,338.6,28.4,21.2,12.4
2025-05-08,Assam,Dibrugarh,Dibrugarh,27.48,94.91,107.0,5.2,88.6,99.6,239.8,29.4,21.3,9.6
2025-05-09,Assam,Dibrugarh,Dibrugarh,27.48,94.91,107.0,2.5,68.4,102.1,178.1,31.5,22.2,9.9
2025-05-10,Assam,Dibrugarh,Dibrugarh,27.48,94.91,107.0,5.3,13.0,98.4,148.3,31.6,22.8,16.1
2025-05-11,Assam,Dibrugarh,Dibrugarh,27.48,94.91,107.0,16.9,24.7,115.2,130.8,29.2,22.5,13.7
2025-05-12,Assam,Dibrugarh,Dibrugarh,27.48,94.91,107.0,26.3,48.5,139.6,151.6,30.0,21.7,12.9
2025-05-13,Assam,Dibrugarh,Dibrugarh,27.48,94.91,107.0,49.7,92.9,166.6,200.9,28.3,22.0,14.2
2025-05-14,Assam,Dibrugarh,Dibrugarh,27.48,94.91,107.0,43.1,119.1,149.0,244.0,24.8,22.0,16.7
2025-05-15,Assam,Dibrugarh,Dibrugarh,27.48,94.91,107.0,34.1,126.9,177.9,277.5,25.8,21.4,10.6
2025-05-16,Assam,Dibrugarh,Dibrugarh,27.48,94.91,107.0,18.0,95.2,193.4,295.5,27.4,21.2,12.0
2025-05-17,Assam,Dibrugarh,Dibrugarh,27.48,94.91,107.0,19.6,71.7,207.7,306.1,26.1,21.3,11.7
2025-05-18,Assam,Dibrugarh,Dibrugarh,27.48,94.91,107.0,32.8,70.4,223.6,338.8,25.8,21.2,10.9
2025-05-19,Assam,Dibrugarh,Dibrugarh,27.48,94.91,107.0,2.2,54.6,199.5,339.1,27.2,19.8,6.8
2025-05-20,Assam,Dibrugarh,Dibrugarh,27.48,94.91,107.0,25.9,60.9,175.7,342.3,26.0,22.3,8.9
2025-05-21,Assam,Dibrugarh,Dibrugarh,27.48,94.91,107.0,6.0,34.1,138.6,287.6,29.4,21.9,11.7
2025-05-22,Assam,Dibrugarh,Dibrugarh,27.48,94.91,107.0,0.1,32.0,104.6,282.5,30.3,22.2,9.6
2025-05-23,Assam,Dibrugarh,Dibrugarh,27.48,94.91,107.0,0.1,6.2,86.7,280.1,32.2,23.2,6.2
2025-05-24,Assam,Dibrugarh,Dibrugarh,27.48,94.91,107.0,2.9,3.1,70.0,277.7,32.5,24.1,11.6
2025-05-25,Assam,Dibrugarh,Dibrugarh,27.48,94.91,107.0,1.2,4.2,38.4,262.0,33.0,25.0,14.9
2025-05-26,Assam,Dibrugarh,Dibrugarh,27.48,94.91,107.0,8.7,12.8,44.9,244.4,27.2,23.6,12.7
2025-05-27,Assam,Dibrugarh,Dibrugarh,27.48,94.91,107.0,10.1,20.0,29.1,204.8,31.0,22.8,13.5
2025-05-28,Assam,Dibrugarh,Dibrugarh,27.48,94.91,107.0,3.0,21.8,26.1,164.7,34.9,25.2,14.8
2025-05-29,Assam,Dibrugarh,Dibrugarh,27.48,94.91,107.0,34.6,47.7,60.6,165.2,26.6,23.9,16.5
2025-05-30,Assam,Dibrugarh,Dibrugarh,27.48,94.91,107.0,62.2,99.8,122.7,209.4,25.4,23.6,22.2
2025-05-31,Assam,Dibrugarh,Dibrugarh,27.48,94.91,107.0,50.0,146.8,169.8,239.8,27.8,23.2,21.5
2025-06-01,Assam,Dibrugarh,Dibrugarh,27.48,94.91,107.0,34.8,147.0,203.4,241.8,30.0,24.0,15.0
2025-06-02,Assam,Dibrugarh,Dibrugarh,27.48,94.91,107.0,36.0,120.8,230.7,275.6,29.5,23.3,14.6
2025-06-03,Assam,Dibrugarh,Dibrugarh,27.48,94.91,107.0,23.0,93.8,243.6,272.7,29.0,23.0,11.8
2025-06-04,Assam,Dibrugarh,Dibrugarh,27.48,94.91,107.0,4.8,63.8,245.4,271.5,30.5,23.6,9.0
2025-06-05,Assam,Dibrugarh,Dibrugarh,27.48,94.91,107.0,3.2,31.0,214.0,274.6,31.7,23.8,6.8
2025-06-06,Assam,Dibrugarh,Dibrugarh,27.48,94.91,107.0,0.6,8.6,152.4,275.1,32.0,23.5,12.3
2025-06-07,Assam,Dibrugarh,Dibrugarh,27.48,94.91,107.0,4.6,8.4,107.0,276.8,32.2,23.8,9.2
2025-06-08,Assam,Dibrugarh,Dibrugarh,27.48,94.91,107.0,2.3,7.5,74.5,277.9,33.0,24.7,11.7
2025-06-09,Assam,Dibrugarh,Dibrugarh,27.48,94.91,107.0,0.6,7.5,39.1,269.8,34.2,24.8,10.0
2025-06-10,Assam,Dibrugarh,Dibrugarh,27.48,94.91,107.0,1.4,4.3,17.5,261.1,35.0,26.0,11.7
2025-06-11,Assam,Dibrugarh,Dibrugarh,27.48,94.91,107.0,0.0,2.0,12.7,258.1,35.1,25.4,7.5
2025-06-12,Assam,Dibrugarh,Dibrugarh,27.48,94.91,107.0,0.0,1.4,9.5,223.5,36.5,27.3,8.1
2025-06-13,Assam,Dibrugarh,Dibrugarh,27.48,94.91,107.0,1.0,1.0,9.9,162.3,36.2,27.6,12.5
2025-06-14,Assam,Dibrugarh,Dibrugarh,27.48,94.91,107.0,6.9,7.9,12.2,119.2,34.1,25.6,10.4
2025-06-15,Assam,Dibrugarh,Dibrugarh,27.48,94.91,107.0,7.1,15.0,17.0,91.5,34.1,25.9,12.1
2025-06-16,Assam,Dibrugarh,Dibrugarh,27.48,94.91,107.0,23.5,37.5,39.9,79.0,30.3,25.0,8.5
2025-06-17,Assam,Dibrugarh,Dibrugarh,27.48,94.91,107.0,14.6,45.2,53.1,70.6,33.1,24.9,12.3
2025-06-18,Assam,Dibrugarh,Dibrugarh,27.48,94.91,107.0,2.2,40.3,55.3,68.0,32.9,25.6,8.9
2025-06-19,Assam,Dibrugarh,Dibrugarh,27.48,94.91,107.0,23.7,40.5,79.0,88.5,32.1,25.8,13.4
2025-06-20,Assam,Dibrugarh,Dibrugarh,27.48,94.91,107.0,3.6,29.5,81.6,91.5,32.8,25.7,13.6
2025-06-21,Assam,Dibrugarh,Dibrugarh,27.48,94.91,107.0,10.8,38.1,85.5,97.7,32.1,24.9,13.2
2025-06-22,Assam,Dibrugarh,Dibrugarh,27.48,94.91,107.0,24.3,38.7,102.7,119.7,33.3,24.6,10.3
2025-06-23,Assam,Dibrugarh,Dibrugarh,27.48,94.91,107.0,17.2,52.3,96.4,136.3,30.6,24.7,12.6
2025-06-24,Assam,Dibrugarh,Dibrugarh,27.48,94.91,107.0,26.0,67.5,107.8,160.9,28.2,23.8,15.3
2025-06-25,Assam,Dibrugarh,Dibrugarh,27.48,94.91,107.0,3.4,46.6,109.0,164.3,33.2,23.7,10.2
2025-06-26,Assam,Dibrugarh,Dibrugarh,27.48,94.91,107.0,1.8,31.2,87.1,166.1,33.1,24.8,9.4
2025-06-27,Assam,Dibrugarh,Dibrugarh,27.48,94.91,107.0,14.2,19.4,97.7,179.3,32.0,24.6,11.7
2025-06-28,Assam,Dibrugarh,Dibrugarh,27.48,94.91,107.0,6.0,22.0,92.9,178.4,32.2,25.2,12.1
2025-06-29,Assam,Dibrugarh,Dibrugarh,27.48,94.91,107.0,5.5,25.7,74.1,176.8,32.1,24.6,11.7
2025-06-30,Assam,Dibrugarh,Dibrugarh,27.48,94.91,107.0,2.4,13.9,59.3,155.7,34.3,26.0,8.0
2025-07-01,Assam,Dibrugarh,Dibrugarh,27.48,94.91,107.0,27.2,35.1,60.5,168.3,32.7,25.3,13.8
2025-07-02,Assam,Dibrugarh,Dibrugarh,27.48,94.91,107.0,23.9,53.5,81.0,190.0,31.8,25.3,8.8
2025-07-03,Assam,Dibrugarh,Dibrugarh,27.48,94.91,107.0,14.6,65.7,93.8,180.9,31.6,24.9,7.7
2025-07-04,Assam,Dibrugarh,Dibrugarh,27.48,94.91,107.0,5.5,44.0,85.1,182.8,31.5,25.3,7.1
2025-07-05,Assam,Dibrugarh,Dibrugarh,27.48,94.91,107.0,1.1,21.2,80.2,173.1,29.5,25.8,11.4
2025-07-06,Assam,Dibrugarh,Dibrugarh,27.48,94.91,107.0,1.9,8.5,76.6,150.7,28.5,25.7,12.0
2025-07-07,Assam,Dibrugarh,Dibrugarh,27.48,94.91,107.0,2.3,5.3,76.5,135.8,33.6,25.0,13.4
2025-07-08,Assam,Dibrugarh,Dibrugarh,27.48,94.91,107.0,20.5,24.7,69.8,130.3,32.4,25.0,12.2
2025-07-09,Assam,Dibrugarh,Dibrugarh,27.48,94.91,107.0,7.9,30.7,53.8,134.8,33.5,25.1,12.6
2025-07-10,Assam,Dibrugarh,Dibrugarh,27.48,94.91,107.0,0.5,28.9,39.7,133.5,33.5,24.4,10.2
2025-07-11,Assam,Dibrugarh,Dibrugarh,27.48,94.91,107.0,5.9,14.3,40.1,125.2,34.0,24.6,13.2
2025-07-12,Assam,Dibrugarh,Dibrugarh,27.48,94.91,107.0,0.3,6.7,39.3,119.5,35.2,26.5,4.3
2025-07-13,Assam,Dibrugarh,Dibrugarh,27.48,94.91,107.0,0.0,6.2,37.4,114.0,36.9,27.1,9.3
2025-07-14,Assam,Dibrugarh,Dibrugarh,27.48,94.91,107.0,31.8,32.1,66.9,143.4,36.6,25.2,16.1
2025-07-15,Assam,Dibrugarh,Dibrugarh,27.48,94.91,107.0,24.4,56.2,70.8,140.6,32.2,24.5,9.0
2025-07-16,Assam,Dibrugarh,Dibrugarh,27.48,94.91,107.0,5.6,61.8,68.5,122.3,31.3,25.5,15.7
2025-07-17,Assam,Dibrugarh,Dibrugarh,27.48,94.91,107.0,16.6,46.6,84.6,124.3,33.0,25.2,14.4
2025-07-18,Assam,Dibrugarh,Dibrugarh,27.48,94.91,107.0,2.7,24.9,81.4,121.5,33.6,25.8,13.2
2025-07-19,Assam,Dibrugarh,Dibrugarh,27.48,94.91,107.0,29.0,48.3,110.1,149.4,29.8,25.8,13.1
2025-07-20,Assam,Dibrugarh,Dibrugarh,27.48,94.91,107.0,0.1,31.8,110.2,147.6,34.8,25.5,13.0
2025-07-21,Assam,Dibrugarh,Dibrugarh,27.48,94.91,107.0,35.9,65.0,114.3,181.2,32.9,25.5,8.0
2025-07-22,Assam,Dibrugarh,Dibrugarh,27.48,94.91,107.0,0.1,36.1,90.0,160.8,34.6,26.5,8.6
2025-07-23,Assam,Dibrugarh,Dibrugarh,27.48,94.91,107.0,0.9,36.9,85.3,153.8,34.8,26.3,14.3
2025-07-24,Assam,Dibrugarh,Dibrugarh,27.48,94.91,107.0,1.0,2.0,69.7,154.3,36.1,27.9,7.6
2025-07-25,Assam,Dibrugarh,Dibrugarh,27.48,94.91,107.0,10.0,11.9,77.0,158.4,35.8,28.0,14.2
2025-07-26,Assam,Dibrugarh,Dibrugarh,27.48,94.91,107.0,2.9,13.9,50.9,161.0,31.5,26.4,13.1
2025-07-27,Assam,Dibrugarh,Dibrugarh,27.48,94.91,107.0,19.8,32.7,70.6,180.8,31.5,25.5,12.4
2025-07-28,Assam,Dibrugarh,Dibrugarh,27.48,94.91,107.0,2.3,25.0,37.0,151.3,33.7,26.9,8.9
2025-07-29,Assam,Dibrugarh,Dibrugarh,27.48,94.91,107.0,18.3,40.4,55.2,145.2,33.7,25.4,12.1
2025-07-30,Assam,Dibrugarh,Dibrugarh,27.48,94.91,107.0,19.8,40.4,74.1,159.4,32.6,25.5,9.7
2025-07-31,Assam,Dibrugarh,Dibrugarh,27.48,94.91,107.0,19.8,57.9,92.9,162.6,32.9,24.6,17.2
2025-08-01,Assam,Dibrugarh,Dibrugarh,27.48,94.91,107.0,1.9,41.5,84.8,161.8,31.8,25.4,10.0
2025-08-02,Assam,Dibrugarh,Dibrugarh,27.48,94.91,107.0,44.0,65.7,125.9,176.8,30.5,25.6,10.0
2025-08-03,Assam,Dibrugarh,Dibrugarh,27.48,94.91,107.0,34.8,80.7,140.9,211.5,31.1,25.0,14.3
2025-08-04,Assam,Dibrugarh,Dibrugarh,27.48,94.91,107.0,68.6,147.4,207.2,244.2,31.2,24.6,11.3
2025-08-05,Assam,Dibrugarh,Dibrugarh,27.48,94.91,107.0,19.3,122.7,208.2,263.4,32.3,24.5,14.3
2025-08-06,Assam,Dibrugarh,Dibrugarh,27.48,94.91,107.0,8.0,95.9,196.4,270.5,33.1,25.4,14.8
2025-08-07,Assam,Dibrugarh,Dibrugarh,27.48,94.91,107.0,12.2,39.5,188.8,281.7,30.9,25.4,10.4
2025-08-08,Assam,Dibrugarh,Dibrugarh,27.48,94.91,107.0,42.8,63.0,229.7,314.5,30.3,25.2,11.9
2025-08-09,Assam,Dibrugarh,Dibrugarh,27.48,94.91,107.0,20.9,75.9,206.6,332.5,31.7,24.9,19.1
2025-08-10,Assam,Dibrugarh,Dibrugarh,27.48,94.91,107.0,7.2,70.9,179.0,319.9,28.4,25.1,12.9
2025-08-11,Assam,Dibrugarh,Dibrugarh,27.48,94.91,107.0,30.4,58.5,140.8,348.0,29.6,25.0,10.4
2025-08-12,Assam,Dibrugarh,Dibrugarh,27.48,94.91,107.0,22.2,59.8,143.7,351.9,30.8,24.7,13.0
2025-08-13,Assam,Dibrugarh,Dibrugarh,27.48,94.91,107.0,6.9,59.5,142.6,339.0,27.2,25.3,8.7
2025-08-14,Assam,Dibrugarh,Dibrugarh,27.48,94.91,107.0,0.7,29.8,131.1,319.9,31.8,24.6,6.7
2025-08-15,Assam,Dibrugarh,Dibrugarh,27.48,94.91,107.0,5.6,13.2,93.9,323.6,33.6,24.8,11.7
2025-08-16,Assam,Dibrugarh,Dibrugarh,27.48,94.91,107.0,0.6,6.9,73.6,280.2,34.4,26.6,6.3
2025-08-17,Assam,Dibrugarh,Dibrugarh,27.48,94.91,107.0,5.6,11.8,72.0,251.0,34.4,27.3,7.1
2025-08-18,Assam,Dibrugarh,Dibrugarh,27.48,94.91,107.0,17.2,23.4,58.8,199.6,33.0,26.0,11.7
2025-08-19,Assam,Dibrugarh,Dibrugarh,27.48,94.91,107.0,27.0,49.8,63.6,207.3,29.6,25.1,9.5
2025-08-20,Assam,Dibrugarh,Dibrugarh,27.48,94.91,107.0,26.9,71.1,83.6,226.2,30.0,24.5,13.2
2025-08-21,Assam,Dibrugarh,Dibrugarh,27.48,94.91,107.0,44.1,98.0,127.0,258.1,29.4,24.2,10.9
2025-08-22,Assam,Dibrugarh,Dibrugarh,27.48,94.91,107.0,3.3,74.3,124.7,218.6,31.3,24.0,13.1
2025-08-23,Assam,Dibrugarh,Dibrugarh,27.48,94.91,107.0,15.2,62.6,139.3,212.9,31.4,24.6,10.1
2025-08-24,Assam,Dibrugarh,Dibrugarh,27.48,94.91,107.0,0.4,18.9,134.1,206.1,32.3,25.8,9.4
2025-08-25,Assam,Dibrugarh,Dibrugarh,27.48,94.91,107.0,6.6,22.2,123.5,182.3,31.8,25.9,10.6
2025-08-26,Assam,Dibrugarh,Dibrugarh,27.48,94.91,107.0,0.0,7.0,96.5,160.1,33.4,25.9,7.6
2025-08-27,Assam,Dibrugarh,Dibrugarh,27.48,94.91,107.0,10.6,17.2,80.2,163.8,32.6,25.3,19.3
2025-08-28,Assam,Dibrugarh,Dibrugarh,27.48,94.91,107.0,25.8,36.4,61.9,188.9,29.8,24.7,11.3
2025-08-29,Assam,Dibrugarh,Dibrugarh,27.48,94.91,107.0,26.9,63.3,85.5,210.2,28.5,24.6,6.8
2025-08-30,Assam,Dibrugarh,Dibrugarh,27.48,94.91,107.0,4.3,57.0,74.6,213.9,29.3,24.9,10.1
2025-08-31,Assam,Dibrugarh,Dibrugarh,27.48,94.91,107.0,1.1,32.3,75.3,209.4,31.4,25.1,5.9
2025-09-01,Assam,Dibrugarh,Dibrugarh,27.48,94.91,107.0,0.0,5.4,68.7,192.2,34.7,25.7,7.8
2025-09-02,Assam,Dibrugarh,Dibrugarh,27.48,94.91,107.0,0.3,1.4,69.0,165.5,35.0,26.3,8.9
2025-09-03,Assam,Dibrugarh,Dibrugarh,27.48,94.91,107.0,2.0,2.3,60.4,140.6,34.5,25.9,18.8
2025-09-04,Assam,Dibrugarh,Dibrugarh,27.48,94.91,107.0,5.0,7.3,39.6,101.5,31.9,25.2,11.9
2025-09-05,Assam,Dibrugarh,Dibrugarh,27.48,94.91,107.0,16.0,23.0,28.7,114.2,30.6,25.2,12.1
2025-09-06,Assam,Dibrugarh,Dibrugarh,27.48,94.91,107.0,9.3,30.3,33.7,108.3,31.1,24.5,9.8
2025-09-07,Assam,Dibrugarh,Dibrugarh,27.48,94.91,107.0,16.0,41.3,48.6,123.9,31.4,24.4,9.9
2025-09-08,Assam,Dibrugarh,Dibrugarh,27.48,94.91,107.0,25.1,50.4,73.7,142.4,30.9,24.3,8.0
2025-09-09,Assam,Dibrugarh,Dibrugarh,27.48,94.91,107.0,5.9,47.0,79.3,148.3,31.3,25.3,9.7
2025-09-10,Assam,Dibrugarh,Dibrugarh,27.48,94.91,107.0,10.4,41.4,87.7,148.1,29.9,24.7,7.5
2025-09-11,Assam,Dibrugarh,Dibrugarh,27.48,94.91,107.0,0.8,17.1,83.5,123.1,30.7,25.2,7.1
2025-09-12,Assam,Dibrugarh,Dibrugarh,27.48,94.91,107.0,22.0,33.2,89.5,118.2,31.1,25.7,8.0
2025-09-13,Assam,Dibrugarh,Dibrugarh,27.48,94.91,107.0,27.1,49.9,107.3,141.0,30.5,24.4,13.0
2025-09-14,Assam,Dibrugarh,Dibrugarh,27.48,94.91,107.0,33.4,82.5,124.7,173.3,30.8,24.3,9.5
2025-09-15,Assam,Dibrugarh,Dibrugarh,27.48,94.91,107.0,11.3,71.8,110.9,184.6,28.5,24.0,7.3
2025-09-16,Assam,Dibrugarh,Dibrugarh,27.48,94.91,107.0,8.9,53.6,113.9,193.2,28.7,24.5,9.8
2025-09-17,Assam,Dibrugarh,Dibrugarh,27.48,94.91,107.0,18.6,38.8,122.1,209.8,28.9,23.9,9.3
2025-09-18,Assam,Dibrugarh,Dibrugarh,27.48,94.91,107.0,15.5,43.0,136.8,220.3,29.5,23.7,8.0
2025-09-19,Assam,Dibrugarh,Dibrugarh,27.48,94.91,107.0,1.4,35.5,116.2,205.7,31.3,23.9,7.7
2025-09-20,Assam,Dibrugarh,Dibrugarh,27.48,94.91,107.0,0.1,17.0,89.2,196.5,32.1,25.1,8.3
2025-09-21,Assam,Dibrugarh,Dibrugarh,27.48,94.91,107.0,1.5,3.0,57.3,182.0,33.6,25.9,4.9
2025-09-22,Assam,Dibrugarh,Dibrugarh,27.48,94.91,107.0,0.1,1.7,46.1,157.0,33.4,26.2,6.4
2025-09-23,Assam,Dibrugarh,Dibrugarh,27.48,94.91,107.0,2.5,4.1,39.7,153.6,32.6,24.7,16.1
2025-09-24,Assam,Dibrugarh,Dibrugarh,27.48,94.91,107.0,0.1,2.7,21.2,143.3,32.8,26.0,11.0
2025-09-25,Assam,Dibrugarh,Dibrugarh,27.48,94.91,107.0,0.0,2.6,5.7,142.5,34.1,26.2,5.7
2025-09-26,Assam,Dibrugarh,Dibrugarh,27.48,94.91,107.0,0.0,0.1,4.3,120.5,35.2,26.7,6.5
2025-09-27,Assam,Dibrugarh,Dibrugarh,27.48,94.91,107.0,2.8,2.8,7.0,96.2,31.3,26.5,12.3
2025-09-28,Assam,Dibrugarh,Dibrugarh,27.48,94.91,107.0,1.6,4.4,7.1,64.4,32.7,26.7,7.9
2025-09-29,Assam,Dibrugarh,Dibrugarh,27.48,94.91,107.0,0.5,4.9,7.5,53.6,33.3,26.6,5.2
2025-09-30,Assam,Dibrugarh,Dibrugarh,27.48,94.91,107.0,18.1,20.2,23.1,62.8,34.4,24.7,20.3
2025-10-01,Assam,Dibrugarh,Dibrugarh,27.48,94.91,107.0,11.6,30.2,34.6,55.8,27.5,23.8,8.8
2025-10-02,Assam,Dibrugarh,Dibrugarh,27.48,94.91,107.0,13.3,43.0,47.9,53.6,30.2,24.2,10.7
2025-10-03,Assam,Dibrugarh,Dibrugarh,27.48,94.91,107.0,17.6,42.5,65.5,69.8,28.9,24.1,8.7
2025-10-04,Assam,Dibrugarh,Dibrugarh,27.48,94.91,107.0,58.1,89.0,120.8,127.8,28.9,23.4,11.4
2025-10-05,Assam,Dibrugarh,Dibrugarh,27.48,94.91,107.0,8.4,84.1,127.6,134.7,28.6,23.0,11.1
2025-10-06,Assam,Dibrugarh,Dibrugarh,27.48,94.91,107.0,2.9,69.4,130.0,137.5,29.9,23.2,10.0
2025-10-07,Assam,Dibrugarh,Dibrugarh,27.48,94.91,107.0,14.6,25.9,126.5,149.6,29.4,23.2,8.4
2025-10-08,Assam,Dibrugarh,Dibrugarh,27.48,94.91,107.0,1.9,19.4,116.8,151.4,29.2,23.6,7.3
2025-10-09,Assam,Dibrugarh,Dibrugarh,27.48,94.91,107.0,0.4,16.9,103.9,151.8,30.0,24.2,8.0
2025-10-10,Assam,Dibrugarh,Dibrugarh,27.48,94.91,107.0,1.0,3.3,87.3,152.8,29.9,24.0,6.7
2025-10-11,Assam,Dibrugarh,Dibrugarh,27.48,94.91,107.0,28.2,29.6,57.4,178.2,26.1,23.1,9.0
2025-10-12,Assam,Dibrugarh,Dibrugarh,27.48,94.91,107.0,22.6,51.8,71.6,199.2,29.6,21.4,12.4
2025-10-13,Assam,Dibrugarh,Dibrugarh,27.48,94.91,107.0,0.0,50.8,68.7,198.7,30.5,22.7,6.8
2025-10-14,Assam,Dibrugarh,Dibrugarh,27.48,94.91,107.0,0.5,23.1,54.6,181.1,30.9,22.3,13.4
2025-10-15,Assam,Dibrugarh,Dibrugarh,27.48,94.91,107.0,0.0,0.5,52.7,169.5,31.5,22.9,4.7
2025-10-16,Assam,Dibrugarh,Dibrugarh,27.48,94.91,107.0,0.0,0.5,52.3,156.2,31.6,23.2,5.7
2025-10-17,Assam,Dibrugarh,Dibrugarh,27.48,94.91,107.0,0.0,0.0,51.3,138.6,31.2,22.3,5.9
2025-10-18,Assam,Dibrugarh,Dibrugarh,27.48,94.91,107.0,0.0,0.0,23.1,80.5,31.1,23.0,4.8
2025-10-19,Assam,Dibrugarh,Dibrugarh,27.48,94.91,107.0,0.0,0.0,0.5,72.1,30.9,21.9,6.0
2025-10-20,Assam,Dibrugarh,Dibrugarh,27.48,94.91,107.0,0.0,0.0,0.5,69.2,31.0,21.4,4.3
2025-10-21,Assam,Dibrugarh,Dibrugarh,27.48,94.91,107.0,0.0,0.0,0.0,54.6,30.5,20.9,3.2
2025-10-22,Assam,Dibrugarh,Dibrugarh,27.48,94.91,107.0,0.0,0.0,0.0,52.7,30.8,21.2,6.1
2025-10-23,Assam,Dibrugarh,Dibrugarh,27.48,94.91,107.0,0.0,0.0,0.0,52.3,31.0,20.4,7.6
2025-10-24,Assam,Dibrugarh,Dibrugarh,27.48,94.91,107.0,0.0,0.0,0.0,51.3,28.9,22.1,10.0
2025-10-25,Assam,Dibrugarh,Dibrugarh,27.48,94.91,107.0,0.2,0.2,0.2,23.3,28.4,21.5,17.0
2025-10-26,Assam,Dibrugarh,Dibrugarh,27.48,94.91,107.0,0.0,0.2,0.2,0.7,29.3,21.0,9.0
2025-10-27,Assam,Dibrugarh,Dibrugarh,27.48,94.91,107.0,0.0,0.2,0.2,0.7,30.0,20.0,7.3
2025-10-28,Assam,Dibrugarh,Dibrugarh,27.48,94.91,107.0,0.0,0.0,0.2,0.2,30.5,21.6,6.4
2025-10-29,Assam,Dibrugarh,Dibrugarh,27.48,94.91,107.0,0.5,0.5,0.7,0.7,27.9,22.2,11.3
2025-10-30,Assam,Dibrugarh,Dibrugarh,27.48,94.91,107.0,1.0,1.5,1.7,1.7,26.0,22.8,6.9
2025-10-31,Assam,Dibrugarh,Dibrugarh,27.48,94.91,107.0,16.5,18.0,18.2,18.2,25.2,21.2,8.8
2025-11-01,Assam,Dibrugarh,Dibrugarh,27.48,94.91,107.0,7.7,25.2,25.7,25.9,24.3,21.2,10.6
2025-11-02,Assam,Dibrugarh,Dibrugarh,27.48,94.91,107.0,4.5,28.7,30.2,30.4,24.8,20.8,9.0
2025-11-03,Assam,Dibrugarh,Dibrugarh,27.48,94.91,107.0,0.0,12.2,30.2,30.4,29.0,19.9,4.0
2025-11-04,Assam,Dibrugarh,Dibrugarh,27.48,94.91,107.0,0.0,4.5,30.2,30.4,29.9,20.9,6.8
2025-11-05,Assam,Dibrugarh,Dibrugarh,27.48,94.91,107.0,0.2,0.2,29.9,30.6,27.2,23.2,10.8
2025-11-06,Assam,Dibrugarh,Dibrugarh,27.48,94.91,107.0,0.1,0.3,29.0,30.7,29.2,21.9,9.8
2025-11-07,Assam,Dibrugarh,Dibrugarh,27.48,94.91,107.0,0.0,0.3,12.5,30.7,29.1,20.9,8.0
2025-11-08,Assam,Dibrugarh,Dibrugarh,27.48,94.91,107.0,0.0,0.1,4.8,30.5,29.5,20.7,5.3
2025-11-09,Assam,Dibrugarh,Dibrugarh,27.48,94.91,107.0,0.0,0.0,0.3,30.5,28.9,20.9,7.7
2025-11-10,Assam,Dibrugarh,Dibrugarh,27.48,94.91,107.0,0.0,0.0,0.3,30.5,28.5,19.9,5.1
2025-11-11,Assam,Dibrugarh,Dibrugarh,27.48,94.91,107.0,0.0,0.0,0.3,30.5,28.0,18.8,5.6
2025-11-12,Assam,Dibrugarh,Dibrugarh,27.48,94.91,107.0,0.0,0.0,0.1,30.0,27.9,19.9,6.3
2025-11-13,Assam,Dibrugarh,Dibrugarh,27.48,94.91,107.0,0.0,0.0,0.0,29.0,27.4,19.3,8.1
2025-11-14,Assam,Dibrugarh,Dibrugarh,27.48,94.91,107.0,0.0,0.0,0.0,12.5,27.5,18.1,4.7
2025-11-15,Assam,Dibrugarh,Dibrugarh,27.48,94.91,107.0,0.0,0.0,0.0,4.8,27.6,18.2,5.1
2025-11-16,Assam,Dibrugarh,Dibrugarh,27.48,94.91,107.0,0.0,0.0,0.0,0.3,27.2,17.0,6.5
2025-11-17,Assam,Dibrugarh,Dibrugarh,27.48,94.91,107.0,0.0,0.0,0.0,0.3,27.1,15.4,6.0
2025-11-18,Assam,Dibrugarh,Dibrugarh,27.48,94.91,107.0,0.0,0.0,0.0,0.3,27.4,15.3,6.4
2025-11-19,Assam,Dibrugarh,Dibrugarh,27.48,94.91,107.0,0.0,0.0,0.0,0.1,27.8,15.3,6.0
2025-11-20,Assam,Dibrugarh,Dibrugarh,27.48,94.91,107.0,0.0,0.0,0.0,0.0,27.7,16.6,4.6
2025-11-21,Assam,Dibrugarh,Dibrugarh,27.48,94.91,107.0,0.0,0.0,0.0,0.0,27.7,17.7,8.2
2025-11-22,Assam,Dibrugarh,Dibrugarh,27.48,94.91,107.0,0.0,0.0,0.0,0.0,24.4,17.6,9.1
2025-11-23,Assam,Dibrugarh,Dibrugarh,27.48,94.91,107.0,2.9,2.9,2.9,2.9,22.7,17.5,9.8
2025-11-24,Assam,Dibrugarh,Dibrugarh,27.48,94.91,107.0,0.0,2.9,2.9,2.9,25.2,16.8,7.4
2025-11-25,Assam,Dibrugarh,Dibrugarh,27.48,94.91,107.0,0.0,2.9,2.9,2.9,26.0,15.8,9.0
2025-11-26,Assam,Dibrugarh,Dibrugarh,27.48,94.91,107.0,0.0,0.0,2.9,2.9,26.3,15.7,6.7
2025-11-27,Assam,Dibrugarh,Dibrugarh,27.48,94.91,107.0,0.0,0.0,2.9,2.9,27.6,14.9,9.1
2025-11-28,Assam,Dibrugarh,Dibrugarh,27.48,94.91,107.0,0.0,0.0,2.9,2.9,26.0,15.4,4.8
2025-11-29,Assam,Dibrugarh,Dibrugarh,27.48,94.91,107.0,0.0,0.0,2.9,2.9,25.3,14.8,3.7
2025-11-30,Assam,Dibrugarh,Dibrugarh,27.48,94.91,107.0,0.0,0.0,0.0,2.9,24.8,15.0,4.0
2025-12-01,Assam,Dibrugarh,Dibrugarh,27.48,94.91,107.0,0.0,0.0,0.0,2.9,24.2,14.7,6.1
2025-12-02,Assam,Dibrugarh,Dibrugarh,27.48,94.91,107.0,0.0,0.0,0.0,2.9,24.8,15.4,6.9
2025-12-03,Assam,Dibrugarh,Dibrugarh,27.48,94.91,107.0,0.0,0.0,0.0,2.9,25.7,16.2,6.3
2025-12-04,Assam,Dibrugarh,Dibrugarh,27.48,94.91,107.0,0.0,0.0,0.0,2.9,25.2,14.3,7.3
2025-12-05,Assam,Dibrugarh,Dibrugarh,27.48,94.91,107.0,0.0,0.0,0.0,2.9,24.5,12.7,8.1
2025-12-06,Assam,Dibrugarh,Dibrugarh,27.48,94.91,107.0,0.0,0.0,0.0,2.9,24.3,12.5,4.7
2025-12-07,Assam,Dibrugarh,Dibrugarh,27.48,94.91,107.0,0.0,0.0,0.0,0.0,23.8,11.9,5.3
2025-12-08,Assam,Dibrugarh,Dibrugarh,27.48,94.91,107.0,0.0,0.0,0.0,0.0,24.0,11.3,6.0
2025-12-09,Assam,Dibrugarh,Dibrugarh,27.48,94.91,107.0,0.0,0.0,0.0,0.0,24.4,12.0,6.0
2025-12-10,Assam,Dibrugarh,Dibrugarh,27.48,94.91,107.0,0.0,0.0,0.0,0.0,23.4,10.9,4.3
2025-12-11,Assam,Dibrugarh,Dibrugarh,27.48,94.91,107.0,0.0,0.0,0.0,0.0,23.7,11.5,4.4
2025-12-12,Assam,Dibrugarh,Dibrugarh,27.48,94.91,107.0,0.0,0.0,0.0,0.0,23.9,11.1,4.8
2025-12-13,Assam,Dibrugarh,Dibrugarh,27.48,94.91,107.0,0.0,0.0,0.0,0.0,23.5,11.5,6.4
2025-12-14,Assam,Dibrugarh,Dibrugarh,27.48,94.91,107.0,0.0,0.0,0.0,0.0,23.2,10.8,5.2
2025-12-15,Assam,Dibrugarh,Dibrugarh,27.48,94.91,107.0,0.0,0.0,0.0,0.0,23.9,11.0,3.1
2025-12-16,Assam,Dibrugarh,Dibrugarh,27.48,94.91,107.0,0.0,0.0,0.0,0.0,23.6,11.1,3.6
2025-12-17,Assam,Dibrugarh,Dibrugarh,27.48,94.91,107.0,0.0,0.0,0.0,0.0,23.9,11.7,6.0
2025-12-18,Assam,Dibrugarh,Dibrugarh,27.48,94.91,107.0,0.0,0.0,0.0,0.0,23.1,11.3,4.9
2025-12-19,Assam,Dibrugarh,Dibrugarh,27.48,94.91,107.0,0.0,0.0,0.0,0.0,23.6,11.4,5.9
2025-12-20,Assam,Dibrugarh,Dibrugarh,27.48,94.91,107.0,0.0,0.0,0.0,0.0,23.8,11.5,4.5
2025-12-21,Assam,Dibrugarh,Dibrugarh,27.48,94.91,107.0,0.0,0.0,0.0,0.0,24.1,11.9,7.3
2025-12-22,Assam,Dibrugarh,Dibrugarh,27.48,94.91,107.0,0.0,0.0,0.0,0.0,23.1,11.5,6.0
2025-12-23,Assam,Dibrugarh,Dibrugarh,27.48,94.91,107.0,0.0,0.0,0.0,0.0,22.6,11.6,6.6
2025-12-24,Assam,Dibrugarh,Dibrugarh,27.48,94.91,107.0,0.0,0.0,0.0,0.0,23.4,13.0,4.9
2025-12-25,Assam,Dibrugarh,Dibrugarh,27.48,94.91,107.0,0.0,0.0,0.0,0.0,23.7,14.4,6.1
2025-12-26,Assam,Dibrugarh,Dibrugarh,27.48,94.91,107.0,0.0,0.0,0.0,0.0,24.2,13.9,4.3
2025-12-27,Assam,Dibrugarh,Dibrugarh,27.48,94.91,107.0,0.0,0.0,0.0,0.0,23.3,13.3,3.9
2025-12-28,Assam,Dibrugarh,Dibrugarh,27.48,94.91,107.0,0.0,0.0,0.0,0.0,23.3,13.7,2.5
2025-12-29,Assam,Dibrugarh,Dibrugarh,27.48,94.91,107.0,0.1,0.1,0.1,0.1,23.1,13.3,14.0
2025-12-30,Assam,Dibrugarh,Dibrugarh,27.48,94.91,107.0,4.9,5.0,5.0,5.0,20.1,14.2,10.6
2025-12-31,Assam,Dibrugarh,Dibrugarh,27.48,94.91,107.0,0.0,5.0,5.0,5.0,21.0,12.8,3.6
2026-01-01,Assam,Dibrugarh,Dibrugarh,27.48,94.91,107.0,0.0,4.9,5.0,5.0,21.2,12.7,5.7
2026-01-02,Assam,Dibrugarh,Dibrugarh,27.48,94.91,107.0,0.0,0.0,5.0,5.0,23.1,12.3,5.7
2026-01-03,Assam,Dibrugarh,Dibrugarh,27.48,94.91,107.0,0.0,0.0,5.0,5.0,23.0,11.9,7.2
2026-01-04,Assam,Dibrugarh,Dibrugarh,27.48,94.91,107.0,0.0,0.0,5.0,5.0,21.9,12.1,6.8
2026-01-05,Assam,Dibrugarh,Dibrugarh,27.48,94.91,107.0,0.0,0.0,4.9,5.0,20.3,12.1,5.1
2026-01-06,Assam,Dibrugarh,Dibrugarh,27.48,94.91,107.0,0.0,0.0,0.0,5.0,21.0,11.8,5.7
2026-01-07,Assam,Dibrugarh,Dibrugarh,27.48,94.91,107.0,0.0,0.0,0.0,5.0,21.4,11.3,5.1
2026-01-08,Assam,Dibrugarh,Dibrugarh,27.48,94.91,107.0,0.0,0.0,0.0,5.0,22.0,10.4,4.6
2026-01-09,Assam,Dibrugarh,Dibrugarh,27.48,94.91,107.0,0.0,0.0,0.0,5.0,22.1,10.0,6.0
2026-01-10,Assam,Dibrugarh,Dibrugarh,27.48,94.91,107.0,0.0,0.0,0.0,5.0,23.3,10.8,6.7
2026-01-11,Assam,Dibrugarh,Dibrugarh,27.48,94.91,107.0,0.0,0.0,0.0,5.0,23.4,11.9,6.6
2026-01-12,Assam,Dibrugarh,Dibrugarh,27.48,94.91,107.0,0.0,0.0,0.0,4.9,23.5,11.0,6.6
2026-01-13,Assam,Dibrugarh,Dibrugarh,27.48,94.91,107.0,0.0,0.0,0.0,0.0,23.1,10.5,6.4
2026-01-14,Assam,Dibrugarh,Dibrugarh,27.48,94.91,107.0,0.0,0.0,0.0,0.0,22.9,10.5,4.9
2026-01-15,Assam,Dibrugarh,Dibrugarh,27.48,94.91,107.0,0.0,0.0,0.0,0.0,23.0,10.9,6.4
2026-01-16,Assam,Dibrugarh,Dibrugarh,27.48,94.91,107.0,0.0,0.0,0.0,0.0,23.0,10.9,6.4
2026-01-17,Assam,Dibrugarh,Dibrugarh,27.48,94.91,107.0,0.0,0.0,0.0,0.0,23.0,10.4,6.7
2026-01-18,Assam,Dibrugarh,Dibrugarh,27.48,94.91,107.0,0.0,0.0,0.0,0.0,23.2,10.4,6.2
2026-01-19,Assam,Dibrugarh,Dibrugarh,27.48,94.91,107.0,0.0,0.0,0.0,0.0,23.7,11.6,7.1
2026-01-20,Assam,Dibrugarh,Dibrugarh,27.48,94.91,107.0,0.0,0.0,0.0,0.0,24.1,12.0,6.2
2026-01-21,Assam,Dibrugarh,Dibrugarh,27.48,94.91,107.0,0.0,0.0,0.0,0.0,24.3,12.5,4.0
2026-01-22,Assam,Dibrugarh,Dibrugarh,27.48,94.91,107.0,0.0,0.0,0.0,0.0,24.4,12.5,6.1
2026-01-23,Assam,Dibrugarh,Dibrugarh,27.48,94.91,107.0,0.0,0.0,0.0,0.0,24.7,12.7,6.1
2026-01-24,Assam,Dibrugarh,Dibrugarh,27.48,94.91,107.0,0.0,0.0,0.0,0.0,25.0,12.3,10.0
2026-01-25,Assam,Dibrugarh,Dibrugarh,27.48,94.91,107.0,0.0,0.0,0.0,0.0,24.8,13.6,6.7
2026-01-26,Assam,Dibrugarh,Dibrugarh,27.48,94.91,107.0,0.0,0.0,0.0,0.0,24.0,11.6,4.7
2026-01-27,Assam,Dibrugarh,Dibrugarh,27.48,94.91,107.0,0.0,0.0,0.0,0.0,24.4,11.9,5.5
2026-01-28,Assam,Dibrugarh,Dibrugarh,27.48,94.91,107.0,0.0,0.0,0.0,0.0,24.8,11.3,5.3
2026-01-29,Assam,Dibrugarh,Dibrugarh,27.48,94.91,107.0,3.6,3.6,3.6,3.6,24.7,14.4,14.7
2026-01-30,Assam,Dibrugarh,Dibrugarh,27.48,94.91,107.0,5.1,8.7,8.7,8.7,22.6,14.4,11.9
2026-01-31,Assam,Dibrugarh,Dibrugarh,27.48,94.91,107.0,0.0,8.7,8.7,8.7,24.6,13.0,4.1
2026-02-01,Assam,Dibrugarh,Dibrugarh,27.48,94.91,107.0,0.0,5.1,8.7,8.7,25.3,12.7,5.4
2026-02-02,Assam,Dibrugarh,Dibrugarh,27.48,94.91,107.0,0.0,0.0,8.7,8.7,25.8,12.8,6.7
2026-02-03,Assam,Dibrugarh,Dibrugarh,27.48,94.91,107.0,0.0,0.0,8.7,8.7,26.2,13.4,7.0
2026-02-04,Assam,Dibrugarh,Dibrugarh,27.48,94.91,107.0,0.0,0.0,8.7,8.7,26.3,12.2,7.7
2026-02-05,Assam,Dibrugarh,Dibrugarh,27.48,94.91,107.0,0.8,0.8,5.9,9.5,23.8,14.8,11.4
2026-02-06,Assam,Dibrugarh,Dibrugarh,27.48,94.91,107.0,0.0,0.8,0.8,9.5,24.4,13.0,5.6
2026-02-07,Assam,Dibrugarh,Dibrugarh,27.48,94.91,107.0,0.0,0.8,0.8,9.5,24.8,12.6,6.2
2026-02-08,Assam,Dibrugarh,Dibrugarh,27.48,94.91,107.0,0.0,0.0,0.8,9.5,25.2,14.1,10.1
2026-02-09,Assam,Dibrugarh,Dibrugarh,27.48,94.91,107.0,0.0,0.0,0.8,9.5,26.3,12.7,8.1
2026-02-10,Assam,Dibrugarh,Dibrugarh,27.48,94.91,107.0,0.0,0.0,0.8,9.5,26.8,12.6,4.8
2026-02-11,Assam,Dibrugarh,Dibrugarh,27.48,94.91,107.0,0.0,0.0,0.8,9.5,26.5,13.7,5.4
2026-02-12,Assam,Dibrugarh,Dibrugarh,27.48,94.91,107.0,0.0,0.0,0.0,5.9,26.7,13.1,7.7
2026-02-13,Assam,Dibrugarh,Dibrugarh,27.48,94.91,107.0,0.0,0.0,0.0,0.8,26.9,14.0,5.5
2026-02-14,Assam,Dibrugarh,Dibrugarh,27.48,94.91,107.0,0.0,0.0,0.0,0.8,27.2,14.5,6.0
2026-02-15,Assam,Dibrugarh,Dibrugarh,27.48,94.91,107.0,2.6,2.6,2.6,3.4,25.6,15.9,17.0
2026-02-16,Assam,Dibrugarh,Dibrugarh,27.48,94.91,107.0,0.0,2.6,2.6,3.4,26.5,14.4,5.9
2026-02-17,Assam,Dibrugarh,Dibrugarh,27.48,94.91,107.0,0.0,2.6,2.6,3.4,27.9,13.6,7.3
2026-02-18,Assam,Dibrugarh,Dibrugarh,27.48,94.91,107.0,0.0,0.0,2.6,3.4,28.8,13.8,6.0
2026-02-19,Assam,Dibrugarh,Dibrugarh,27.48,94.91,107.0,0.0,0.0,2.6,2.6,29.3,13.9,7.4
2026-02-20,Assam,Dibrugarh,Dibrugarh,27.48,94.91,107.0,0.0,0.0,2.6,2.6,29.6,14.3,5.2
2026-02-21,Assam,Dibrugarh,Dibrugarh,27.48,94.91,107.0,0.0,0.0,2.6,2.6,28.5,14.1,10.8
2026-02-22,Assam,Dibrugarh,Dibrugarh,27.48,94.91,107.0,1.5,1.5,1.5,4.1,24.3,16.4,21.1
2026-02-23,Assam,Dibrugarh,Dibrugarh,27.48,94.91,107.0,0.7,2.2,2.2,4.8,25.7,15.4,8.0
2026-02-24,Assam,Dibrugarh,Dibrugarh,27.48,94.91,107.0,0.0,2.2,2.2,4.8,26.6,15.2,8.3
2026-02-25,Assam,Dibrugarh,Dibrugarh,27.48,94.91,107.0,0.4,1.1,2.6,5.2,27.9,16.3,13.5
2026-02-26,Assam,Dibrugarh,Dibrugarh,27.48,94.91,107.0,1.1,1.5,3.7,6.3,25.9,16.2,15.1
2026-02-27,Assam,Dibrugarh,Dibrugarh,27.48,94.91,107.0,2.1,3.6,5.8,8.4,22.5,16.1,13.0
2026-02-28,Assam,Dibrugarh,Dibrugarh,27.48,94.91,107.0,12.2,15.4,18.0,20.6,22.9,16.3,14.9
2026-03-01,Assam,Dibrugarh,Dibrugarh,27.48,94.91,107.0,20.2,34.5,36.7,38.2,20.6,15.8,9.3
2026-03-02,Assam,Dibrugarh,Dibrugarh,27.48,94.91,107.0,0.3,32.7,36.3,38.5,24.1,16.6,8.8
2026-03-03,Assam,Dibrugarh,Dibrugarh,27.48,94.91,107.0,0.0,20.5,36.3,38.5,27.2,15.9,7.7
2026-03-04,Assam,Dibrugarh,Dibrugarh,27.48,94.91,107.0,0.0,0.3,35.9,38.5,28.4,15.2,8.9
2026-03-05,Assam,Dibrugarh,Dibrugarh,27.48,94.91,107.0,0.0,0.0,34.8,38.5,29.5,15.2,9.4
2026-03-06,Assam,Dibrugarh,Dibrugarh,27.48,94.91,107.0,0.0,0.0,32.7,38.5,30.9,17.3,9.1
2026-03-07,Assam,Dibrugarh,Dibrugarh,27.48,94.91,107.0,0.0,0.0,20.5,38.5,30.3,19.1,8.2
2026-03-08,Assam,Dibrugarh,Dibrugarh,27.48,94.91,107.0,0.3,0.3,0.6,37.3,30.3,19.3,9.0
2026-03-09,Assam,Dibrugarh,Dibrugarh,27.48,94.91,107.0,0.0,0.3,0.3,36.6,29.9,19.5,7.1
2026-03-10,Assam,Dibrugarh,Dibrugarh,27.48,94.91,107.0,0.0,0.3,0.3,36.6,30.3,18.6,6.8
2026-03-11,Assam,Dibrugarh,Dibrugarh,27.48,94.91,107.0,3.3,3.3,3.6,39.5,30.7,19.7,15.6
2026-03-12,Assam,Dibrugarh,Dibrugarh,27.48,94.91,107.0,2.8,6.1,6.4,41.2,25.4,19.7,16.2
2026-03-13,Assam,Dibrugarh,Dibrugarh,27.48,94.91,107.0,28.6,34.7,35.0,67.7,23.3,18.2,14.1
2026-03-14,Assam,Dibrugarh,Dibrugarh,27.48,94.91,107.0,70.7,102.1,105.7,126.2,20.7,17.1,16.1
2026-03-15,Assam,Dibrugarh,Dibrugarh,27.48,94.91,107.0,90.0,189.3,195.4,196.0,21.1,16.8,15.7
2026-03-16,Assam,Dibrugarh,Dibrugarh,27.48,94.91,107.0,64.5,225.2,259.9,260.2,21.5,16.3,19.9
2026-03-17,Assam,Dibrugarh,Dibrugarh,27.48,94.91,107.0,40.0,194.5,299.9,300.2,20.8,16.1,18.1
2026-03-18,Assam,Dibrugarh,Dibrugarh,27.48,94.91,107.0,17.3,121.8,313.9,317.5,22.7,15.9,16.9
2026-03-19,Assam,Dibrugarh,Dibrugarh,27.48,94.91,107.0,12.1,69.4,323.2,329.6,22.8,17.0,12.8
2026-03-20,Assam,Dibrugarh,Dibrugarh,27.48,94.91,107.0,0.5,29.9,295.1,330.1,24.6,16.7,10.0
2026-03-21,Assam,Dibrugarh,Dibrugarh,27.48,94.91,107.0,1.3,13.9,225.7,331.4,27.7,18.3,14.5
2026-03-22,Assam,Dibrugarh,Dibrugarh,27.48,94.91,107.0,6.9,8.7,142.6,338.0,23.5,18.2,19.5
2026-03-23,Assam,Dibrugarh,Dibrugarh,27.48,94.91,107.0,10.8,19.0,88.9,348.8,24.0,18.2,8.2
2026-03-24,Assam,Dibrugarh,Dibrugarh,27.48,94.91,107.0,9.5,27.2,58.4,358.3,24.2,18.2,8.4
2026-03-25,Assam,Dibrugarh,Dibrugarh,27.48,94.91,107.0,13.1,33.4,54.2,368.1,23.3,16.9,12.2
2026-03-26,Assam,Dibrugarh,Dibrugarh,27.48,94.91,107.0,0.0,22.6,42.1,365.3,27.3,17.2,4.3
2026-03-27,Assam,Dibrugarh,Dibrugarh,27.48,94.91,107.0,0.9,14.0,42.5,337.6,25.7,18.3,10.0
2026-03-28,Assam,Dibrugarh,Dibrugarh,27.48,94.91,107.0,15.0,15.9,56.2,281.9,22.3,17.5,11.6
2026-03-29,Assam,Dibrugarh,Dibrugarh,27.48,94.91,107.0,1.2,17.1,50.5,193.1,24.1,16.5,8.9
2026-03-30,Assam,Dibrugarh,Dibrugarh,27.48,94.91,107.0,3.1,19.3,42.8,131.7,25.1,19.1,8.2
2026-03-31,Assam,Dibrugarh,Dibrugarh,27.48,94.91,107.0,0.0,4.3,33.3,91.7,27.6,18.4,11.2
2026-04-01,Assam,Dibrugarh,Dibrugarh,27.48,94.91,107.0,71.3,74.4,91.5,145.7,25.6,19.5,12.6
2026-04-02,Assam,Dibrugarh,Dibrugarh,27.48,94.91,107.0,20.1,91.4,111.6,153.7,23.1,19.6,13.3
2026-04-03,Assam,Dibrugarh,Dibrugarh,27.48,94.91,107.0,1.2,92.6,111.9,154.4,26.0,18.6,9.2
2026-04-04,Assam,Dibrugarh,Dibrugarh,27.48,94.91,107.0,1.7,23.0,98.6,154.8,26.8,19.5,9.8
2026-04-05,Assam,Dibrugarh,Dibrugarh,27.48,94.91,107.0,13.2,16.1,110.6,161.1,24.8,20.3,15.1
2026-04-06,Assam,Dibrugarh,Dibrugarh,27.48,94.91,107.0,1.7,16.6,109.2,152.0,28.4,19.4,19.0
2026-04-07,Assam,Dibrugarh,Dibrugarh,27.48,94.91,107.0,3.6,18.5,112.8,146.1,22.1,18.4,19.8
2026-04-08,Assam,Dibrugarh,Dibrugarh,27.48,94.91,107.0,0.4,5.7,41.9,133.4,26.1,17.7,10.3
2026-04-09,Assam,Dibrugarh,Dibrugarh,27.48,94.91,107.0,7.9,11.9,29.7,141.3,22.8,18.6,10.3
2026-04-10,Assam,Dibrugarh,Dibrugarh,27.48,94.91,107.0,2.4,10.7,30.9,142.8,21.8,17.5,11.6
2026-04-11,Assam,Dibrugarh,Dibrugarh,27.48,94.91,107.0,0.3,10.6,29.5,128.1,25.8,15.8,9.7
2026-04-12,Assam,Dibrugarh,Dibrugarh,27.48,94.91,107.0,2.1,4.8,18.4,129.0,23.7,19.0,11.3
2026-04-13,Assam,Dibrugarh,Dibrugarh,27.48,94.91,107.0,1.9,4.3,18.6,127.8,23.0,18.2,12.0
2026-04-14,Assam,Dibrugarh,Dibrugarh,27.48,94.91,107.0,10.1,14.1,25.1,137.9,26.8,17.7,17.6
2026-04-15,Assam,Dibrugarh,Dibrugarh,27.48,94.91,107.0,5.7,17.7,30.4,72.3,24.9,18.3,13.3
2026-04-16,Assam,Dibrugarh,Dibrugarh,27.48,94.91,107.0,0.0,15.8,22.5,52.2,28.4,17.2,7.5
2026-04-17,Assam,Dibrugarh,Dibrugarh,27.48,94.91,107.0,0.0,5.7,20.1,51.0,30.7,20.2,7.8
2026-04-18,Assam,Dibrugarh,Dibrugarh,27.48,94.91,107.0,0.0,0.0,19.8,49.3,31.2,21.5,10.4
2026-04-19,Assam,Dibrugarh,Dibrugarh,27.48,94.91,107.0,7.4,7.4,25.1,43.5,31.4,21.4,13.9
2026-04-20,Assam,Dibrugarh,Dibrugarh,27.48,94.91,107.0,29.2,36.6,52.4,71.0,27.0,21.5,13.4
2026-04-21,Assam,Dibrugarh,Dibrugarh,27.48,94.91,107.0,73.2,109.8,115.5,140.6,25.7,21.2,14.9
2026-04-22,Assam,Dibrugarh,Dibrugarh,27.48,94.91,107.0,7.9,110.3,117.7,148.1,26.3,20.8,9.2
2026-04-23,Assam,Dibrugarh,Dibrugarh,27.48,94.91,107.0,0.1,81.2,117.8,140.3,30.6,20.6,6.9
2026-04-24,Assam,Dibrugarh,Dibrugarh,27.48,94.91,107.0,0.0,8.0,117.8,137.9,32.4,21.8,9.4
2026-04-25,Assam,Dibrugarh,Dibrugarh,27.48,94.91,107.0,8.1,8.2,125.9,145.7,27.8,21.6,13.3
2026-04-26,Assam,Dibrugarh,Dibrugarh,27.48,94.91,107.0,14.9,23.0,133.4,158.5,26.2,20.8,9.1
2026-04-27,Assam,Dibrugarh,Dibrugarh,27.48,94.91,107.0,14.0,37.0,118.2,170.6,23.4,20.4,11.4
2026-04-28,Assam,Dibrugarh,Dibrugarh,27.48,94.91,107.0,2.1,31.0,47.1,162.6,28.7,20.4,13.0
2026-04-29,Assam,Dibrugarh,Dibrugarh,27.48,94.91,107.0,13.5,29.6,52.7,170.4,28.7,21.0,13.0
2026-04-30,Assam,Dibrugarh,Dibrugarh,27.48,94.91,107.0,27.7,43.3,80.3,198.1,27.5,20.9,10.9
2026-05-01,Assam,Dibrugarh,Dibrugarh,27.48,94.91,107.0,17.2,58.4,97.5,215.3,26.0,20.4,10.8
2026-05-02,Assam,Dibrugarh,Dibrugarh,27.48,94.91,107.0,12.6,57.5,102.0,227.9,26.1,20.0,12.4
2026-05-03,Assam,Dibrugarh,Dibrugarh,27.48,94.91,107.0,5.4,35.2,92.5,225.9,27.2,20.8,9.4
2026-05-04,Assam,Dibrugarh,Dibrugarh,27.48,94.91,107.0,2.8,20.8,81.3,199.5,28.8,20.6,14.3
2026-05-05,Assam,Dibrugarh,Dibrugarh,27.48,94.91,107.0,13.1,21.3,92.3,139.4,29.8,20.7,17.0
2026-05-06,Assam,Dibrugarh,Dibrugarh,27.48,94.91,107.0,18.7,34.6,97.5,150.2,29.4,20.6,12.0
2026-05-07,Assam,Dibrugarh,Dibrugarh,27.48,94.91,107.0,6.6,38.4,76.4,156.7,28.9,21.0,10.0
2026-05-08,Assam,Dibrugarh,Dibrugarh,27.48,94.91,107.0,6.2,31.5,65.4,162.9,30.6,20.5,13.9
2026-05-09,Assam,Dibrugarh,Dibrugarh,27.48,94.91,107.0,0.0,12.8,52.8,154.8,31.4,22.9,7.5
2026-05-10,Assam,Dibrugarh,Dibrugarh,27.48,94.91,107.0,0.4,6.6,47.8,140.3,32.4,21.9,22.4
2026-05-11,Assam,Dibrugarh,Dibrugarh,27.48,94.91,107.0,21.8,22.2,66.8,148.1,24.7,20.9,10.0
2026-05-12,Assam,Dibrugarh,Dibrugarh,27.48,94.91,107.0,0.0,22.2,53.7,146.0,29.3,20.0,7.2
2026-05-13,Assam,Dibrugarh,Dibrugarh,27.48,94.91,107.0,9.9,31.7,44.9,142.4,28.9,21.8,10.8
2026-05-14,Assam,Dibrugarh,Dibrugarh,27.48,94.91,107.0,13.4,23.3,51.7,128.1,28.5,21.9,9.4
2026-05-15,Assam,Dibrugarh,Dibrugarh,27.48,94.91,107.0,19.0,42.3,64.5,129.9,25.9,21.7,15.3
2026-05-16,Assam,Dibrugarh,Dibrugarh,27.48,94.91,107.0,10.6,43.0,75.1,127.9,28.0,21.8,13.6
2026-05-17,Assam,Dibrugarh,Dibrugarh,27.48,94.91,107.0,36.6,66.2,111.3,159.1,26.0,21.5,13.6
2026-05-18,Assam,Dibrugarh,Dibrugarh,27.48,94.91,107.0,24.8,72.0,114.3,181.1,25.7,21.5,11.4
2026-05-19,Assam,Dibrugarh,Dibrugarh,27.48,94.91,107.0,0.0,61.4,114.3,168.0,30.9,21.1,5.6
2026-05-20,Assam,Dibrugarh,Dibrugarh,27.48,94.91,107.0,0.3,25.1,104.7,149.6,32.3,23.6,6.8
2026-05-21,Assam,Dibrugarh,Dibrugarh,27.48,94.91,107.0,0.9,1.2,92.2,143.9,32.5,25.5,9.4
2026-05-22,Assam,Dibrugarh,Dibrugarh,27.48,94.91,107.0,19.7,20.9,92.9,157.4,32.1,24.5,13.6
2026-05-23,Assam,Dibrugarh,Dibrugarh,27.48,94.91,107.0,57.0,77.6,139.3,214.4,26.8,23.1,15.3
2026-05-24,Assam,Dibrugarh,Dibrugarh,27.48,94.91,107.0,45.0,121.7,147.7,259.0,28.4,22.6,15.5
2026-05-25,Assam,Dibrugarh,Dibrugarh,27.48,94.91,107.0,33.9,135.9,156.8,271.1,27.3,22.3,10.0
2026-05-26,Assam,Dibrugarh,Dibrugarh,27.48,94.91,107.0,12.5,91.4,169.3,283.6,27.2,22.2,9.7
2026-05-27,Assam,Dibrugarh,Dibrugarh,27.48,94.91,107.0,0.6,47.0,169.6,274.3,31.0,22.5,11.3
2026-05-28,Assam,Dibrugarh,Dibrugarh,27.48,94.91,107.0,7.3,20.4,176.0,268.2,28.6,24.0,12.1
2026-05-29,Assam,Dibrugarh,Dibrugarh,27.48,94.91,107.0,0.0,7.9,156.3,249.2,32.5,22.9,4.6
2026-05-30,Assam,Dibrugarh,Dibrugarh,27.48,94.91,107.0,0.5,7.8,99.8,239.1,32.6,25.9,7.3
2026-05-31,Assam,Dibrugarh,Dibrugarh,27.48,94.91,107.0,4.3,4.8,59.1,206.8,31.7,26.0,9.0
2026-06-01,Assam,Dibrugarh,Dibrugarh,27.48,94.91,107.0,3.3,8.1,28.5,185.3,32.8,26.0,10.1
2026-06-02,Assam,Dibrugarh,Dibrugarh,27.48,94.91,107.0,10.4,18.0,26.4,195.7,32.0,24.4,11.5
2026-06-03,Assam,Dibrugarh,Dibrugarh,27.48,94.91,107.0,39.7,53.4,65.5,235.1,29.7,24.3,15.5
2026-06-04,Assam,Dibrugarh,Dibrugarh,27.48,94.91,107.0,21.2,71.3,79.4,255.4,27.5,23.6,15.9
2026-06-05,Assam,Dibrugarh,Dibrugarh,27.48,94.91,107.0,7.6,68.5,87.0,243.3,30.4,23.3,8.1
2026-06-06,Assam,Dibrugarh,Dibrugarh,27.48,94.91,107.0,0.0,28.8,86.5,186.3,32.4,24.5,5.4
2026-06-07,Assam,Dibrugarh,Dibrugarh,27.48,94.91,107.0,15.9,23.5,98.1,157.2,31.6,24.3,12.0
2026-06-08,Assam,Dibrugarh,Dibrugarh,27.48,94.91,107.0,20.0,35.9,114.8,143.3,29.7,23.9,10.3
2026-06-09,Assam,Dibrugarh,Dibrugarh,27.48,94.91,107.0,9.4,45.3,113.8,140.2,30.9,24.9,13.5
2026-06-10,Assam,Dibrugarh,Dibrugarh,27.48,94.91,107.0,11.4,40.8,85.5,151.0,29.8,24.3,13.3
2026-06-11,Assam,Dibrugarh,Dibrugarh,27.48,94.91,107.0,2.6,23.4,66.9,146.3,30.6,23.9,11.4
2026-06-12,Assam,Dibrugarh,Dibrugarh,27.48,94.91,107.0,0.1,14.1,59.4,146.4,31.5,24.5,11.0
2026-06-13,Assam,Dibrugarh,Dibrugarh,27.48,94.91,107.0,5.1,7.8,64.5,151.0,30.7,24.5,13.4
2026-06-14,Assam,Dibrugarh,Dibrugarh,27.48,94.91,107.0,10.2,15.4,58.8,156.9,30.0,24.6,9.2
2026-06-15,Assam,Dibrugarh,Dibrugarh,27.48,94.91,107.0,13.6,28.9,52.4,167.2,30.4,24.3,7.4
2026-06-16,Assam,Dibrugarh,Dibrugarh,27.48,94.91,107.0,13.3,37.1,56.3,170.1,30.7,24.5,11.7
2026-06-17,Assam,Dibrugarh,Dibrugarh,27.48,94.91,107.0,18.5,45.4,63.4,148.9,29.6,24.7,10.3
2026-06-18,Assam,Dibrugarh,Dibrugarh,27.48,94.91,107.0,12.2,44.0,73.0,139.9,31.3,25.2,11.3
2026-06-19,Assam,Dibrugarh,Dibrugarh,27.48,94.91,107.0,13.5,44.2,86.4,145.8,31.2,24.9,12.0
2026-06-20,Assam,Dibrugarh,Dibrugarh,27.48,94.91,107.0,15.9,41.6,97.2,161.7,30.2,24.7,8.8
2026-06-21,Assam,Dibrugarh,Dibrugarh,27.48,94.91,107.0,16.8,46.2,103.8,162.6,27.8,24.7,13.8
2026-06-22,Assam,Dibrugarh,Dibrugarh,27.48,94.91,107.0,26.2,58.9,116.4,168.8,28.3,24.9,10.1
2026-06-23,Assam,Dibrugarh,Dibrugarh,27.48,94.91,107.0,7.6,50.6,110.7,167.0,31.7,24.6,9.2
2026-06-24,Assam,Dibrugarh,Dibrugarh,27.48,94.91,107.0,4.4,38.2,96.6,160.0,30.9,24.4,9.5
2026-06-25,Assam,Dibrugarh,Dibrugarh,27.48,94.91,107.0,4.2,16.2,88.6,161.6,33.2,25.9,8.9
2026-06-26,Assam,Dibrugarh,Dibrugarh,27.48,94.91,107.0,23.3,31.9,98.4,184.8,31.8,25.0,9.8
2026-06-27,Assam,Dibrugarh,Dibrugarh,27.48,94.91,107.0,27.8,55.3,110.3,207.5,31.5,25.1,12.1
2026-06-28,Assam,Dibrugarh,Dibrugarh,27.48,94.91,107.0,57.7,108.8,151.2,255.0,31.7,24.9,16.3
2026-06-29,Assam,Dibrugarh,Dibrugarh,27.48,94.91,107.0,21.7,107.2,146.7,263.1,29.5,23.9,11.4
2026-06-30,Assam,Dibrugarh,Dibrugarh,27.48,94.91,107.0,0.2,79.6,139.3,250.0,31.7,25.3,7.4
2026-07-01,Assam,Dibrugarh,Dibrugarh,27.48,94.91,107.0,4.3,26.2,139.2,235.8,32.5,26.7,10.5
2026-07-02,Assam,Dibrugarh,Dibrugarh,27.48,94.91,107.0,8.6,13.1,143.6,232.2,33.8,26.4,17.4
2026-07-03,Assam,Dibrugarh,Dibrugarh,27.48,94.91,107.0,1.6,14.5,121.9,220.3,33.9,26.0,17.4
2026-07-04,Assam,Dibrugarh,Dibrugarh,27.48,94.91,107.0,0.3,10.5,94.4,204.7,34.9,27.5,13.3
2026-07-05,Assam,Dibrugarh,Dibrugarh,27.48,94.91,107.0,1.5,3.4,38.2,189.4,35.2,27.3,16.0
2026-07-06,Assam,Dibrugarh,Dibrugarh,27.48,94.91,107.0,12.8,14.6,29.3,176.0,34.7,26.3,12.4
2026-07-07,Assam,Dibrugarh,Dibrugarh,27.48,94.91,107.0,27.1,41.4,56.2,195.5,30.5,25.6,15.0
2026-07-08,Assam,Dibrugarh,Dibrugarh,27.48,94.91,107.0,25.5,65.4,77.4,216.6,30.6,25.5,12.6
2026-07-09,Assam,Dibrugarh,Dibrugarh,27.48,94.91,107.0,13.3,65.9,82.1,225.7,30.6,25.6,9.8
2026-07-10,Assam,Dibrugarh,Dibrugarh,27.48,94.91,107.0,7.1,45.9,87.6,209.5,31.3,26.2,10.7
2026-07-11,Assam,Dibrugarh,Dibrugarh,27.48,94.91,107.0,12.6,33.0,99.9,194.3,32.6,25.7,11.8
2026-07-12,Assam,Dibrugarh,Dibrugarh,27.48,94.91,107.0,34.5,54.2,132.9,171.1,30.5,25.5,11.3
2026-07-13,Assam,Dibrugarh,Dibrugarh,27.48,94.91,107.0,4.6,51.7,124.7,154.0,31.3,26.1,8.1
2026-07-14,Assam,Dibrugarh,Dibrugarh,27.48,94.91,107.0,6.0,45.1,103.6,159.8,34.1,26.6,8.0
2026-07-15,Assam,Dibrugarh,Dibrugarh,27.48,94.91,107.0,16.4,27.0,94.5,171.9,33.0,26.0,8.8
2026-07-16,Assam,Dibrugarh,Dibrugarh,27.48,94.91,107.0,27.4,49.8,108.6,190.7,31.0,25.1,12.5
2026-07-17,Assam,Dibrugarh,Dibrugarh,27.48,94.91,107.0,14.2,58.0,115.7,203.3,30.0,25.3,17.0
2026-07-18,Assam,Dibrugarh,Dibrugarh,27.48,94.91,107.0,29.8,71.4,132.9,232.8,30.1,25.4,13.7
2026-07-19,Assam,Dibrugarh,Dibrugarh,27.48,94.91,107.0,22.2,66.2,120.6,253.5,27.7,25.0,17.0
2026-07-20,Assam,Dibrugarh,Dibrugarh,27.48,94.91,107.0,0.0,52.0,116.0,240.7,31.8,24.7,12.1
2026-07-21,Assam,Dibrugarh,Dibrugarh,27.48,94.91,107.0,1.9,24.1,111.9,215.5,33.0,26.2,11.0
2026-07-22,Assam,Dibrugarh,Dibrugarh,27.48,94.91,107.0,13.9,15.8,109.4,203.9,30.8,24.8,11.1
2026-07-23,Assam,Dibrugarh,Dibrugarh,27.48,94.91,107.0,12.7,28.5,94.7,203.3,31.4,24.4,11.8
2026-07-24,Assam,Dibrugarh,Dibrugarh,27.48,94.91,107.0,3.7,30.3,84.2,199.9,32.7,24.9,7.8
2026-07-25,Assam,Dibrugarh,Dibrugarh,27.48,94.91,107.0,0.2,16.6,54.6,187.5,34.6,26.7,9.2
2026-07-26,Assam,Dibrugarh,Dibrugarh,27.48,94.91,107.0,5.7,9.6,38.1,158.7,32.7,26.4,10.3
2026-07-27,Assam,Dibrugarh,Dibrugarh,27.48,94.91,107.0,9.0,14.9,47.1,163.1,33.6,26.4,10.7
2026-07-28,Assam,Dibrugarh,Dibrugarh,27.48,94.91,107.0,32.9,47.6,78.1,190.0,32.9,25.3,9.1
2026-07-29,Assam,Dibrugarh,Dibrugarh,27.48,94.91,107.0,14.2,56.1,78.4,187.8,32.6,26.2,9.3
2026-07-30,Assam,Dibrugarh,Dibrugarh,27.48,94.91,107.0,48.6,95.7,114.3,209.0,28.4,24.6,9.9
2026-07-31,Assam,Dibrugarh,Dibrugarh,27.48,94.91,107.0,16.3,79.1,126.9,211.1,30.5,25.3,9.8
2026-08-01,Assam,Dibrugarh,Dibrugarh,27.48,94.91,107.0,24.2,89.1,150.9,205.5,29.9,24.5,11.2
2026-08-02,Assam,Dibrugarh,Dibrugarh,27.48,94.91,107.0,19.9,60.4,165.1,203.2,30.3,24.9,7.2
2026-08-03,Assam,Dibrugarh,Dibrugarh,27.48,94.91,107.0,24.9,69.0,181.0,228.1,28.3,25.1,7.7
2026-08-04,Assam,Dibrugarh,Dibrugarh,27.48,94.91,107.0,25.9,70.7,174.0,252.1,29.8,25.2,7.3
2026-08-05,Assam,Dibrugarh,Dibrugarh,27.48,94.91,107.0,0.2,51.0,160.0,238.4,32.3,25.5,5.1
2026-08-06,Assam,Dibrugarh,Dibrugarh,27.48,94.91,107.0,0.0,26.1,111.4,225.7,34.3,26.4,6.9
2026-08-07,Assam,Dibrugarh,Dibrugarh,27.48,94.91,107.0,4.4,4.6,99.5,226.4,33.1,25.6,13.8
2026-08-08,Assam,Dibrugarh,Dibrugarh,27.48,94.91,107.0,11.5,15.9,86.8,237.7,31.1,26.2,11.2
2026-08-09,Assam,Dibrugarh,Dibrugarh,27.48,94.91,107.0,7.8,23.7,74.7,239.8,31.5,26.9,11.2
2026-08-10,Assam,Dibrugarh,Dibrugarh,27.48,94.91,107.0,2.6,21.9,52.4,233.4,33.7,24.7,11.7
2026-08-11,Assam,Dibrugarh,Dibrugarh,27.48,94.91,107.0,0.0,10.4,26.5,200.5,35.0,27.5,4.8
2026-08-12,Assam,Dibrugarh,Dibrugarh,27.48,94.91,107.0,18.9,21.5,45.2,205.2,33.0,26.0,12.6
2026-08-13,Assam,Dibrugarh,Dibrugarh,27.48,94.91,107.0,2.5,21.4,47.7,159.1,34.5,26.9,13.3
2026-08-14,Assam,Dibrugarh,Dibrugarh,27.48,94.91,107.0,13.0,34.4,56.3,155.8,32.6,25.2,8.6
2026-08-15,Assam,Dibrugarh,Dibrugarh,27.48,94.91,107.0,29.0,44.5,73.8,160.6,33.0,25.7,12.6
2026-08-16,Assam,Dibrugarh,Dibrugarh,27.48,94.91,107.0,16.1,58.1,82.1,156.8,31.8,25.3,6.6
2026-08-17,Assam,Dibrugarh,Dibrugarh,27.48,94.91,107.0,18.1,63.2,97.6,150.0,28.9,25.3,10.2
2026-08-18,Assam,Dibrugarh,Dibrugarh,27.48,94.91,107.0,1.6,35.8,99.2,125.7,32.2,26.0,6.7
2026-08-19,Assam,Dibrugarh,Dibrugarh,27.48,94.91,107.0,11.3,31.0,91.6,136.8,32.1,26.4,10.0
2026-08-20,Assam,Dibrugarh,Dibrugarh,27.48,94.91,107.0,13.3,26.2,102.4,150.1,31.2,25.1,9.9
2026-08-21,Assam,Dibrugarh,Dibrugarh,27.48,94.91,107.0,0.6,25.2,90.0,146.3,33.0,27.0,7.8
2026-08-22,Assam,Dibrugarh,Dibrugarh,27.48,94.91,107.0,9.7,23.6,70.7,144.5,33.6,26.4,14.7
2026-08-23,Assam,Dibrugarh,Dibrugarh,27.48,94.91,107.0,2.6,12.9,57.2,139.3,33.2,26.9,9.2
2026-08-24,Assam,Dibrugarh,Dibrugarh,27.48,94.91,107.0,24.7,37.0,63.8,161.4,31.2,25.7,14.1
2026-08-25,Assam,Dibrugarh,Dibrugarh,27.48,94.91,107.0,21.1,48.4,83.3,182.5,30.0,25.9,8.9
2026-08-26,Assam,Dibrugarh,Dibrugarh,27.48,94.91,107.0,2.5,48.3,74.5,166.1,32.1,25.9,9.8
2026-08-27,Assam,Dibrugarh,Dibrugarh,27.48,94.91,107.0,11.2,34.8,72.4,174.8,32.5,25.5,11.6
2026-08-28,Assam,Dibrugarh,Dibrugarh,27.48,94.91,107.0,6.6,20.3,78.4,168.4,32.1,26.1,11.2
2026-08-29,Assam,Dibrugarh,Dibrugarh,27.48,94.91,107.0,0.2,18.0,68.9,139.6,34.1,27.1,10.3
2026-08-30,Assam,Dibrugarh,Dibrugarh,27.48,94.91,107.0,14.3,21.1,80.6,137.8,34.6,26.7,6.7
2026-08-31,Assam,Dibrugarh,Dibrugarh,27.48,94.91,107.0,28.0,42.5,83.9,147.7,29.7,25.5,16.9
2026-09-01,Assam,Dibrugarh,Dibrugarh,27.48,94.91,107.0,34.1,76.4,96.9,180.2,25.8,24.1,13.5
2026-09-02,Assam,Dibrugarh,Dibrugarh,27.48,94.91,107.0,1.0,63.1,95.4,169.9,31.2,23.8,4.3
2026-09-03,Assam,Dibrugarh,Dibrugarh,27.48,94.91,107.0,7.6,42.7,91.8,164.2,33.2,24.7,17.6
2026-09-04,Assam,Dibrugarh,Dibrugarh,27.48,94.91,107.0,25.2,33.8,110.4,188.8,31.0,24.0,9.0
2026-09-05,Assam,Dibrugarh,Dibrugarh,27.48,94.91,107.0,10.3,43.1,120.5,189.4,30.1,25.1,8.7
2026-09-06,Assam,Dibrugarh,Dibrugarh,27.48,94.91,107.0,11.4,46.9,117.6,198.2,31.2,24.8,9.5
2026-09-07,Assam,Dibrugarh,Dibrugarh,27.48,94.91,107.0,11.2,32.9,100.8,184.7,30.0,25.2,11.0
2026-09-08,Assam,Dibrugarh,Dibrugarh,27.48,94.91,107.0,9.4,32.0,76.1,173.0,32.3,25.4,7.9
2025-01-01,Arunachal Pradesh,Papum Pare,Itanagar,27.08,93.61,220.0,0.0,0.0,0.0,0.0,22.5,9.5,6.7
2025-01-02,Arunachal Pradesh,Papum Pare,Itanagar,27.08,93.61,220.0,0.0,0.0,0.0,0.0,23.2,10.7,6.8
2025-01-03,Arunachal Pradesh,Papum Pare,Itanagar,27.08,93.61,220.0,0.0,0.0,0.0,0.0,22.8,9.3,6.4
2025-01-04,Arunachal Pradesh,Papum Pare,Itanagar,27.08,93.61,220.0,0.0,0.0,0.0,0.0,23.3,10.1,6.7
2025-01-05,Arunachal Pradesh,Papum Pare,Itanagar,27.08,93.61,220.0,0.0,0.0,0.0,0.0,23.4,10.8,6.7
2025-01-06,Arunachal Pradesh,Papum Pare,Itanagar,27.08,93.61,220.0,0.0,0.0,0.0,0.0,23.7,11.3,6.5
2025-01-07,Arunachal Pradesh,Papum Pare,Itanagar,27.08,93.61,220.0,4.3,4.3,4.3,4.3,21.4,14.0,8.0
2025-01-08,Arunachal Pradesh,Papum Pare,Itanagar,27.08,93.61,220.0,11.2,15.5,15.5,15.5,17.9,14.0,7.7
2025-01-09,Arunachal Pradesh,Papum Pare,Itanagar,27.08,93.61,220.0,0.0,15.5,15.5,15.5,20.3,11.0,8.5
2025-01-10,Arunachal Pradesh,Papum Pare,Itanagar,27.08,93.61,220.0,0.0,11.2,15.5,15.5,21.4,10.4,8.5
2025-01-11,Arunachal Pradesh,Papum Pare,Itanagar,27.08,93.61,220.0,0.0,0.0,15.5,15.5,22.1,10.9,8.0
2025-01-12,Arunachal Pradesh,Papum Pare,Itanagar,27.08,93.61,220.0,0.0,0.0,15.5,15.5,22.9,10.1,6.9
2025-01-13,Arunachal Pradesh,Papum Pare,Itanagar,27.08,93.61,220.0,0.6,0.6,16.1,16.1,21.4,10.6,6.3
2025-01-14,Arunachal Pradesh,Papum Pare,Itanagar,27.08,93.61,220.0,0.0,0.6,11.8,16.1,21.8,10.2,6.4
2025-01-15,Arunachal Pradesh,Papum Pare,Itanagar,27.08,93.61,220.0,0.0,0.6,0.6,16.1,21.9,9.3,8.8
2025-01-16,Arunachal Pradesh,Papum Pare,Itanagar,27.08,93.61,220.0,0.0,0.0,0.6,16.1,23.2,9.4,6.1
2025-01-17,Arunachal Pradesh,Papum Pare,Itanagar,27.08,93.61,220.0,0.0,0.0,0.6,16.1,23.3,10.5,6.7
2025-01-18,Arunachal Pradesh,Papum Pare,Itanagar,27.08,93.61,220.0,0.0,0.0,0.6,16.1,23.8,10.8,5.6
2025-01-19,Arunachal Pradesh,Papum Pare,Itanagar,27.08,93.61,220.0,0.0,0.0,0.6,16.1,23.5,10.7,6.9
2025-01-20,Arunachal Pradesh,Papum Pare,Itanagar,27.08,93.61,220.0,0.0,0.0,0.0,16.1,23.6,11.4,6.8
2025-01-21,Arunachal Pradesh,Papum Pare,Itanagar,27.08,93.61,220.0,0.0,0.0,0.0,11.8,23.7,13.2,6.9
2025-01-22,Arunachal Pradesh,Papum Pare,Itanagar,27.08,93.61,220.0,0.0,0.0,0.0,0.6,23.8,13.2,8.0
2025-01-23,Arunachal Pradesh,Papum Pare,Itanagar,27.08,93.61,220.0,1.0,1.0,1.0,1.6,22.5,14.7,6.5
2025-01-24,Arunachal Pradesh,Papum Pare,Itanagar,27.08,93.61,220.0,3.3,4.3,4.3,4.9,22.2,12.6,10.6
2025-01-25,Arunachal Pradesh,Papum Pare,Itanagar,27.08,93.61,220.0,4.7,9.0,9.0,9.6,20.9,12.1,6.9
2025-01-26,Arunachal Pradesh,Papum Pare,Itanagar,27.08,93.61,220.0,0.0,8.0,9.0,9.6,22.4,10.4,7.2
2025-01-27,Arunachal Pradesh,Papum Pare,Itanagar,27.08,93.61,220.0,0.0,4.7,9.0,9.0,23.4,10.5,6.8
2025-01-28,Arunachal Pradesh,Papum Pare,Itanagar,27.08,93.61,220.0,0.0,0.0,9.0,9.0,20.6,11.0,9.0
2025-01-29,Arunachal Pradesh,Papum Pare,Itanagar,27.08,93.61,220.0,3.1,3.1,12.1,12.1,21.4,13.9,5.9
2025-01-30,Arunachal Pradesh,Papum Pare,Itanagar,27.08,93.61,220.0,26.2,29.3,37.3,38.3,19.6,14.3,7.1
2025-01-31,Arunachal Pradesh,Papum Pare,Itanagar,27.08,93.61,220.0,10.3,39.6,44.3,48.6,20.0,13.4,11.6
2025-02-01,Arunachal Pradesh,Papum Pare,Itanagar,27.08,93.61,220.0,0.4,36.9,40.0,49.0,19.3,13.7,8.8
2025-02-02,Arunachal Pradesh,Papum Pare,Itanagar,27.08,93.61,220.0,0.0,10.7,40.0,49.0,19.8,14.6,6.2
2025-02-03,Arunachal Pradesh,Papum Pare,Itanagar,27.08,93.61,220.0,0.0,0.4,40.0,49.0,23.0,13.1,8.7
2025-02-04,Arunachal Pradesh,Papum Pare,Itanagar,27.08,93.61,220.0,0.0,0.0,40.0,49.0,24.0,11.2,7.7
2025-02-05,Arunachal Pradesh,Papum Pare,Itanagar,27.08,93.61,220.0,0.0,0.0,36.9,49.0,24.6,11.9,10.3
2025-02-06,Arunachal Pradesh,Papum Pare,Itanagar,27.08,93.61,220.0,3.5,3.5,14.2,51.5,20.9,15.6,9.5
2025-02-07,Arunachal Pradesh,Papum Pare,Itanagar,27.08,93.61,220.0,4.8,8.3,8.7,53.0,22.7,13.2,9.1
2025-02-08,Arunachal Pradesh,Papum Pare,Itanagar,27.08,93.61,220.0,0.0,8.3,8.3,48.3,23.0,11.6,10.7
2025-02-09,Arunachal Pradesh,Papum Pare,Itanagar,27.08,93.61,220.0,0.0,4.8,8.3,48.3,24.8,10.6,6.8
2025-02-10,Arunachal Pradesh,Papum Pare,Itanagar,27.08,93.61,220.0,1.4,1.4,9.7,49.7,23.1,11.9,6.8
2025-02-11,Arunachal Pradesh,Papum Pare,Itanagar,27.08,93.61,220.0,36.6,38.0,46.3,86.3,18.3,13.8,12.0
2025-02-12,Arunachal Pradesh,Papum Pare,Itanagar,27.08,93.61,220.0,25.9,63.9,72.2,109.1,19.2,13.6,10.4
2025-02-13,Arunachal Pradesh,Papum Pare,Itanagar,27.08,93.61,220.0,41.9,104.4,110.6,124.8,18.4,12.9,9.5
2025-02-14,Arunachal Pradesh,Papum Pare,Itanagar,27.08,93.61,220.0,1.6,69.4,107.4,116.1,20.7,12.5,12.8
2025-02-15,Arunachal Pradesh,Papum Pare,Itanagar,27.08,93.61,220.0,0.0,43.5,107.4,115.7,21.2,13.6,7.9
2025-02-16,Arunachal Pradesh,Papum Pare,Itanagar,27.08,93.61,220.0,0.1,1.7,107.5,115.8,21.3,12.6,9.0
2025-02-17,Arunachal Pradesh,Papum Pare,Itanagar,27.08,93.61,220.0,0.3,0.4,106.4,116.1,21.9,10.8,12.2
2025-02-18,Arunachal Pradesh,Papum Pare,Itanagar,27.08,93.61,220.0,1.1,1.5,70.9,117.2,21.8,11.4,12.8
2025-02-19,Arunachal Pradesh,Papum Pare,Itanagar,27.08,93.61,220.0,3.3,4.7,48.3,120.5,21.9,11.8,10.1
2025-02-20,Arunachal Pradesh,Papum Pare,Itanagar,27.08,93.61,220.0,0.0,4.4,6.4,117.0,24.4,11.6,9.2
2025-02-21,Arunachal Pradesh,Papum Pare,Itanagar,27.08,93.61,220.0,2.0,5.3,6.8,114.2,25.2,11.0,8.9
2025-02-22,Arunachal Pradesh,Papum Pare,Itanagar,27.08,93.61,220.0,0.4,2.4,7.2,114.6,21.9,13.1,14.8
2025-02-23,Arunachal Pradesh,Papum Pare,Itanagar,27.08,93.61,220.0,5.0,7.4,12.1,119.6,24.3,11.4,8.3
2025-02-24,Arunachal Pradesh,Papum Pare,Itanagar,27.08,93.61,220.0,3.4,8.8,15.2,121.6,23.3,13.2,10.1
2025-02-25,Arunachal Pradesh,Papum Pare,Itanagar,27.08,93.61,220.0,7.7,16.1,21.8,92.7,22.1,12.5,12.7
2025-02-26,Arunachal Pradesh,Papum Pare,Itanagar,27.08,93.61,220.0,0.0,11.1,18.5,66.8,25.1,10.2,7.7
2025-02-27,Arunachal Pradesh,Papum Pare,Itanagar,27.08,93.61,220.0,0.0,7.7,18.5,24.9,25.9,11.4,10.3
2025-02-28,Arunachal Pradesh,Papum Pare,Itanagar,27.08,93.61,220.0,0.0,0.0,16.5,23.3,26.6,16.4,10.1
2025-03-01,Arunachal Pradesh,Papum Pare,Itanagar,27.08,93.61,220.0,24.6,24.6,40.7,47.9,21.8,15.2,11.8
2025-03-02,Arunachal Pradesh,Papum Pare,Itanagar,27.08,93.61,220.0,6.0,30.6,41.7,53.8,24.2,15.2,12.6
2025-03-03,Arunachal Pradesh,Papum Pare,Itanagar,27.08,93.61,220.0,10.4,41.0,48.7,63.9,22.5,14.9,13.5
2025-03-04,Arunachal Pradesh,Papum Pare,Itanagar,27.08,93.61,220.0,3.9,20.3,44.9,66.7,23.3,15.3,11.0
2025-03-05,Arunachal Pradesh,Papum Pare,Itanagar,27.08,93.61,220.0,13.2,27.5,58.1,76.6,22.1,14.7,10.8
2025-03-06,Arunachal Pradesh,Papum Pare,Itanagar,27.08,93.61,220.0,1.1,18.2,59.2,77.7,24.5,14.6,13.2
2025-03-07,Arunachal Pradesh,Papum Pare,Itanagar,27.08,93.61,220.0,0.3,14.6,59.5,76.0,25.6,11.7,8.3
2025-03-08,Arunachal Pradesh,Papum Pare,Itanagar,27.08,93.61,220.0,14.0,15.4,48.9,89.6,24.5,14.5,13.1
2025-03-09,Arunachal Pradesh,Papum Pare,Itanagar,27.08,93.61,220.0,0.2,14.5,43.1,84.8,25.9,12.5,9.6
2025-03-10,Arunachal Pradesh,Papum Pare,Itanagar,27.08,93.61,220.0,0.0,14.2,32.7,81.4,27.9,12.6,8.8
2025-03-11,Arunachal Pradesh,Papum Pare,Itanagar,27.08,93.61,220.0,0.4,0.6,29.2,74.1,28.1,13.4,13.0
2025-03-12,Arunachal Pradesh,Papum Pare,Itanagar,27.08,93.61,220.0,19.4,19.8,35.4,93.5,23.4,16.2,13.2
2025-03-13,Arunachal Pradesh,Papum Pare,Itanagar,27.08,93.61,220.0,28.2,48.0,62.5,121.7,22.9,15.9,15.9
2025-03-14,Arunachal Pradesh,Papum Pare,Itanagar,27.08,93.61,220.0,4.6,52.2,66.8,126.3,22.9,15.8,13.1
2025-03-15,Arunachal Pradesh,Papum Pare,Itanagar,27.08,93.61,220.0,5.8,38.6,58.6,107.5,25.5,16.1,10.3
2025-03-16,Arunachal Pradesh,Papum Pare,Itanagar,27.08,93.61,220.0,15.7,26.1,74.1,117.2,22.8,17.5,13.7
2025-03-17,Arunachal Pradesh,Papum Pare,Itanagar,27.08,93.61,220.0,2.0,23.5,76.1,108.8,27.1,17.3,12.6
2025-03-18,Arunachal Pradesh,Papum Pare,Itanagar,27.08,93.61,220.0,0.0,17.7,75.7,104.9,29.7,16.6,20.5
2025-03-19,Arunachal Pradesh,Papum Pare,Itanagar,27.08,93.61,220.0,0.9,2.9,57.2,92.6,27.0,15.7,8.5
2025-03-20,Arunachal Pradesh,Papum Pare,Itanagar,27.08,93.61,220.0,0.0,0.9,29.0,91.5,26.4,15.5,12.9
2025-03-21,Arunachal Pradesh,Papum Pare,Itanagar,27.08,93.61,220.0,23.3,24.2,47.7,114.5,23.1,16.8,11.2
2025-03-22,Arunachal Pradesh,Papum Pare,Itanagar,27.08,93.61,220.0,8.3,31.6,50.2,108.8,23.5,16.8,9.3
2025-03-23,Arunachal Pradesh,Papum Pare,Itanagar,27.08,93.61,220.0,5.4,37.0,39.9,114.0,25.6,15.3,12.5
2025-03-24,Arunachal Pradesh,Papum Pare,Itanagar,27.08,93.61,220.0,0.0,13.7,37.9,114.0,28.0,13.6,8.4
2025-03-25,Arunachal Pradesh,Papum Pare,Itanagar,27.08,93.61,220.0,0.0,5.4,37.9,113.6,29.3,14.6,7.4
2025-03-26,Arunachal Pradesh,Papum Pare,Itanagar,27.08,93.61,220.0,0.0,0.0,37.0,94.2,29.8,14.7,11.3
2025-03-27,Arunachal Pradesh,Papum Pare,Itanagar,27.08,93.61,220.0,0.0,0.0,37.0,66.0,30.6,18.1,14.1
2025-03-28,Arunachal Pradesh,Papum Pare,Itanagar,27.08,93.61,220.0,19.1,19.1,32.8,80.5,27.5,19.2,10.1
2025-03-29,Arunachal Pradesh,Papum Pare,Itanagar,27.08,93.61,220.0,13.0,32.1,37.5,87.7,23.5,19.0,10.3
2025-03-30,Arunachal Pradesh,Papum Pare,Itanagar,27.08,93.61,220.0,0.0,32.1,32.1,72.0,28.3,19.2,12.1
2025-03-31,Arunachal Pradesh,Papum Pare,Itanagar,27.08,93.61,220.0,0.3,13.3,32.4,70.3,30.4,16.4,11.9
2025-04-01,Arunachal Pradesh,Papum Pare,Itanagar,27.08,93.61,220.0,1.2,1.5,33.6,71.5,28.5,18.3,11.2
2025-04-02,Arunachal Pradesh,Papum Pare,Itanagar,27.08,93.61,220.0,2.3,3.8,35.9,72.9,27.9,18.2,13.3
2025-04-03,Arunachal Pradesh,Papum Pare,Itanagar,27.08,93.61,220.0,2.6,6.1,38.5,75.5,28.7,19.0,10.9
2025-04-04,Arunachal Pradesh,Papum Pare,Itanagar,27.08,93.61,220.0,0.0,4.9,19.4,52.2,30.5,18.5,9.4
2025-04-05,Arunachal Pradesh,Papum Pare,Itanagar,27.08,93.61,220.0,1.1,3.7,7.5,45.0,28.7,17.2,12.3
2025-04-06,Arunachal Pradesh,Papum Pare,Itanagar,27.08,93.61,220.0,3.6,4.7,11.1,43.2,28.4,16.6,9.1
2025-04-07,Arunachal Pradesh,Papum Pare,Itanagar,27.08,93.61,220.0,0.0,4.7,10.8,43.2,30.2,17.5,8.0
2025-04-08,Arunachal Pradesh,Papum Pare,Itanagar,27.08,93.61,220.0,0.0,3.6,9.6,43.2,31.4,17.7,7.1
2025-04-09,Arunachal Pradesh,Papum Pare,Itanagar,27.08,93.61,220.0,0.2,0.2,7.5,43.4,29.1,18.6,7.4
2025-04-10,Arunachal Pradesh,Papum Pare,Itanagar,27.08,93.61,220.0,12.9,13.1,17.8,56.3,29.9,19.3,10.3
2025-04-11,Arunachal Pradesh,Papum Pare,Itanagar,27.08,93.61,220.0,26.9,40.0,44.7,64.1,27.7,18.7,7.3
2025-04-12,Arunachal Pradesh,Papum Pare,Itanagar,27.08,93.61,220.0,37.0,76.8,80.6,88.1,28.6,17.2,8.1
2025-04-13,Arunachal Pradesh,Papum Pare,Itanagar,27.08,93.61,220.0,5.4,69.3,82.4,93.5,29.9,18.4,10.3
2025-04-14,Arunachal Pradesh,Papum Pare,Itanagar,27.08,93.61,220.0,0.0,42.4,82.4,93.2,30.7,18.6,9.7
2025-04-15,Arunachal Pradesh,Papum Pare,Itanagar,27.08,93.61,220.0,3.2,8.6,85.6,95.2,31.2,19.7,9.3
2025-04-16,Arunachal Pradesh,Papum Pare,Itanagar,27.08,93.61,220.0,8.0,11.2,93.4,100.9,29.0,18.2,15.3
2025-04-17,Arunachal Pradesh,Papum Pare,Itanagar,27.08,93.61,220.0,12.2,23.4,92.7,110.5,27.7,19.2,8.1
2025-04-18,Arunachal Pradesh,Papum Pare,Itanagar,27.08,93.61,220.0,2.2,22.4,68.0,112.7,29.0,19.0,8.2
2025-04-19,Arunachal Pradesh,Papum Pare,Itanagar,27.08,93.61,220.0,1.1,15.5,32.1,112.7,28.9,20.5,9.8
2025-04-20,Arunachal Pradesh,Papum Pare,Itanagar,27.08,93.61,220.0,15.8,19.1,42.5,124.9,28.9,19.3,9.3
2025-04-21,Arunachal Pradesh,Papum Pare,Itanagar,27.08,93.61,220.0,1.5,18.4,44.0,126.4,30.6,18.6,9.1
2025-04-22,Arunachal Pradesh,Papum Pare,Itanagar,27.08,93.61,220.0,16.6,33.9,57.4,143.0,28.9,20.7,8.9
2025-04-23,Arunachal Pradesh,Papum Pare,Itanagar,27.08,93.61,220.0,73.4,91.5,122.8,216.2,29.7,20.7,22.7
2025-04-24,Arunachal Pradesh,Papum Pare,Itanagar,27.08,93.61,220.0,46.5,136.5,157.1,249.8,26.3,20.0,14.4
2025-04-25,Arunachal Pradesh,Papum Pare,Itanagar,27.08,93.61,220.0,35.5,155.4,190.4,258.4,26.7,19.3,11.1
2025-04-26,Arunachal Pradesh,Papum Pare,Itanagar,27.08,93.61,220.0,52.7,134.7,242.0,274.1,25.7,19.2,14.4
2025-04-27,Arunachal Pradesh,Papum Pare,Itanagar,27.08,93.61,220.0,17.4,105.6,243.6,286.1,27.4,19.9,14.8
2025-04-28,Arunachal Pradesh,Papum Pare,Itanagar,27.08,93.61,220.0,8.4,78.5,250.5,294.5,27.9,19.6,14.2
2025-04-29,Arunachal Pradesh,Papum Pare,Itanagar,27.08,93.61,220.0,8.7,34.5,242.6,300.0,26.1,18.1,7.6
2025-04-30,Arunachal Pradesh,Papum Pare,Itanagar,27.08,93.61,220.0,0.0,17.1,169.2,292.0,30.0,16.6,9.4
2025-05-01,Arunachal Pradesh,Papum Pare,Itanagar,27.08,93.61,220.0,0.0,8.7,122.7,279.8,29.7,19.4,12.7
2025-05-02,Arunachal Pradesh,Papum Pare,Itanagar,27.08,93.61,220.0,0.3,0.3,87.5,277.9,28.9,18.7,11.7
2025-05-03,Arunachal Pradesh,Papum Pare,Itanagar,27.08,93.61,220.0,0.9,1.2,35.7,277.7,28.8,18.6,7.8
2025-05-04,Arunachal Pradesh,Papum Pare,Itanagar,27.08,93.61,220.0,0.7,1.9,19.0,262.6,30.5,18.5,9.0
2025-05-05,Arunachal Pradesh,Papum Pare,Itanagar,27.08,93.61,220.0,13.5,15.1,24.1,274.6,29.9,20.1,11.7
2025-05-06,Arunachal Pradesh,Papum Pare,Itanagar,27.08,93.61,220.0,12.6,26.8,28.0,270.6,29.8,20.3,13.4
2025-05-07,Arunachal Pradesh,Papum Pare,Itanagar,27.08,93.61,220.0,16.1,42.2,44.1,213.3,28.8,20.1,14.3
2025-05-08,Arunachal Pradesh,Papum Pare,Itanagar,27.08,93.61,220.0,10.3,39.0,54.4,177.1,28.5,20.6,9.8
2025-05-09,Arunachal Pradesh,Papum Pare,Itanagar,27.08,93.61,220.0,0.0,26.4,54.1,141.6,31.3,20.5,8.0
2025-05-10,Arunachal Pradesh,Papum Pare,Itanagar,27.08,93.61,220.0,0.5,10.8,53.7,89.4,30.9,21.3,8.0
2025-05-11,Arunachal Pradesh,Papum Pare,Itanagar,27.08,93.61,220.0,24.2,24.7,77.2,96.2,28.5,21.7,11.6
2025-05-12,Arunachal Pradesh,Papum Pare,Itanagar,27.08,93.61,220.0,4.8,29.5,68.5,92.6,28.7,20.4,9.2
2025-05-13,Arunachal Pradesh,Papum Pare,Itanagar,27.08,93.61,220.0,78.5,107.5,134.4,162.4,28.2,21.0,8.2
2025-05-14,Arunachal Pradesh,Papum Pare,Itanagar,27.08,93.61,220.0,101.9,185.2,220.2,264.3,24.9,21.1,13.0
2025-05-15,Arunachal Pradesh,Papum Pare,Itanagar,27.08,93.61,220.0,17.2,197.6,227.1,281.5,25.7,20.8,14.3
2025-05-16,Arunachal Pradesh,Papum Pare,Itanagar,27.08,93.61,220.0,47.4,166.5,274.5,328.6,28.0,20.9,13.8
2025-05-17,Arunachal Pradesh,Papum Pare,Itanagar,27.08,93.61,220.0,41.4,106.0,315.4,369.1,27.3,20.9,13.6
2025-05-18,Arunachal Pradesh,Papum Pare,Itanagar,27.08,93.61,220.0,40.5,129.3,331.7,408.9,27.4,20.4,14.6
2025-05-19,Arunachal Pradesh,Papum Pare,Itanagar,27.08,93.61,220.0,2.1,84.0,329.0,397.5,27.7,20.0,5.4
2025-05-20,Arunachal Pradesh,Papum Pare,Itanagar,27.08,93.61,220.0,23.4,66.0,273.9,408.3,25.8,21.1,9.9
2025-05-21,Arunachal Pradesh,Papum Pare,Itanagar,27.08,93.61,220.0,7.7,33.2,179.7,399.9,28.7,21.5,8.5
2025-05-22,Arunachal Pradesh,Papum Pare,Itanagar,27.08,93.61,220.0,1.9,33.0,164.4,391.5,29.7,21.1,7.6
2025-05-23,Arunachal Pradesh,Papum Pare,Itanagar,27.08,93.61,220.0,1.8,11.4,118.8,393.3,31.7,21.4,7.6
2025-05-24,Arunachal Pradesh,Papum Pare,Itanagar,27.08,93.61,220.0,0.6,4.3,78.0,393.4,31.6,23.0,7.9
2025-05-25,Arunachal Pradesh,Papum Pare,Itanagar,27.08,93.61,220.0,0.0,2.4,37.5,369.2,31.7,24.1,14.1
2025-05-26,Arunachal Pradesh,Papum Pare,Itanagar,27.08,93.61,220.0,7.5,8.1,42.9,371.9,26.9,23.4,14.6
2025-05-27,Arunachal Pradesh,Papum Pare,Itanagar,27.08,93.61,220.0,1.4,8.9,20.9,294.8,31.4,22.6,15.1
2025-05-28,Arunachal Pradesh,Papum Pare,Itanagar,27.08,93.61,220.0,0.1,9.0,13.3,193.0,33.6,23.4,15.3
2025-05-29,Arunachal Pradesh,Papum Pare,Itanagar,27.08,93.61,220.0,36.2,37.7,47.6,212.0,26.3,23.3,14.4
2025-05-30,Arunachal Pradesh,Papum Pare,Itanagar,27.08,93.61,220.0,145.8,182.1,191.6,310.4,24.1,22.7,18.0
2025-05-31,Arunachal Pradesh,Papum Pare,Itanagar,27.08,93.61,220.0,33.6,215.6,224.6,302.6,29.5,22.9,21.9
2025-06-01,Arunachal Pradesh,Papum Pare,Itanagar,27.08,93.61,220.0,47.1,226.5,271.7,309.2,30.6,23.3,13.4
2025-06-02,Arunachal Pradesh,Papum Pare,Itanagar,27.08,93.61,220.0,4.4,85.1,268.6,311.5,31.3,22.9,17.7
2025-06-03,Arunachal Pradesh,Papum Pare,Itanagar,27.08,93.61,220.0,22.1,73.6,289.3,310.2,28.2,22.0,14.3
2025-06-04,Arunachal Pradesh,Papum Pare,Itanagar,27.08,93.61,220.0,9.2,35.7,298.4,311.7,30.0,22.1,8.0
2025-06-05,Arunachal Pradesh,Papum Pare,Itanagar,27.08,93.61,220.0,10.6,41.9,272.8,320.4,31.1,22.1,5.8
2025-06-06,Arunachal Pradesh,Papum Pare,Itanagar,27.08,93.61,220.0,1.8,21.6,128.8,320.4,31.1,22.0,10.8
2025-06-07,Arunachal Pradesh,Papum Pare,Itanagar,27.08,93.61,220.0,0.8,13.2,96.0,320.6,31.8,22.7,11.3
2025-06-08,Arunachal Pradesh,Papum Pare,Itanagar,27.08,93.61,220.0,1.1,3.7,50.0,321.7,33.3,22.7,12.2
2025-06-09,Arunachal Pradesh,Papum Pare,Itanagar,27.08,93.61,220.0,0.0,1.9,45.6,314.2,33.8,23.1,13.9
2025-06-10,Arunachal Pradesh,Papum Pare,Itanagar,27.08,93.61,220.0,0.1,1.2,23.6,312.9,34.8,25.1,8.0
2025-06-11,Arunachal Pradesh,Papum Pare,Itanagar,27.08,93.61,220.0,0.0,0.1,14.4,312.8,34.7,25.0,9.1
2025-06-12,Arunachal Pradesh,Papum Pare,Itanagar,27.08,93.61,220.0,0.0,0.1,3.8,276.6,35.9,24.6,7.8
2025-06-13,Arunachal Pradesh,Papum Pare,Itanagar,27.08,93.61,220.0,0.0,0.0,2.0,130.8,35.9,24.8,11.4
2025-06-14,Arunachal Pradesh,Papum Pare,Itanagar,27.08,93.61,220.0,8.1,8.1,9.3,105.3,33.8,24.7,10.7
2025-06-15,Arunachal Pradesh,Papum Pare,Itanagar,27.08,93.61,220.0,2.3,10.4,10.5,60.5,34.0,24.8,8.8
2025-06-16,Arunachal Pradesh,Papum Pare,Itanagar,27.08,93.61,220.0,12.7,23.1,23.2,68.8,28.7,24.9,6.7
2025-06-17,Arunachal Pradesh,Papum Pare,Itanagar,27.08,93.61,220.0,16.5,31.5,39.6,63.2,32.5,24.6,6.2
2025-06-18,Arunachal Pradesh,Papum Pare,Itanagar,27.08,93.61,220.0,7.8,37.0,47.4,61.8,31.5,24.2,8.3
2025-06-19,Arunachal Pradesh,Papum Pare,Itanagar,27.08,93.61,220.0,33.2,57.5,80.6,84.4,31.8,24.1,10.9
2025-06-20,Arunachal Pradesh,Papum Pare,Itanagar,27.08,93.61,220.0,35.3,76.3,115.9,117.9,31.9,24.5,12.7
2025-06-21,Arunachal Pradesh,Papum Pare,Itanagar,27.08,93.61,220.0,12.0,80.5,119.8,129.1,30.0,24.4,8.9
2025-06-22,Arunachal Pradesh,Papum Pare,Itanagar,27.08,93.61,220.0,20.1,67.4,137.6,148.1,32.5,24.0,11.2
2025-06-23,Arunachal Pradesh,Papum Pare,Itanagar,27.08,93.61,220.0,49.7,81.8,174.6,197.8,29.6,23.7,7.2
2025-06-24,Arunachal Pradesh,Papum Pare,Itanagar,27.08,93.61,220.0,34.4,104.2,192.5,232.1,31.5,23.5,12.2
2025-06-25,Arunachal Pradesh,Papum Pare,Itanagar,27.08,93.61,220.0,4.3,88.4,189.0,236.4,32.4,23.6,11.6
2025-06-26,Arunachal Pradesh,Papum Pare,Itanagar,27.08,93.61,220.0,0.1,38.8,155.9,236.5,33.5,25.4,9.3
2025-06-27,Arunachal Pradesh,Papum Pare,Itanagar,27.08,93.61,220.0,24.3,28.7,144.9,260.8,32.3,24.1,14.1
2025-06-28,Arunachal Pradesh,Papum Pare,Itanagar,27.08,93.61,220.0,18.7,43.1,151.6,271.4,32.2,23.8,13.8
2025-06-29,Arunachal Pradesh,Papum Pare,Itanagar,27.08,93.61,220.0,10.4,53.4,141.9,279.5,32.1,24.2,7.5
2025-06-30,Arunachal Pradesh,Papum Pare,Itanagar,27.08,93.61,220.0,3.7,32.8,95.9,270.5,33.5,25.0,6.7
2025-07-01,Arunachal Pradesh,Papum Pare,Itanagar,27.08,93.61,220.0,20.6,34.7,82.1,274.6,32.0,24.2,13.7
2025-07-02,Arunachal Pradesh,Papum Pare,Itanagar,27.08,93.61,220.0,8.2,32.5,86.0,275.0,31.3,24.8,9.0
2025-07-03,Arunachal Pradesh,Papum Pare,Itanagar,27.08,93.61,220.0,27.5,56.3,113.4,269.3,32.2,24.1,10.5
2025-07-04,Arunachal Pradesh,Papum Pare,Itanagar,27.08,93.61,220.0,27.1,62.8,116.2,261.1,31.2,24.1,8.9
2025-07-05,Arunachal Pradesh,Papum Pare,Itanagar,27.08,93.61,220.0,14.8,69.4,112.3,263.9,30.3,24.0,8.5
2025-07-06,Arunachal Pradesh,Papum Pare,Itanagar,27.08,93.61,220.0,0.6,42.5,102.5,244.4,30.6,24.9,16.7
2025-07-07,Arunachal Pradesh,Papum Pare,Itanagar,27.08,93.61,220.0,2.6,18.0,101.4,197.3,32.6,23.8,15.1
2025-07-08,Arunachal Pradesh,Papum Pare,Itanagar,27.08,93.61,220.0,1.1,4.3,81.9,164.0,31.8,23.5,6.3
2025-07-09,Arunachal Pradesh,Papum Pare,Itanagar,27.08,93.61,220.0,0.6,4.3,74.3,160.3,32.7,24.8,13.6
2025-07-10,Arunachal Pradesh,Papum Pare,Itanagar,27.08,93.61,220.0,0.0,1.7,46.8,160.2,33.4,23.5,14.0
2025-07-11,Arunachal Pradesh,Papum Pare,Itanagar,27.08,93.61,220.0,0.6,1.2,20.3,136.5,33.6,24.2,13.1
2025-07-12,Arunachal Pradesh,Papum Pare,Itanagar,27.08,93.61,220.0,1.1,1.7,6.6,118.9,34.3,25.5,8.5
2025-07-13,Arunachal Pradesh,Papum Pare,Itanagar,27.08,93.61,220.0,0.0,1.7,6.0,108.5,36.6,25.2,12.8
2025-07-14,Arunachal Pradesh,Papum Pare,Itanagar,27.08,93.61,220.0,0.1,1.2,3.5,104.9,34.8,25.6,12.5
2025-07-15,Arunachal Pradesh,Papum Pare,Itanagar,27.08,93.61,220.0,3.0,3.1,5.4,87.3,32.4,24.4,11.4
2025-07-16,Arunachal Pradesh,Papum Pare,Itanagar,27.08,93.61,220.0,10.4,13.5,15.2,89.5,31.1,24.5,16.6
2025-07-17,Arunachal Pradesh,Papum Pare,Itanagar,27.08,93.61,220.0,1.9,15.3,17.1,63.9,32.3,24.5,17.3
2025-07-18,Arunachal Pradesh,Papum Pare,Itanagar,27.08,93.61,220.0,0.8,13.1,17.3,37.6,33.3,25.4,18.1
2025-07-19,Arunachal Pradesh,Papum Pare,Itanagar,27.08,93.61,220.0,3.0,5.7,19.2,25.8,31.9,25.5,18.3
2025-07-20,Arunachal Pradesh,Papum Pare,Itanagar,27.08,93.61,220.0,0.6,4.4,19.8,25.8,33.8,25.3,11.9
2025-07-21,Arunachal Pradesh,Papum Pare,Itanagar,27.08,93.61,220.0,0.9,4.5,20.6,24.1,33.7,25.8,8.3
2025-07-22,Arunachal Pradesh,Papum Pare,Itanagar,27.08,93.61,220.0,4.4,5.9,22.0,27.4,34.2,25.0,13.5
2025-07-23,Arunachal Pradesh,Papum Pare,Itanagar,27.08,93.61,220.0,0.8,6.1,12.4,27.6,35.3,25.8,8.4
2025-07-24,Arunachal Pradesh,Papum Pare,Itanagar,27.08,93.61,220.0,0.1,5.3,10.6,27.7,35.8,26.7,11.4
2025-07-25,Arunachal Pradesh,Papum Pare,Itanagar,27.08,93.61,220.0,11.4,12.3,21.2,38.5,34.8,25.9,19.1
2025-07-26,Arunachal Pradesh,Papum Pare,Itanagar,27.08,93.61,220.0,55.1,66.6,73.3,92.5,33.2,24.9,12.8
2025-07-27,Arunachal Pradesh,Papum Pare,Itanagar,27.08,93.61,220.0,16.0,82.5,88.7,108.5,29.7,24.9,10.9
2025-07-28,Arunachal Pradesh,Papum Pare,Itanagar,27.08,93.61,220.0,5.9,77.0,93.7,114.3,31.5,25.0,8.6
2025-07-29,Arunachal Pradesh,Papum Pare,Itanagar,27.08,93.61,220.0,9.8,31.7,99.1,121.1,33.7,24.2,9.4
2025-07-30,Arunachal Pradesh,Papum Pare,Itanagar,27.08,93.61,220.0,2.0,17.7,100.3,112.7,33.4,25.1,13.4
2025-07-31,Arunachal Pradesh,Papum Pare,Itanagar,27.08,93.61,220.0,0.9,12.7,101.1,111.7,33.2,24.8,16.1
2025-08-01,Arunachal Pradesh,Papum Pare,Itanagar,27.08,93.61,220.0,6.8,9.7,96.5,117.7,32.2,25.3,13.6
2025-08-02,Arunachal Pradesh,Papum Pare,Itanagar,27.08,93.61,220.0,44.3,52.0,85.7,159.0,29.0,24.8,10.2
2025-08-03,Arunachal Pradesh,Papum Pare,Itanagar,27.08,93.61,220.0,6.7,57.8,76.4,165.1,29.5,24.5,18.9
2025-08-04,Arunachal Pradesh,Papum Pare,Itanagar,27.08,93.61,220.0,2.3,53.3,72.8,166.5,31.3,24.5,20.4
2025-08-05,Arunachal Pradesh,Papum Pare,Itanagar,27.08,93.61,220.0,0.8,9.8,63.8,162.9,32.1,24.6,18.0
2025-08-06,Arunachal Pradesh,Papum Pare,Itanagar,27.08,93.61,220.0,0.7,3.8,62.5,162.8,32.5,24.8,18.6
2025-08-07,Arunachal Pradesh,Papum Pare,Itanagar,27.08,93.61,220.0,1.8,3.3,63.4,164.5,30.7,25.0,15.3
2025-08-08,Arunachal Pradesh,Papum Pare,Itanagar,27.08,93.61,220.0,7.2,9.7,63.8,160.3,30.5,24.7,14.9
2025-08-09,Arunachal Pradesh,Papum Pare,Itanagar,27.08,93.61,220.0,2.1,11.1,21.6,107.3,30.7,24.1,23.1
2025-08-10,Arunachal Pradesh,Papum Pare,Itanagar,27.08,93.61,220.0,4.1,13.4,19.0,95.4,29.8,24.7,17.5
2025-08-11,Arunachal Pradesh,Papum Pare,Itanagar,27.08,93.61,220.0,12.9,19.1,29.6,102.4,29.8,24.6,15.4
2025-08-12,Arunachal Pradesh,Papum Pare,Itanagar,27.08,93.61,220.0,28.7,45.7,57.5,121.3,27.6,24.6,9.1
2025-08-13,Arunachal Pradesh,Papum Pare,Itanagar,27.08,93.61,220.0,14.0,55.6,70.8,133.3,27.3,24.1,8.3
2025-08-14,Arunachal Pradesh,Papum Pare,Itanagar,27.08,93.61,220.0,0.1,42.8,69.1,132.5,31.4,24.4,6.8
2025-08-15,Arunachal Pradesh,Papum Pare,Itanagar,27.08,93.61,220.0,0.5,14.6,62.4,126.2,33.0,24.2,8.6
2025-08-16,Arunachal Pradesh,Papum Pare,Itanagar,27.08,93.61,220.0,0.0,0.6,60.3,81.9,34.2,23.7,6.1
2025-08-17,Arunachal Pradesh,Papum Pare,Itanagar,27.08,93.61,220.0,0.3,0.8,56.5,75.5,33.0,25.0,10.2
2025-08-18,Arunachal Pradesh,Papum Pare,Itanagar,27.08,93.61,220.0,11.5,11.8,55.1,84.7,32.9,24.4,16.4
2025-08-19,Arunachal Pradesh,Papum Pare,Itanagar,27.08,93.61,220.0,9.3,21.1,35.7,93.2,30.9,24.0,10.1
2025-08-20,Arunachal Pradesh,Papum Pare,Itanagar,27.08,93.61,220.0,20.8,41.6,42.5,113.3,31.1,23.3,15.0
2025-08-21,Arunachal Pradesh,Papum Pare,Itanagar,27.08,93.61,220.0,15.3,45.4,57.7,126.8,31.7,23.7,13.7
2025-08-22,Arunachal Pradesh,Papum Pare,Itanagar,27.08,93.61,220.0,6.6,42.7,63.8,126.2,31.6,24.4,9.8
2025-08-23,Arunachal Pradesh,Papum Pare,Itanagar,27.08,93.61,220.0,18.5,40.4,82.3,142.6,31.5,23.8,9.5
2025-08-24,Arunachal Pradesh,Papum Pare,Itanagar,27.08,93.61,220.0,1.9,27.0,83.9,140.4,32.0,23.9,6.5
2025-08-25,Arunachal Pradesh,Papum Pare,Itanagar,27.08,93.61,220.0,10.7,31.1,83.1,138.2,31.3,23.9,11.0
2025-08-26,Arunachal Pradesh,Papum Pare,Itanagar,27.08,93.61,220.0,0.0,12.6,73.8,109.5,33.0,23.5,8.1
2025-08-27,Arunachal Pradesh,Papum Pare,Itanagar,27.08,93.61,220.0,10.3,21.0,63.3,105.8,32.7,24.8,9.0
2025-08-28,Arunachal Pradesh,Papum Pare,Itanagar,27.08,93.61,220.0,6.3,16.6,54.3,112.0,29.4,24.1,12.9
2025-08-29,Arunachal Pradesh,Papum Pare,Itanagar,27.08,93.61,220.0,49.5,66.1,97.2,161.0,27.9,23.6,6.7
2025-08-30,Arunachal Pradesh,Papum Pare,Itanagar,27.08,93.61,220.0,15.4,71.2,94.1,176.4,28.4,23.3,12.2
2025-08-31,Arunachal Pradesh,Papum Pare,Itanagar,27.08,93.61,220.0,0.9,65.8,93.1,177.0,31.4,24.4,8.2
2025-09-01,Arunachal Pradesh,Papum Pare,Itanagar,27.08,93.61,220.0,0.0,16.3,82.4,165.5,34.5,23.7,13.3
2025-09-02,Arunachal Pradesh,Papum Pare,Itanagar,27.08,93.61,220.0,2.1,3.0,84.5,158.3,34.7,24.8,9.1
2025-09-03,Arunachal Pradesh,Papum Pare,Itanagar,27.08,93.61,220.0,0.0,2.1,74.2,137.5,33.8,23.8,10.3
2025-09-04,Arunachal Pradesh,Papum Pare,Itanagar,27.08,93.61,220.0,1.9,4.0,69.8,124.1,32.0,24.5,8.4
2025-09-05,Arunachal Pradesh,Papum Pare,Itanagar,27.08,93.61,220.0,5.5,7.4,25.8,123.0,30.9,24.7,13.1
2025-09-06,Arunachal Pradesh,Papum Pare,Itanagar,27.08,93.61,220.0,3.5,10.9,13.9,108.0,31.4,24.4,11.7
2025-09-07,Arunachal Pradesh,Papum Pare,Itanagar,27.08,93.61,220.0,11.5,20.5,24.5,117.6,31.1,23.7,12.3
2025-09-08,Arunachal Pradesh,Papum Pare,Itanagar,27.08,93.61,220.0,1.3,16.3,25.8,108.2,31.6,24.2,12.9
2025-09-09,Arunachal Pradesh,Papum Pare,Itanagar,27.08,93.61,220.0,0.4,13.2,24.1,108.6,31.5,24.6,12.2
2025-09-10,Arunachal Pradesh,Papum Pare,Itanagar,27.08,93.61,220.0,2.3,4.0,26.4,100.6,30.6,24.0,14.2
2025-09-11,Arunachal Pradesh,Papum Pare,Itanagar,27.08,93.61,220.0,6.9,9.6,31.4,101.2,30.8,24.1,8.8
2025-09-12,Arunachal Pradesh,Papum Pare,Itanagar,27.08,93.61,220.0,22.1,31.3,48.0,73.8,30.6,23.7,11.3
2025-09-13,Arunachal Pradesh,Papum Pare,Itanagar,27.08,93.61,220.0,24.0,53.0,68.5,82.4,29.7,24.1,14.1
2025-09-14,Arunachal Pradesh,Papum Pare,Itanagar,27.08,93.61,220.0,20.0,66.1,77.0,101.5,29.6,23.5,10.9
2025-09-15,Arunachal Pradesh,Papum Pare,Itanagar,27.08,93.61,220.0,25.1,69.1,100.8,126.6,26.3,23.3,10.2
2025-09-16,Arunachal Pradesh,Papum Pare,Itanagar,27.08,93.61,220.0,47.0,92.1,147.4,171.5,28.1,23.3,6.6
2025-09-17,Arunachal Pradesh,Papum Pare,Itanagar,27.08,93.61,220.0,19.8,91.9,164.9,191.3,30.1,23.2,13.2
2025-09-18,Arunachal Pradesh,Papum Pare,Itanagar,27.08,93.61,220.0,9.5,76.3,167.5,198.9,30.7,23.3,9.9
2025-09-19,Arunachal Pradesh,Papum Pare,Itanagar,27.08,93.61,220.0,4.9,34.2,150.3,198.3,29.9,23.8,7.0
2025-09-20,Arunachal Pradesh,Papum Pare,Itanagar,27.08,93.61,220.0,1.7,16.1,128.0,196.5,31.7,23.3,9.0
2025-09-21,Arunachal Pradesh,Papum Pare,Itanagar,27.08,93.61,220.0,10.5,17.1,118.5,195.5,33.2,22.3,8.6
2025-09-22,Arunachal Pradesh,Papum Pare,Itanagar,27.08,93.61,220.0,0.0,12.2,93.4,194.2,33.1,23.2,9.7
2025-09-23,Arunachal Pradesh,Papum Pare,Itanagar,27.08,93.61,220.0,2.3,12.8,48.7,196.1,32.4,23.7,11.6
2025-09-24,Arunachal Pradesh,Papum Pare,Itanagar,27.08,93.61,220.0,0.6,2.9,29.5,194.4,32.0,24.0,10.6
2025-09-25,Arunachal Pradesh,Papum Pare,Itanagar,27.08,93.61,220.0,0.0,2.9,20.0,187.5,33.3,22.9,9.2
2025-09-26,Arunachal Pradesh,Papum Pare,Itanagar,27.08,93.61,220.0,0.0,0.6,15.1,165.4,34.9,24.0,7.2
2025-09-27,Arunachal Pradesh,Papum Pare,Itanagar,27.08,93.61,220.0,10.2,10.2,23.6,151.6,30.7,24.5,15.0
2025-09-28,Arunachal Pradesh,Papum Pare,Itanagar,27.08,93.61,220.0,0.4,10.6,13.5,132.0,31.8,23.3,6.5
2025-09-29,Arunachal Pradesh,Papum Pare,Itanagar,27.08,93.61,220.0,0.0,10.6,13.5,106.9,33.1,23.6,7.0
2025-09-30,Arunachal Pradesh,Papum Pare,Itanagar,27.08,93.61,220.0,0.2,0.6,11.4,60.1,34.4,23.5,8.3
2025-10-01,Arunachal Pradesh,Papum Pare,Itanagar,27.08,93.61,220.0,17.5,17.7,28.3,57.8,26.8,22.7,10.3
2025-10-02,Arunachal Pradesh,Papum Pare,Itanagar,27.08,93.61,220.0,15.7,33.4,44.0,64.0,30.3,23.5,8.4
2025-10-03,Arunachal Pradesh,Papum Pare,Itanagar,27.08,93.61,220.0,9.0,42.2,53.0,68.1,28.2,23.4,14.8
2025-10-04,Arunachal Pradesh,Papum Pare,Itanagar,27.08,93.61,220.0,5.2,29.9,48.0,71.6,29.0,22.8,18.4
2025-10-05,Arunachal Pradesh,Papum Pare,Itanagar,27.08,93.61,220.0,2.3,16.5,49.9,63.4,30.6,22.6,14.5
2025-10-06,Arunachal Pradesh,Papum Pare,Itanagar,27.08,93.61,220.0,0.2,7.7,50.1,63.6,29.7,22.6,11.9
2025-10-07,Arunachal Pradesh,Papum Pare,Itanagar,27.08,93.61,220.0,0.5,3.0,50.4,61.8,30.3,21.8,10.9
2025-10-08,Arunachal Pradesh,Papum Pare,Itanagar,27.08,93.61,220.0,1.1,1.8,34.0,62.3,29.7,22.5,8.2
2025-10-09,Arunachal Pradesh,Papum Pare,Itanagar,27.08,93.61,220.0,3.6,5.2,21.9,65.9,29.3,22.8,6.1
2025-10-10,Arunachal Pradesh,Papum Pare,Itanagar,27.08,93.61,220.0,1.0,5.7,13.9,66.9,29.7,22.0,6.2
2025-10-11,Arunachal Pradesh,Papum Pare,Itanagar,27.08,93.61,220.0,21.3,25.9,30.0,78.0,26.7,21.4,4.9
2025-10-12,Arunachal Pradesh,Papum Pare,Itanagar,27.08,93.61,220.0,1.2,23.5,28.9,78.8,28.6,20.2,6.8
2025-10-13,Arunachal Pradesh,Papum Pare,Itanagar,27.08,93.61,220.0,0.0,22.5,28.7,78.8,30.2,19.7,5.9
2025-10-14,Arunachal Pradesh,Papum Pare,Itanagar,27.08,93.61,220.0,0.0,1.2,28.2,78.6,30.7,20.7,7.6
2025-10-15,Arunachal Pradesh,Papum Pare,Itanagar,27.08,93.61,220.0,0.0,0.0,27.1,61.1,31.3,20.6,6.6
2025-10-16,Arunachal Pradesh,Papum Pare,Itanagar,27.08,93.61,220.0,0.0,0.0,23.5,45.4,31.5,20.1,6.6
2025-10-17,Arunachal Pradesh,Papum Pare,Itanagar,27.08,93.61,220.0,0.0,0.0,22.5,36.4,31.2,19.3,6.5
2025-10-18,Arunachal Pradesh,Papum Pare,Itanagar,27.08,93.61,220.0,0.0,0.0,1.2,31.2,30.6,19.4,6.9
2025-10-19,Arunachal Pradesh,Papum Pare,Itanagar,27.08,93.61,220.0,0.0,0.0,0.0,28.9,31.2,18.8,8.4
2025-10-20,Arunachal Pradesh,Papum Pare,Itanagar,27.08,93.61,220.0,0.0,0.0,0.0,28.7,30.7,18.7,7.1
2025-10-21,Arunachal Pradesh,Papum Pare,Itanagar,27.08,93.61,220.0,0.0,0.0,0.0,28.2,30.6,17.7,6.9
2025-10-22,Arunachal Pradesh,Papum Pare,Itanagar,27.08,93.61,220.0,0.0,0.0,0.0,27.1,30.6,17.3,7.6
2025-10-23,Arunachal Pradesh,Papum Pare,Itanagar,27.08,93.61,220.0,0.0,0.0,0.0,23.5,31.1,17.5,9.3
2025-10-24,Arunachal Pradesh,Papum Pare,Itanagar,27.08,93.61,220.0,0.8,0.8,0.8,23.3,29.5,19.0,13.3
2025-10-25,Arunachal Pradesh,Papum Pare,Itanagar,27.08,93.61,220.0,0.0,0.8,0.8,2.0,27.9,18.9,10.9
2025-10-26,Arunachal Pradesh,Papum Pare,Itanagar,27.08,93.61,220.0,0.7,1.5,1.5,1.5,27.9,18.7,11.7
2025-10-27,Arunachal Pradesh,Papum Pare,Itanagar,27.08,93.61,220.0,0.0,0.7,1.5,1.5,29.8,17.1,10.5
2025-10-28,Arunachal Pradesh,Papum Pare,Itanagar,27.08,93.61,220.0,0.0,0.7,1.5,1.5,30.1,17.9,8.8
2025-10-29,Arunachal Pradesh,Papum Pare,Itanagar,27.08,93.61,220.0,0.8,0.8,2.3,2.3,28.7,19.3,8.2
2025-10-30,Arunachal Pradesh,Papum Pare,Itanagar,27.08,93.61,220.0,0.4,1.2,2.7,2.7,26.4,22.3,9.4
2025-10-31,Arunachal Pradesh,Papum Pare,Itanagar,27.08,93.61,220.0,32.9,34.1,34.8,35.6,22.9,20.3,6.2
2025-11-01,Arunachal Pradesh,Papum Pare,Itanagar,27.08,93.61,220.0,7.0,40.3,41.8,42.6,22.9,20.0,10.1
2025-11-02,Arunachal Pradesh,Papum Pare,Itanagar,27.08,93.61,220.0,8.6,48.5,49.7,51.2,23.6,20.4,10.7
2025-11-03,Arunachal Pradesh,Papum Pare,Itanagar,27.08,93.61,220.0,0.2,15.8,49.9,51.4,27.5,18.8,9.7
2025-11-04,Arunachal Pradesh,Papum Pare,Itanagar,27.08,93.61,220.0,0.0,8.8,49.9,51.4,29.3,18.4,7.6
2025-11-05,Arunachal Pradesh,Papum Pare,Itanagar,27.08,93.61,220.0,0.0,0.2,49.1,51.4,28.6,18.7,10.4
2025-11-06,Arunachal Pradesh,Papum Pare,Itanagar,27.08,93.61,220.0,0.0,0.0,48.7,51.4,27.8,18.4,7.0
2025-11-07,Arunachal Pradesh,Papum Pare,Itanagar,27.08,93.61,220.0,0.4,0.4,16.2,51.0,28.4,17.4,7.2
2025-11-08,Arunachal Pradesh,Papum Pare,Itanagar,27.08,93.61,220.0,0.0,0.4,9.2,51.0,28.2,17.1,7.0
2025-11-09,Arunachal Pradesh,Papum Pare,Itanagar,27.08,93.61,220.0,0.0,0.4,0.6,50.3,28.2,17.1,6.4
2025-11-10,Arunachal Pradesh,Papum Pare,Itanagar,27.08,93.61,220.0,0.0,0.0,0.4,50.3,28.0,15.9,7.3
2025-11-11,Arunachal Pradesh,Papum Pare,Itanagar,27.08,93.61,220.0,0.0,0.0,0.4,50.3,27.0,17.7,7.2
2025-11-12,Arunachal Pradesh,Papum Pare,Itanagar,27.08,93.61,220.0,0.0,0.0,0.4,49.5,26.8,18.0,5.3
2025-11-13,Arunachal Pradesh,Papum Pare,Itanagar,27.08,93.61,220.0,0.0,0.0,0.4,49.1,26.5,17.3,8.9
2025-11-14,Arunachal Pradesh,Papum Pare,Itanagar,27.08,93.61,220.0,0.0,0.0,0.0,16.2,26.8,15.7,8.0
2025-11-15,Arunachal Pradesh,Papum Pare,Itanagar,27.08,93.61,220.0,0.0,0.0,0.0,9.2,26.5,15.9,8.0
2025-11-16,Arunachal Pradesh,Papum Pare,Itanagar,27.08,93.61,220.0,0.0,0.0,0.0,0.6,26.0,14.4,7.6
2025-11-17,Arunachal Pradesh,Papum Pare,Itanagar,27.08,93.61,220.0,0.0,0.0,0.0,0.4,25.9,14.0,7.9
2025-11-18,Arunachal Pradesh,Papum Pare,Itanagar,27.08,93.61,220.0,0.0,0.0,0.0,0.4,25.9,14.0,7.0
2025-11-19,Arunachal Pradesh,Papum Pare,Itanagar,27.08,93.61,220.0,0.0,0.0,0.0,0.4,26.6,13.8,6.7
2025-11-20,Arunachal Pradesh,Papum Pare,Itanagar,27.08,93.61,220.0,0.0,0.0,0.0,0.4,26.6,14.1,8.3
2025-11-21,Arunachal Pradesh,Papum Pare,Itanagar,27.08,93.61,220.0,0.0,0.0,0.0,0.0,26.3,14.9,9.7
2025-11-22,Arunachal Pradesh,Papum Pare,Itanagar,27.08,93.61,220.0,0.0,0.0,0.0,0.0,24.3,17.4,8.3
2025-11-23,Arunachal Pradesh,Papum Pare,Itanagar,27.08,93.61,220.0,1.3,1.3,1.3,1.3,21.1,16.4,9.2
2025-11-24,Arunachal Pradesh,Papum Pare,Itanagar,27.08,93.61,220.0,0.0,1.3,1.3,1.3,23.9,15.0,7.5
2025-11-25,Arunachal Pradesh,Papum Pare,Itanagar,27.08,93.61,220.0,0.0,1.3,1.3,1.3,24.3,14.2,9.2
2025-11-26,Arunachal Pradesh,Papum Pare,Itanagar,27.08,93.61,220.0,0.0,0.0,1.3,1.3,25.0,15.0,9.2
2025-11-27,Arunachal Pradesh,Papum Pare,Itanagar,27.08,93.61,220.0,0.0,0.0,1.3,1.3,25.4,13.7,11.2
2025-11-28,Arunachal Pradesh,Papum Pare,Itanagar,27.08,93.61,220.0,0.0,0.0,1.3,1.3,25.1,13.5,6.6
2025-11-29,Arunachal Pradesh,Papum Pare,Itanagar,27.08,93.61,220.0,0.0,0.0,1.3,1.3,24.2,13.8,6.4
2025-11-30,Arunachal Pradesh,Papum Pare,Itanagar,27.08,93.61,220.0,0.0,0.0,0.0,1.3,23.9,14.5,7.1
2025-12-01,Arunachal Pradesh,Papum Pare,Itanagar,27.08,93.61,220.0,0.0,0.0,0.0,1.3,23.8,12.7,7.0
2025-12-02,Arunachal Pradesh,Papum Pare,Itanagar,27.08,93.61,220.0,0.1,0.1,0.1,1.4,23.4,15.0,6.0
2025-12-03,Arunachal Pradesh,Papum Pare,Itanagar,27.08,93.61,220.0,0.0,0.1,0.1,1.4,24.5,13.5,8.4
2025-12-04,Arunachal Pradesh,Papum Pare,Itanagar,27.08,93.61,220.0,0.0,0.1,0.1,1.4,24.2,11.9,6.5
2025-12-05,Arunachal Pradesh,Papum Pare,Itanagar,27.08,93.61,220.0,0.0,0.0,0.1,1.4,23.9,12.1,5.6
2025-12-06,Arunachal Pradesh,Papum Pare,Itanagar,27.08,93.61,220.0,0.0,0.0,0.1,1.4,23.0,10.5,7.0
2025-12-07,Arunachal Pradesh,Papum Pare,Itanagar,27.08,93.61,220.0,0.0,0.0,0.1,0.1,22.8,10.4,6.3
2025-12-08,Arunachal Pradesh,Papum Pare,Itanagar,27.08,93.61,220.0,0.0,0.0,0.1,0.1,22.7,9.7,6.6
2025-12-09,Arunachal Pradesh,Papum Pare,Itanagar,27.08,93.61,220.0,0.0,0.0,0.0,0.1,23.1,10.3,6.9
2025-12-10,Arunachal Pradesh,Papum Pare,Itanagar,27.08,93.61,220.0,0.0,0.0,0.0,0.1,23.2,9.4,4.6
2025-12-11,Arunachal Pradesh,Papum Pare,Itanagar,27.08,93.61,220.0,0.0,0.0,0.0,0.1,22.6,9.6,6.3
2025-12-12,Arunachal Pradesh,Papum Pare,Itanagar,27.08,93.61,220.0,0.0,0.0,0.0,0.1,22.2,10.3,6.9
2025-12-13,Arunachal Pradesh,Papum Pare,Itanagar,27.08,93.61,220.0,0.0,0.0,0.0,0.1,22.8,9.6,5.2
2025-12-14,Arunachal Pradesh,Papum Pare,Itanagar,27.08,93.61,220.0,0.0,0.0,0.0,0.1,22.8,9.5,4.8
2025-12-15,Arunachal Pradesh,Papum Pare,Itanagar,27.08,93.61,220.0,0.0,0.0,0.0,0.1,22.9,9.2,6.5
2025-12-16,Arunachal Pradesh,Papum Pare,Itanagar,27.08,93.61,220.0,0.0,0.0,0.0,0.0,23.1,9.7,5.6
2025-12-17,Arunachal Pradesh,Papum Pare,Itanagar,27.08,93.61,220.0,0.0,0.0,0.0,0.0,22.8,10.3,7.1
2025-12-18,Arunachal Pradesh,Papum Pare,Itanagar,27.08,93.61,220.0,0.0,0.0,0.0,0.0,23.2,9.7,5.1
2025-12-19,Arunachal Pradesh,Papum Pare,Itanagar,27.08,93.61,220.0,0.0,0.0,0.0,0.0,23.3,9.4,5.6
2025-12-20,Arunachal Pradesh,Papum Pare,Itanagar,27.08,93.61,220.0,0.0,0.0,0.0,0.0,23.1,9.6,5.5
2025-12-21,Arunachal Pradesh,Papum Pare,Itanagar,27.08,93.61,220.0,0.0,0.0,0.0,0.0,22.8,9.9,5.8
2025-12-22,Arunachal Pradesh,Papum Pare,Itanagar,27.08,93.61,220.0,0.0,0.0,0.0,0.0,23.2,10.5,5.4
2025-12-23,Arunachal Pradesh,Papum Pare,Itanagar,27.08,93.61,220.0,0.0,0.0,0.0,0.0,22.4,11.2,9.1
2025-12-24,Arunachal Pradesh,Papum Pare,Itanagar,27.08,93.61,220.0,0.0,0.0,0.0,0.0,21.9,16.0,6.0
2025-12-25,Arunachal Pradesh,Papum Pare,Itanagar,27.08,93.61,220.0,0.0,0.0,0.0,0.0,22.6,13.9,7.3
2025-12-26,Arunachal Pradesh,Papum Pare,Itanagar,27.08,93.61,220.0,0.0,0.0,0.0,0.0,23.0,13.2,6.3
2025-12-27,Arunachal Pradesh,Papum Pare,Itanagar,27.08,93.61,220.0,0.0,0.0,0.0,0.0,22.5,11.7,6.9
2025-12-28,Arunachal Pradesh,Papum Pare,Itanagar,27.08,93.61,220.0,0.0,0.0,0.0,0.0,22.3,12.4,6.8
2025-12-29,Arunachal Pradesh,Papum Pare,Itanagar,27.08,93.61,220.0,0.0,0.0,0.0,0.0,22.3,13.5,5.9
2025-12-30,Arunachal Pradesh,Papum Pare,Itanagar,27.08,93.61,220.0,0.0,0.0,0.0,0.0,19.2,12.2,7.7
2025-12-31,Arunachal Pradesh,Papum Pare,Itanagar,27.08,93.61,220.0,0.0,0.0,0.0,0.0,20.9,10.3,5.2
2026-01-01,Arunachal Pradesh,Papum Pare,Itanagar,27.08,93.61,220.0,0.0,0.0,0.0,0.0,20.7,10.1,6.4
2026-01-02,Arunachal Pradesh,Papum Pare,Itanagar,27.08,93.61,220.0,0.0,0.0,0.0,0.0,21.9,10.1,7.7
2026-01-03,Arunachal Pradesh,Papum Pare,Itanagar,27.08,93.61,220.0,0.0,0.0,0.0,0.0,22.0,8.5,5.2
2026-01-04,Arunachal Pradesh,Papum Pare,Itanagar,27.08,93.61,220.0,0.0,0.0,0.0,0.0,21.4,10.0,8.9
2026-01-05,Arunachal Pradesh,Papum Pare,Itanagar,27.08,93.61,220.0,0.0,0.0,0.0,0.0,20.3,9.0,6.8
2026-01-06,Arunachal Pradesh,Papum Pare,Itanagar,27.08,93.61,220.0,0.0,0.0,0.0,0.0,20.2,8.7,8.2
2026-01-07,Arunachal Pradesh,Papum Pare,Itanagar,27.08,93.61,220.0,0.0,0.0,0.0,0.0,20.1,8.2,7.1
2026-01-08,Arunachal Pradesh,Papum Pare,Itanagar,27.08,93.61,220.0,0.0,0.0,0.0,0.0,21.3,8.8,6.9
2026-01-09,Arunachal Pradesh,Papum Pare,Itanagar,27.08,93.61,220.0,0.0,0.0,0.0,0.0,22.4,8.6,7.7
2026-01-10,Arunachal Pradesh,Papum Pare,Itanagar,27.08,93.61,220.0,0.0,0.0,0.0,0.0,22.7,12.1,7.7
2026-01-11,Arunachal Pradesh,Papum Pare,Itanagar,27.08,93.61,220.0,0.0,0.0,0.0,0.0,22.2,10.4,8.5
2026-01-12,Arunachal Pradesh,Papum Pare,Itanagar,27.08,93.61,220.0,0.0,0.0,0.0,0.0,23.0,9.5,7.0
2026-01-13,Arunachal Pradesh,Papum Pare,Itanagar,27.08,93.61,220.0,0.0,0.0,0.0,0.0,22.5,10.3,5.4
2026-01-14,Arunachal Pradesh,Papum Pare,Itanagar,27.08,93.61,220.0,0.0,0.0,0.0,0.0,22.7,9.3,5.7
2026-01-15,Arunachal Pradesh,Papum Pare,Itanagar,27.08,93.61,220.0,0.0,0.0,0.0,0.0,22.5,9.1,6.9
2026-01-16,Arunachal Pradesh,Papum Pare,Itanagar,27.08,93.61,220.0,0.0,0.0,0.0,0.0,23.2,9.1,6.9
2026-01-17,Arunachal Pradesh,Papum Pare,Itanagar,27.08,93.61,220.0,0.0,0.0,0.0,0.0,22.5,8.5,7.0
2026-01-18,Arunachal Pradesh,Papum Pare,Itanagar,27.08,93.61,220.0,0.0,0.0,0.0,0.0,23.2,9.5,7.3
2026-01-19,Arunachal Pradesh,Papum Pare,Itanagar,27.08,93.61,220.0,0.0,0.0,0.0,0.0,23.3,10.1,9.1
2026-01-20,Arunachal Pradesh,Papum Pare,Itanagar,27.08,93.61,220.0,0.0,0.0,0.0,0.0,23.4,10.5,6.7
2026-01-21,Arunachal Pradesh,Papum Pare,Itanagar,27.08,93.61,220.0,0.0,0.0,0.0,0.0,23.3,11.0,8.8
2026-01-22,Arunachal Pradesh,Papum Pare,Itanagar,27.08,93.61,220.0,0.0,0.0,0.0,0.0,23.9,12.8,7.1
2026-01-23,Arunachal Pradesh,Papum Pare,Itanagar,27.08,93.61,220.0,0.0,0.0,0.0,0.0,24.0,12.2,7.1
2026-01-24,Arunachal Pradesh,Papum Pare,Itanagar,27.08,93.61,220.0,0.0,0.0,0.0,0.0,24.2,10.2,8.0
2026-01-25,Arunachal Pradesh,Papum Pare,Itanagar,27.08,93.61,220.0,0.0,0.0,0.0,0.0,23.4,11.8,7.8
2026-01-26,Arunachal Pradesh,Papum Pare,Itanagar,27.08,93.61,220.0,4.0,4.0,4.0,4.0,22.9,10.0,6.4
2026-01-27,Arunachal Pradesh,Papum Pare,Itanagar,27.08,93.61,220.0,0.0,4.0,4.0,4.0,23.6,10.3,5.3
2026-01-28,Arunachal Pradesh,Papum Pare,Itanagar,27.08,93.61,220.0,0.0,4.0,4.0,4.0,24.3,9.9,6.8
2026-01-29,Arunachal Pradesh,Papum Pare,Itanagar,27.08,93.61,220.0,1.1,1.1,5.1,5.1,23.4,11.5,7.3
2026-01-30,Arunachal Pradesh,Papum Pare,Itanagar,27.08,93.61,220.0,1.5,2.6,6.6,6.6,21.5,12.3,13.0
2026-01-31,Arunachal Pradesh,Papum Pare,Itanagar,27.08,93.61,220.0,0.0,2.6,6.6,6.6,22.9,10.5,6.4
2026-02-01,Arunachal Pradesh,Papum Pare,Itanagar,27.08,93.61,220.0,0.0,1.5,6.6,6.6,24.1,11.9,6.2
2026-02-02,Arunachal Pradesh,Papum Pare,Itanagar,27.08,93.61,220.0,0.0,0.0,2.6,6.6,24.5,11.5,7.5
2026-02-03,Arunachal Pradesh,Papum Pare,Itanagar,27.08,93.61,220.0,0.0,0.0,2.6,6.6,24.7,11.3,9.0
2026-02-04,Arunachal Pradesh,Papum Pare,Itanagar,27.08,93.61,220.0,0.0,0.0,2.6,6.6,25.0,10.8,7.7
2026-02-05,Arunachal Pradesh,Papum Pare,Itanagar,27.08,93.61,220.0,0.7,0.7,2.2,7.3,23.0,12.1,7.7
2026-02-06,Arunachal Pradesh,Papum Pare,Itanagar,27.08,93.61,220.0,0.1,0.8,0.8,7.4,23.3,13.7,6.9
2026-02-07,Arunachal Pradesh,Papum Pare,Itanagar,27.08,93.61,220.0,0.0,0.8,0.8,7.4,23.4,12.3,6.6
2026-02-08,Arunachal Pradesh,Papum Pare,Itanagar,27.08,93.61,220.0,0.1,0.2,0.9,7.5,23.2,12.1,6.7
2026-02-09,Arunachal Pradesh,Papum Pare,Itanagar,27.08,93.61,220.0,0.0,0.1,0.9,3.5,24.7,11.9,6.8
2026-02-10,Arunachal Pradesh,Papum Pare,Itanagar,27.08,93.61,220.0,0.0,0.1,0.9,3.5,25.4,9.7,7.2
2026-02-11,Arunachal Pradesh,Papum Pare,Itanagar,27.08,93.61,220.0,0.0,0.0,0.9,3.5,24.9,10.2,8.8
2026-02-12,Arunachal Pradesh,Papum Pare,Itanagar,27.08,93.61,220.0,0.0,0.0,0.2,2.4,26.0,12.2,7.6
2026-02-13,Arunachal Pradesh,Papum Pare,Itanagar,27.08,93.61,220.0,0.0,0.0,0.1,0.9,26.3,12.1,7.0
2026-02-14,Arunachal Pradesh,Papum Pare,Itanagar,27.08,93.61,220.0,1.3,1.3,1.4,2.2,25.9,12.0,6.0
2026-02-15,Arunachal Pradesh,Papum Pare,Itanagar,27.08,93.61,220.0,6.1,7.4,7.4,8.3,25.1,13.1,12.7
2026-02-16,Arunachal Pradesh,Papum Pare,Itanagar,27.08,93.61,220.0,0.0,7.4,7.4,8.3,25.4,13.2,9.0
2026-02-17,Arunachal Pradesh,Papum Pare,Itanagar,27.08,93.61,220.0,0.0,6.1,7.4,8.3,26.9,12.3,6.5
2026-02-18,Arunachal Pradesh,Papum Pare,Itanagar,27.08,93.61,220.0,0.0,0.0,7.4,8.3,27.6,11.4,7.2
2026-02-19,Arunachal Pradesh,Papum Pare,Itanagar,27.08,93.61,220.0,0.0,0.0,7.4,7.6,28.2,11.6,7.6
2026-02-20,Arunachal Pradesh,Papum Pare,Itanagar,27.08,93.61,220.0,0.0,0.0,7.4,7.5,28.4,12.8,7.2
2026-02-21,Arunachal Pradesh,Papum Pare,Itanagar,27.08,93.61,220.0,0.3,0.3,6.4,7.8,27.3,13.4,11.4
2026-02-22,Arunachal Pradesh,Papum Pare,Itanagar,27.08,93.61,220.0,12.5,12.8,12.8,20.2,24.9,14.4,11.5
2026-02-23,Arunachal Pradesh,Papum Pare,Itanagar,27.08,93.61,220.0,2.4,15.2,15.2,22.6,24.5,13.7,10.1
2026-02-24,Arunachal Pradesh,Papum Pare,Itanagar,27.08,93.61,220.0,0.0,14.9,15.2,22.6,25.9,13.3,8.5
2026-02-25,Arunachal Pradesh,Papum Pare,Itanagar,27.08,93.61,220.0,0.4,2.8,15.6,23.0,26.3,14.0,8.2
2026-02-26,Arunachal Pradesh,Papum Pare,Itanagar,27.08,93.61,220.0,1.8,2.2,17.4,24.8,24.3,14.1,13.5
2026-02-27,Arunachal Pradesh,Papum Pare,Itanagar,27.08,93.61,220.0,13.5,15.7,30.9,38.3,21.9,13.9,9.2
2026-02-28,Arunachal Pradesh,Papum Pare,Itanagar,27.08,93.61,220.0,34.5,49.8,65.1,71.5,21.6,14.0,12.1
2026-03-01,Arunachal Pradesh,Papum Pare,Itanagar,27.08,93.61,220.0,22.9,70.9,75.5,88.3,20.1,15.3,9.9
2026-03-02,Arunachal Pradesh,Papum Pare,Itanagar,27.08,93.61,220.0,4.6,62.0,77.7,92.9,22.2,15.0,11.0
2026-03-03,Arunachal Pradesh,Papum Pare,Itanagar,27.08,93.61,220.0,0.0,27.5,77.7,92.9,25.7,13.5,9.9
2026-03-04,Arunachal Pradesh,Papum Pare,Itanagar,27.08,93.61,220.0,0.0,4.6,77.3,92.9,27.4,13.3,7.8
2026-03-05,Arunachal Pradesh,Papum Pare,Itanagar,27.08,93.61,220.0,0.0,0.0,75.5,92.9,28.9,14.1,7.7
2026-03-06,Arunachal Pradesh,Papum Pare,Itanagar,27.08,93.61,220.0,0.0,0.0,62.0,92.9,29.3,14.9,8.3
2026-03-07,Arunachal Pradesh,Papum Pare,Itanagar,27.08,93.61,220.0,0.0,0.0,27.5,92.6,30.3,16.8,15.9
2026-03-08,Arunachal Pradesh,Papum Pare,Itanagar,27.08,93.61,220.0,0.4,0.4,5.0,80.5,30.1,18.8,10.7
2026-03-09,Arunachal Pradesh,Papum Pare,Itanagar,27.08,93.61,220.0,4.8,5.2,5.2,82.9,28.6,18.1,12.2
2026-03-10,Arunachal Pradesh,Papum Pare,Itanagar,27.08,93.61,220.0,0.0,5.2,5.2,82.9,29.6,17.1,6.7
2026-03-11,Arunachal Pradesh,Papum Pare,Itanagar,27.08,93.61,220.0,0.4,5.2,5.6,82.9,30.1,17.1,10.4
2026-03-12,Arunachal Pradesh,Papum Pare,Itanagar,27.08,93.61,220.0,19.0,19.4,24.6,100.1,24.1,18.1,12.0
2026-03-13,Arunachal Pradesh,Papum Pare,Itanagar,27.08,93.61,220.0,84.4,103.8,109.0,171.0,22.2,17.7,8.5
2026-03-14,Arunachal Pradesh,Papum Pare,Itanagar,27.08,93.61,220.0,74.9,178.3,183.9,211.4,19.2,16.6,10.9
2026-03-15,Arunachal Pradesh,Papum Pare,Itanagar,27.08,93.61,220.0,70.4,229.7,253.9,258.9,20.8,16.0,13.4
2026-03-16,Arunachal Pradesh,Papum Pare,Itanagar,27.08,93.61,220.0,54.8,200.1,303.9,309.1,22.9,15.7,10.8
2026-03-17,Arunachal Pradesh,Papum Pare,Itanagar,27.08,93.61,220.0,34.8,160.0,338.7,343.9,24.5,15.7,22.7
2026-03-18,Arunachal Pradesh,Papum Pare,Itanagar,27.08,93.61,220.0,32.9,122.5,371.2,376.8,22.7,15.8,13.7
2026-03-19,Arunachal Pradesh,Papum Pare,Itanagar,27.08,93.61,220.0,49.1,116.8,401.3,425.9,22.7,16.8,13.7
2026-03-20,Arunachal Pradesh,Papum Pare,Itanagar,27.08,93.61,220.0,1.5,83.5,318.4,427.4,23.5,15.8,7.0
2026-03-21,Arunachal Pradesh,Papum Pare,Itanagar,27.08,93.61,220.0,18.7,69.3,262.2,446.1,27.5,16.4,11.2
2026-03-22,Arunachal Pradesh,Papum Pare,Itanagar,27.08,93.61,220.0,19.1,39.3,210.9,464.8,24.3,17.4,7.9
2026-03-23,Arunachal Pradesh,Papum Pare,Itanagar,27.08,93.61,220.0,13.7,51.5,169.8,473.7,25.0,16.5,7.6
2026-03-24,Arunachal Pradesh,Papum Pare,Itanagar,27.08,93.61,220.0,22.1,54.9,157.1,495.8,24.7,16.8,9.0
2026-03-25,Arunachal Pradesh,Papum Pare,Itanagar,27.08,93.61,220.0,24.9,60.7,149.1,520.3,22.9,15.3,10.7
2026-03-26,Arunachal Pradesh,Papum Pare,Itanagar,27.08,93.61,220.0,0.0,47.0,100.0,501.3,26.6,17.2,10.0
2026-03-27,Arunachal Pradesh,Papum Pare,Itanagar,27.08,93.61,220.0,0.2,25.1,98.7,417.1,25.7,16.3,13.3
2026-03-28,Arunachal Pradesh,Papum Pare,Itanagar,27.08,93.61,220.0,24.9,25.1,104.9,367.1,20.0,16.5,9.2
2026-03-29,Arunachal Pradesh,Papum Pare,Itanagar,27.08,93.61,220.0,0.9,26.0,86.7,297.6,23.6,14.9,7.4
2026-03-30,Arunachal Pradesh,Papum Pare,Itanagar,27.08,93.61,220.0,1.3,27.1,74.3,244.1,23.5,17.4,9.1
2026-03-31,Arunachal Pradesh,Papum Pare,Itanagar,27.08,93.61,220.0,0.0,2.2,52.2,209.3,27.3,16.8,8.8
2026-04-01,Arunachal Pradesh,Papum Pare,Itanagar,27.08,93.61,220.0,43.3,44.6,70.6,219.7,27.1,19.1,14.7
2026-04-02,Arunachal Pradesh,Papum Pare,Itanagar,27.08,93.61,220.0,25.5,68.8,96.1,196.1,23.7,18.9,13.2
2026-04-03,Arunachal Pradesh,Papum Pare,Itanagar,27.08,93.61,220.0,0.4,69.2,96.3,195.0,26.5,19.4,9.7
2026-04-04,Arunachal Pradesh,Papum Pare,Itanagar,27.08,93.61,220.0,1.0,26.9,72.4,177.3,26.1,20.0,10.6
2026-04-05,Arunachal Pradesh,Papum Pare,Itanagar,27.08,93.61,220.0,28.3,29.7,99.8,186.5,25.3,20.2,13.0
2026-04-06,Arunachal Pradesh,Papum Pare,Itanagar,27.08,93.61,220.0,2.1,31.4,100.6,174.9,27.6,19.1,12.6
2026-04-07,Arunachal Pradesh,Papum Pare,Itanagar,27.08,93.61,220.0,30.3,60.7,130.9,183.1,23.8,17.1,14.7
2026-04-08,Arunachal Pradesh,Papum Pare,Itanagar,27.08,93.61,220.0,1.9,34.3,89.5,160.1,25.3,16.1,9.2
2026-04-09,Arunachal Pradesh,Papum Pare,Itanagar,27.08,93.61,220.0,4.0,36.2,68.0,164.1,23.1,17.3,9.6
2026-04-10,Arunachal Pradesh,Papum Pare,Itanagar,27.08,93.61,220.0,2.6,8.5,70.2,166.5,22.7,16.5,11.1
2026-04-11,Arunachal Pradesh,Papum Pare,Itanagar,27.08,93.61,220.0,1.4,8.0,70.6,143.0,25.1,15.8,7.0
2026-04-12,Arunachal Pradesh,Papum Pare,Itanagar,27.08,93.61,220.0,14.6,18.6,56.9,156.7,24.1,17.2,13.0
2026-04-13,Arunachal Pradesh,Papum Pare,Itanagar,27.08,93.61,220.0,2.6,18.6,57.4,158.0,24.4,17.2,13.9
2026-04-14,Arunachal Pradesh,Papum Pare,Itanagar,27.08,93.61,220.0,1.5,18.7,28.6,159.5,26.5,16.7,12.3
2026-04-15,Arunachal Pradesh,Papum Pare,Itanagar,27.08,93.61,220.0,0.6,4.7,27.3,116.8,25.6,18.2,11.5
2026-04-16,Arunachal Pradesh,Papum Pare,Itanagar,27.08,93.61,220.0,0.0,2.1,23.3,91.3,28.0,16.8,8.4
2026-04-17,Arunachal Pradesh,Papum Pare,Itanagar,27.08,93.61,220.0,0.1,0.7,20.8,91.0,30.0,17.2,9.7
2026-04-18,Arunachal Pradesh,Papum Pare,Itanagar,27.08,93.61,220.0,14.3,14.4,33.7,104.3,30.6,19.1,11.2
2026-04-19,Arunachal Pradesh,Papum Pare,Itanagar,27.08,93.61,220.0,0.1,14.5,19.2,76.1,30.9,18.5,11.8
2026-04-20,Arunachal Pradesh,Papum Pare,Itanagar,27.08,93.61,220.0,12.7,27.1,29.3,86.7,26.9,20.3,10.1
2026-04-21,Arunachal Pradesh,Papum Pare,Itanagar,27.08,93.61,220.0,63.8,76.6,91.6,120.2,26.4,20.1,15.0
2026-04-22,Arunachal Pradesh,Papum Pare,Itanagar,27.08,93.61,220.0,66.4,142.9,157.4,184.7,26.7,19.8,12.6
2026-04-23,Arunachal Pradesh,Papum Pare,Itanagar,27.08,93.61,220.0,0.0,130.2,157.4,180.7,29.7,19.1,8.8
2026-04-24,Arunachal Pradesh,Papum Pare,Itanagar,27.08,93.61,220.0,0.3,66.7,157.6,178.4,31.8,20.5,7.4
2026-04-25,Arunachal Pradesh,Papum Pare,Itanagar,27.08,93.61,220.0,14.6,14.9,157.9,191.6,25.7,20.7,10.2
2026-04-26,Arunachal Pradesh,Papum Pare,Itanagar,27.08,93.61,220.0,10.7,25.6,168.5,187.7,25.8,19.6,7.5
2026-04-27,Arunachal Pradesh,Papum Pare,Itanagar,27.08,93.61,220.0,14.9,40.2,170.7,200.0,25.6,19.7,10.8
2026-04-28,Arunachal Pradesh,Papum Pare,Itanagar,27.08,93.61,220.0,10.4,36.0,117.3,208.9,27.8,19.1,8.9
2026-04-29,Arunachal Pradesh,Papum Pare,Itanagar,27.08,93.61,220.0,37.4,62.7,88.3,245.7,23.7,20.1,9.7
2026-04-30,Arunachal Pradesh,Papum Pare,Itanagar,27.08,93.61,220.0,2.8,50.6,91.1,248.5,27.2,19.7,8.5
2026-05-01,Arunachal Pradesh,Papum Pare,Itanagar,27.08,93.61,220.0,13.2,53.4,104.0,261.6,26.2,19.5,9.1
2026-05-02,Arunachal Pradesh,Papum Pare,Itanagar,27.08,93.61,220.0,12.9,28.9,102.3,260.2,26.0,19.0,11.5
2026-05-03,Arunachal Pradesh,Papum Pare,Itanagar,27.08,93.61,220.0,9.3,35.4,100.9,269.4,25.6,19.6,10.4
2026-05-04,Arunachal Pradesh,Papum Pare,Itanagar,27.08,93.61,220.0,1.3,23.5,87.3,258.0,29.0,18.0,8.8
2026-05-05,Arunachal Pradesh,Papum Pare,Itanagar,27.08,93.61,220.0,3.3,13.9,80.2,197.5,28.5,19.9,7.7
2026-05-06,Arunachal Pradesh,Papum Pare,Itanagar,27.08,93.61,220.0,9.0,13.6,51.8,140.1,28.8,19.8,10.4
2026-05-07,Arunachal Pradesh,Papum Pare,Itanagar,27.08,93.61,220.0,9.3,21.6,58.3,149.4,28.3,20.0,8.4
2026-05-08,Arunachal Pradesh,Papum Pare,Itanagar,27.08,93.61,220.0,0.9,19.2,46.0,150.0,30.5,19.2,8.7
2026-05-09,Arunachal Pradesh,Papum Pare,Itanagar,27.08,93.61,220.0,0.0,10.2,33.1,135.4,31.6,18.8,9.9
2026-05-10,Arunachal Pradesh,Papum Pare,Itanagar,27.08,93.61,220.0,0.1,1.0,23.9,124.8,31.9,19.5,12.1
2026-05-11,Arunachal Pradesh,Papum Pare,Itanagar,27.08,93.61,220.0,6.9,7.0,29.5,116.8,26.1,20.2,13.2
2026-05-12,Arunachal Pradesh,Papum Pare,Itanagar,27.08,93.61,220.0,0.8,7.8,27.0,107.2,29.2,18.2,8.8
2026-05-13,Arunachal Pradesh,Papum Pare,Itanagar,27.08,93.61,220.0,2.8,10.5,20.8,72.6,28.8,20.5,10.3
2026-05-14,Arunachal Pradesh,Papum Pare,Itanagar,27.08,93.61,220.0,19.4,23.0,30.9,89.2,28.5,20.7,8.5
2026-05-15,Arunachal Pradesh,Papum Pare,Itanagar,27.08,93.61,220.0,47.0,69.2,77.0,123.0,26.0,21.2,12.0
2026-05-16,Arunachal Pradesh,Papum Pare,Itanagar,27.08,93.61,220.0,10.2,76.6,87.2,120.3,27.9,21.1,9.8
2026-05-17,Arunachal Pradesh,Papum Pare,Itanagar,27.08,93.61,220.0,37.0,94.2,124.1,148.0,26.9,21.2,12.4
2026-05-18,Arunachal Pradesh,Papum Pare,Itanagar,27.08,93.61,220.0,56.6,103.8,173.8,203.3,25.4,21.0,10.8
2026-05-19,Arunachal Pradesh,Papum Pare,Itanagar,27.08,93.61,220.0,0.0,93.6,173.0,200.0,30.2,20.9,9.4
2026-05-20,Arunachal Pradesh,Papum Pare,Itanagar,27.08,93.61,220.0,0.4,57.0,170.6,191.4,31.9,22.2,8.8
2026-05-21,Arunachal Pradesh,Papum Pare,Itanagar,27.08,93.61,220.0,2.0,2.4,153.2,184.1,32.3,23.8,8.7
2026-05-22,Arunachal Pradesh,Papum Pare,Itanagar,27.08,93.61,220.0,4.7,7.1,110.9,187.9,32.2,23.2,7.9
2026-05-23,Arunachal Pradesh,Papum Pare,Itanagar,27.08,93.61,220.0,58.0,64.7,158.7,245.9,28.5,22.8,10.4
2026-05-24,Arunachal Pradesh,Papum Pare,Itanagar,27.08,93.61,220.0,71.9,134.6,193.6,317.7,29.5,22.5,14.2
2026-05-25,Arunachal Pradesh,Papum Pare,Itanagar,27.08,93.61,220.0,50.0,179.9,187.0,360.8,26.7,22.1,12.2
2026-05-26,Arunachal Pradesh,Papum Pare,Itanagar,27.08,93.61,220.0,25.5,147.4,212.5,385.5,28.5,21.9,8.0
2026-05-27,Arunachal Pradesh,Papum Pare,Itanagar,27.08,93.61,220.0,6.5,82.0,218.6,389.2,30.5,20.9,9.3
2026-05-28,Arunachal Pradesh,Papum Pare,Itanagar,27.08,93.61,220.0,3.8,35.8,220.4,373.6,28.4,22.7,8.1
2026-05-29,Arunachal Pradesh,Papum Pare,Itanagar,27.08,93.61,220.0,0.0,10.3,215.7,326.6,32.6,22.2,9.4
2026-05-30,Arunachal Pradesh,Papum Pare,Itanagar,27.08,93.61,220.0,0.9,4.7,158.6,317.3,32.7,23.0,10.8
2026-05-31,Arunachal Pradesh,Papum Pare,Itanagar,27.08,93.61,220.0,1.6,2.5,88.3,281.9,32.0,24.9,7.2
2026-06-01,Arunachal Pradesh,Papum Pare,Itanagar,27.08,93.61,220.0,2.2,4.7,40.5,227.5,32.2,23.8,8.5
2026-06-02,Arunachal Pradesh,Papum Pare,Itanagar,27.08,93.61,220.0,10.8,14.6,25.8,238.3,31.6,24.1,14.2
2026-06-03,Arunachal Pradesh,Papum Pare,Itanagar,27.08,93.61,220.0,70.0,83.0,89.3,307.9,30.8,23.3,12.7
2026-06-04,Arunachal Pradesh,Papum Pare,Itanagar,27.08,93.61,220.0,48.6,129.4,134.1,354.5,30.3,22.6,13.7
2026-06-05,Arunachal Pradesh,Papum Pare,Itanagar,27.08,93.61,220.0,28.2,146.8,162.3,378.0,29.8,22.4,6.0
2026-06-06,Arunachal Pradesh,Papum Pare,Itanagar,27.08,93.61,220.0,1.9,78.7,163.3,321.9,32.1,23.3,9.2
2026-06-07,Arunachal Pradesh,Papum Pare,Itanagar,27.08,93.61,220.0,9.1,39.2,170.8,259.1,32.0,22.8,9.2
2026-06-08,Arunachal Pradesh,Papum Pare,Itanagar,27.08,93.61,220.0,23.4,34.4,192.0,232.5,30.8,23.5,10.8
2026-06-09,Arunachal Pradesh,Papum Pare,Itanagar,27.08,93.61,220.0,14.8,47.3,196.0,221.8,29.3,23.0,9.8
2026-06-10,Arunachal Pradesh,Papum Pare,Itanagar,27.08,93.61,220.0,13.8,52.0,139.8,229.1,32.3,23.7,14.5
2026-06-11,Arunachal Pradesh,Papum Pare,Itanagar,27.08,93.61,220.0,13.6,42.2,104.8,238.9,29.3,23.4,10.9
2026-06-12,Arunachal Pradesh,Papum Pare,Itanagar,27.08,93.61,220.0,0.3,27.7,76.9,239.2,31.8,23.6,13.5
2026-06-13,Arunachal Pradesh,Papum Pare,Itanagar,27.08,93.61,220.0,5.7,19.6,80.7,244.0,31.1,24.6,7.6
2026-06-14,Arunachal Pradesh,Papum Pare,Itanagar,27.08,93.61,220.0,9.7,15.7,81.3,252.1,29.5,23.5,10.4
2026-06-15,Arunachal Pradesh,Papum Pare,Itanagar,27.08,93.61,220.0,8.4,23.8,66.3,258.3,31.4,23.7,12.2
2026-06-16,Arunachal Pradesh,Papum Pare,Itanagar,27.08,93.61,220.0,6.2,24.3,57.7,253.7,31.6,24.2,6.3
2026-06-17,Arunachal Pradesh,Papum Pare,Itanagar,27.08,93.61,220.0,8.7,23.3,52.6,192.4,29.8,24.2,17.8
2026-06-18,Arunachal Pradesh,Papum Pare,Itanagar,27.08,93.61,220.0,1.2,16.1,40.2,145.0,31.7,23.8,13.9
2026-06-19,Arunachal Pradesh,Papum Pare,Itanagar,27.08,93.61,220.0,2.5,12.4,42.4,119.3,32.1,24.6,16.1
2026-06-20,Arunachal Pradesh,Papum Pare,Itanagar,27.08,93.61,220.0,3.7,7.4,40.4,121.1,31.4,24.1,18.2
2026-06-21,Arunachal Pradesh,Papum Pare,Itanagar,27.08,93.61,220.0,29.3,35.5,60.0,141.3,29.7,24.2,9.2
2026-06-22,Arunachal Pradesh,Papum Pare,Itanagar,27.08,93.61,220.0,16.2,49.2,67.8,134.1,30.2,23.8,11.7
2026-06-23,Arunachal Pradesh,Papum Pare,Itanagar,27.08,93.61,220.0,8.7,54.2,70.3,128.0,31.6,23.8,12.5
2026-06-24,Arunachal Pradesh,Papum Pare,Itanagar,27.08,93.61,220.0,9.8,34.7,71.4,124.0,29.7,23.6,7.7
2026-06-25,Arunachal Pradesh,Papum Pare,Itanagar,27.08,93.61,220.0,2.5,21.0,72.7,112.9,32.0,23.7,8.5
2026-06-26,Arunachal Pradesh,Papum Pare,Itanagar,27.08,93.61,220.0,1.9,14.2,72.1,114.5,31.7,25.0,13.1
2026-06-27,Arunachal Pradesh,Papum Pare,Itanagar,27.08,93.61,220.0,29.5,33.9,97.9,138.3,31.0,24.6,18.5
2026-06-28,Arunachal Pradesh,Papum Pare,Itanagar,27.08,93.61,220.0,25.8,57.2,94.4,154.4,30.7,24.1,20.2
2026-06-29,Arunachal Pradesh,Papum Pare,Itanagar,27.08,93.61,220.0,20.2,75.5,98.4,166.2,30.3,24.5,9.3
2026-06-30,Arunachal Pradesh,Papum Pare,Itanagar,27.08,93.61,220.0,3.5,49.5,93.2,163.5,31.1,24.6,10.6
2026-07-01,Arunachal Pradesh,Papum Pare,Itanagar,27.08,93.61,220.0,1.5,25.2,84.9,156.3,32.7,25.2,11.7
2026-07-02,Arunachal Pradesh,Papum Pare,Itanagar,27.08,93.61,220.0,1.8,6.8,84.2,156.9,34.2,25.4,8.3
2026-07-03,Arunachal Pradesh,Papum Pare,Itanagar,27.08,93.61,220.0,0.9,4.2,83.2,155.3,34.0,25.4,8.4
2026-07-04,Arunachal Pradesh,Papum Pare,Itanagar,27.08,93.61,220.0,1.3,4.0,55.0,152.9,34.5,25.6,13.6
2026-07-05,Arunachal Pradesh,Papum Pare,Itanagar,27.08,93.61,220.0,1.0,3.2,30.2,124.6,34.5,26.5,13.9
2026-07-06,Arunachal Pradesh,Papum Pare,Itanagar,27.08,93.61,220.0,1.6,3.9,11.6,110.0,34.4,25.8,15.8
2026-07-07,Arunachal Pradesh,Papum Pare,Itanagar,27.08,93.61,220.0,17.0,19.6,25.1,118.3,30.5,25.2,13.1
2026-07-08,Arunachal Pradesh,Papum Pare,Itanagar,27.08,93.61,220.0,23.2,41.8,46.8,131.7,31.7,25.0,12.0
2026-07-09,Arunachal Pradesh,Papum Pare,Itanagar,27.08,93.61,220.0,15.4,55.6,60.4,144.6,30.5,25.2,9.7
2026-07-10,Arunachal Pradesh,Papum Pare,Itanagar,27.08,93.61,220.0,18.6,57.2,78.1,161.3,32.8,24.9,14.0
2026-07-11,Arunachal Pradesh,Papum Pare,Itanagar,27.08,93.61,220.0,12.0,46.0,88.8,143.8,31.9,25.2,8.2
2026-07-12,Arunachal Pradesh,Papum Pare,Itanagar,27.08,93.61,220.0,50.1,80.7,137.9,168.1,31.2,24.9,8.4
2026-07-13,Arunachal Pradesh,Papum Pare,Itanagar,27.08,93.61,220.0,20.8,82.9,157.1,168.7,30.4,24.8,5.8
2026-07-14,Arunachal Pradesh,Papum Pare,Itanagar,27.08,93.61,220.0,1.5,72.4,141.6,166.7,34.1,26.0,9.1
2026-07-15,Arunachal Pradesh,Papum Pare,Itanagar,27.08,93.61,220.0,12.2,34.5,130.6,177.4,32.7,25.2,10.7
2026-07-16,Arunachal Pradesh,Papum Pare,Itanagar,27.08,93.61,220.0,11.2,24.9,126.4,186.8,30.7,24.9,13.5
2026-07-17,Arunachal Pradesh,Papum Pare,Itanagar,27.08,93.61,220.0,15.7,39.1,123.5,201.6,30.1,24.6,15.6
2026-07-18,Arunachal Pradesh,Papum Pare,Itanagar,27.08,93.61,220.0,9.5,36.4,121.0,209.8,29.9,24.6,18.3
2026-07-19,Arunachal Pradesh,Papum Pare,Itanagar,27.08,93.61,220.0,35.9,61.1,106.8,244.7,26.9,24.8,8.5
2026-07-20,Arunachal Pradesh,Papum Pare,Itanagar,27.08,93.61,220.0,2.8,48.2,88.8,245.9,30.1,24.2,8.5
2026-07-21,Arunachal Pradesh,Papum Pare,Itanagar,27.08,93.61,220.0,0.7,39.4,88.0,229.6,33.1,24.6,8.5
2026-07-22,Arunachal Pradesh,Papum Pare,Itanagar,27.08,93.61,220.0,33.4,36.9,109.2,239.8,30.6,24.1,8.9
2026-07-23,Arunachal Pradesh,Papum Pare,Itanagar,27.08,93.61,220.0,7.4,41.5,105.4,231.8,30.1,24.6,8.9
2026-07-24,Arunachal Pradesh,Papum Pare,Itanagar,27.08,93.61,220.0,11.1,51.9,100.8,224.3,32.5,24.0,9.4
2026-07-25,Arunachal Pradesh,Papum Pare,Itanagar,27.08,93.61,220.0,0.3,18.8,91.6,212.6,34.9,25.1,7.7
2026-07-26,Arunachal Pradesh,Papum Pare,Itanagar,27.08,93.61,220.0,4.2,15.6,59.9,166.7,33.2,25.4,6.7
2026-07-27,Arunachal Pradesh,Papum Pare,Itanagar,27.08,93.61,220.0,6.1,10.6,63.2,152.0,33.6,26.2,7.0
2026-07-28,Arunachal Pradesh,Papum Pare,Itanagar,27.08,93.61,220.0,14.1,24.4,76.6,164.6,32.6,24.5,10.1
2026-07-29,Arunachal Pradesh,Papum Pare,Itanagar,27.08,93.61,220.0,13.8,34.0,57.0,166.2,32.0,24.7,8.5
2026-07-30,Arunachal Pradesh,Papum Pare,Itanagar,27.08,93.61,220.0,19.5,47.4,69.1,174.5,30.2,24.2,5.9
2026-07-31,Arunachal Pradesh,Papum Pare,Itanagar,27.08,93.61,220.0,34.0,67.3,92.0,192.8,29.5,24.0,8.7
2026-08-01,Arunachal Pradesh,Papum Pare,Itanagar,27.08,93.61,220.0,35.3,88.8,127.0,218.6,29.2,23.6,15.1
2026-08-02,Arunachal Pradesh,Papum Pare,Itanagar,27.08,93.61,220.0,3.5,72.8,126.3,186.2,31.2,24.5,17.0
2026-08-03,Arunachal Pradesh,Papum Pare,Itanagar,27.08,93.61,220.0,7.1,45.9,127.3,190.5,30.6,24.9,9.3
2026-08-04,Arunachal Pradesh,Papum Pare,Itanagar,27.08,93.61,220.0,24.1,34.7,137.3,213.9,29.8,24.7,8.8
2026-08-05,Arunachal Pradesh,Papum Pare,Itanagar,27.08,93.61,220.0,4.2,35.4,127.7,184.7,30.5,24.4,7.2
2026-08-06,Arunachal Pradesh,Papum Pare,Itanagar,27.08,93.61,220.0,1.0,29.3,109.2,178.3,33.6,24.5,7.6
2026-08-07,Arunachal Pradesh,Papum Pare,Itanagar,27.08,93.61,220.0,4.8,10.0,80.0,172.0,32.7,24.9,8.8
2026-08-08,Arunachal Pradesh,Papum Pare,Itanagar,27.08,93.61,220.0,4.9,10.7,49.6,176.6,30.1,24.5,11.2
2026-08-09,Arunachal Pradesh,Papum Pare,Itanagar,27.08,93.61,220.0,6.2,15.9,52.3,178.6,31.9,25.3,6.4
2026-08-10,Arunachal Pradesh,Papum Pare,Itanagar,27.08,93.61,220.0,2.7,13.8,47.9,175.2,33.2,24.6,7.2
2026-08-11,Arunachal Pradesh,Papum Pare,Itanagar,27.08,93.61,220.0,0.0,8.9,23.8,161.1,35.0,25.7,7.7
2026-08-12,Arunachal Pradesh,Papum Pare,Itanagar,27.08,93.61,220.0,2.1,4.8,21.7,149.4,31.8,25.9,12.7
2026-08-13,Arunachal Pradesh,Papum Pare,Itanagar,27.08,93.61,220.0,1.3,3.4,22.0,131.2,34.0,26.6,8.6
2026-08-14,Arunachal Pradesh,Papum Pare,Itanagar,27.08,93.61,220.0,4.5,7.9,21.7,101.7,33.6,25.2,11.2
2026-08-15,Arunachal Pradesh,Papum Pare,Itanagar,27.08,93.61,220.0,6.5,12.3,23.3,72.9,33.6,25.1,9.8
2026-08-16,Arunachal Pradesh,Papum Pare,Itanagar,27.08,93.61,220.0,18.5,29.5,35.6,87.9,30.3,24.3,7.3
2026-08-17,Arunachal Pradesh,Papum Pare,Itanagar,27.08,93.61,220.0,14.6,39.6,47.5,95.4,30.7,24.9,10.1
2026-08-18,Arunachal Pradesh,Papum Pare,Itanagar,27.08,93.61,220.0,7.2,40.3,54.7,78.5,32.6,25.2,9.4
2026-08-19,Arunachal Pradesh,Papum Pare,Itanagar,27.08,93.61,220.0,23.9,45.7,76.5,98.2,30.8,24.9,8.5
2026-08-20,Arunachal Pradesh,Papum Pare,Itanagar,27.08,93.61,220.0,8.8,39.9,84.0,106.0,30.1,24.8,7.3
2026-08-21,Arunachal Pradesh,Papum Pare,Itanagar,27.08,93.61,220.0,2.1,34.8,81.6,103.3,33.2,24.1,7.7
2026-08-22,Arunachal Pradesh,Papum Pare,Itanagar,27.08,93.61,220.0,5.7,16.6,80.8,104.1,33.6,25.9,8.5
2026-08-23,Arunachal Pradesh,Papum Pare,Itanagar,27.08,93.61,220.0,1.2,9.0,63.5,99.1,33.1,25.7,9.9
2026-08-24,Arunachal Pradesh,Papum Pare,Itanagar,27.08,93.61,220.0,2.6,9.5,51.5,99.0,30.9,25.2,13.4
2026-08-25,Arunachal Pradesh,Papum Pare,Itanagar,27.08,93.61,220.0,2.7,6.5,47.0,101.7,30.2,25.3,12.2
2026-08-26,Arunachal Pradesh,Papum Pare,Itanagar,27.08,93.61,220.0,1.6,6.9,24.7,101.2,32.4,25.0,14.8
2026-08-27,Arunachal Pradesh,Papum Pare,Itanagar,27.08,93.61,220.0,2.5,6.8,18.4,102.4,31.6,25.9,9.6
2026-08-28,Arunachal Pradesh,Papum Pare,Itanagar,27.08,93.61,220.0,11.2,15.3,27.5,109.1,32.7,25.4,7.1
2026-08-29,Arunachal Pradesh,Papum Pare,Itanagar,27.08,93.61,220.0,1.0,14.7,22.8,103.6,34.1,25.7,11.6
2026-08-30,Arunachal Pradesh,Papum Pare,Itanagar,27.08,93.61,220.0,4.4,16.6,26.0,89.5,34.0,26.3,10.5
2026-08-31,Arunachal Pradesh,Papum Pare,Itanagar,27.08,93.61,220.0,15.2,20.6,38.6,90.1,28.4,25.3,13.1
2026-09-01,Arunachal Pradesh,Papum Pare,Itanagar,27.08,93.61,220.0,24.5,44.1,60.4,107.4,24.6,22.7,16.3
2026-09-02,Arunachal Pradesh,Papum Pare,Itanagar,27.08,93.61,220.0,0.5,40.2,59.3,84.0,30.4,21.6,7.3
2026-09-03,Arunachal Pradesh,Papum Pare,Itanagar,27.08,93.61,220.0,1.2,26.2,58.0,76.4,33.1,23.7,8.8
2026-09-04,Arunachal Pradesh,Papum Pare,Itanagar,27.08,93.61,220.0,9.1,10.8,55.9,83.4,30.9,23.6,7.8
2026-09-05,Arunachal Pradesh,Papum Pare,Itanagar,27.08,93.61,220.0,31.2,41.5,86.1,108.9,28.8,23.9,6.4
2026-09-06,Arunachal Pradesh,Papum Pare,Itanagar,27.08,93.61,220.0,7.6,47.9,89.3,115.3,31.9,24.2,9.8
2026-09-07,Arunachal Pradesh,Papum Pare,Itanagar,27.08,93.61,220.0,2.7,41.5,76.8,115.4,31.6,24.9,14.8
2026-09-08,Arunachal Pradesh,Papum Pare,Itanagar,27.08,93.61,220.0,3.9,14.2,56.2,116.6,30.6,24.6,7.8
2025-01-01,Arunachal Pradesh,East Siang,Pasighat,28.06,95.33,163.0,0.0,0.0,0.0,0.0,22.5,12.6,4.0
2025-01-02,Arunachal Pradesh,East Siang,Pasighat,28.06,95.33,163.0,0.0,0.0,0.0,0.0,22.5,13.0,4.9
2025-01-03,Arunachal Pradesh,East Siang,Pasighat,28.06,95.33,163.0,0.0,0.0,0.0,0.0,23.9,12.7,5.8
2025-01-04,Arunachal Pradesh,East Siang,Pasighat,28.06,95.33,163.0,0.0,0.0,0.0,0.0,23.8,13.6,4.9
2025-01-05,Arunachal Pradesh,East Siang,Pasighat,28.06,95.33,163.0,0.0,0.0,0.0,0.0,24.8,13.8,5.7
2025-01-06,Arunachal Pradesh,East Siang,Pasighat,28.06,95.33,163.0,0.0,0.0,0.0,0.0,23.5,14.2,4.6
2025-01-07,Arunachal Pradesh,East Siang,Pasighat,28.06,95.33,163.0,25.5,25.5,25.5,25.5,20.7,14.0,11.0
2025-01-08,Arunachal Pradesh,East Siang,Pasighat,28.06,95.33,163.0,8.8,34.3,34.3,34.3,19.0,12.8,7.6
2025-01-09,Arunachal Pradesh,East Siang,Pasighat,28.06,95.33,163.0,0.0,34.3,34.3,34.3,21.7,10.9,4.9
2025-01-10,Arunachal Pradesh,East Siang,Pasighat,28.06,95.33,163.0,0.0,8.8,34.3,34.3,23.4,11.9,5.2
2025-01-11,Arunachal Pradesh,East Siang,Pasighat,28.06,95.33,163.0,0.0,0.0,34.3,34.3,24.9,12.9,5.8
2025-01-12,Arunachal Pradesh,East Siang,Pasighat,28.06,95.33,163.0,0.0,0.0,34.3,34.3,23.8,13.9,3.8
2025-01-13,Arunachal Pradesh,East Siang,Pasighat,28.06,95.33,163.0,0.8,0.8,35.1,35.1,23.4,13.3,13.7
2025-01-14,Arunachal Pradesh,East Siang,Pasighat,28.06,95.33,163.0,0.0,0.8,9.6,35.1,21.1,12.2,4.7
2025-01-15,Arunachal Pradesh,East Siang,Pasighat,28.06,95.33,163.0,0.0,0.8,0.8,35.1,23.0,11.5,4.9
2025-01-16,Arunachal Pradesh,East Siang,Pasighat,28.06,95.33,163.0,0.0,0.0,0.8,35.1,24.8,13.1,5.4
2025-01-17,Arunachal Pradesh,East Siang,Pasighat,28.06,95.33,163.0,0.0,0.0,0.8,35.1,24.0,14.2,5.1
2025-01-18,Arunachal Pradesh,East Siang,Pasighat,28.06,95.33,163.0,0.0,0.0,0.8,35.1,23.4,13.6,5.4
2025-01-19,Arunachal Pradesh,East Siang,Pasighat,28.06,95.33,163.0,0.0,0.0,0.8,35.1,22.8,12.9,5.1
2025-01-20,Arunachal Pradesh,East Siang,Pasighat,28.06,95.33,163.0,0.0,0.0,0.0,35.1,22.9,13.0,4.5
2025-01-21,Arunachal Pradesh,East Siang,Pasighat,28.06,95.33,163.0,0.0,0.0,0.0,9.6,23.7,13.5,4.9
2025-01-22,Arunachal Pradesh,East Siang,Pasighat,28.06,95.33,163.0,0.0,0.0,0.0,0.8,24.2,15.3,4.7
2025-01-23,Arunachal Pradesh,East Siang,Pasighat,28.06,95.33,163.0,5.9,5.9,5.9,6.7,23.4,16.3,9.2
2025-01-24,Arunachal Pradesh,East Siang,Pasighat,28.06,95.33,163.0,0.8,6.7,6.7,7.5,22.2,15.1,5.8
2025-01-25,Arunachal Pradesh,East Siang,Pasighat,28.06,95.33,163.0,0.4,7.1,7.1,7.9,22.0,13.1,5.3
2025-01-26,Arunachal Pradesh,East Siang,Pasighat,28.06,95.33,163.0,0.0,1.2,7.1,7.9,22.7,12.9,4.7
2025-01-27,Arunachal Pradesh,East Siang,Pasighat,28.06,95.33,163.0,0.0,0.4,7.1,7.1,23.9,13.7,4.8
2025-01-28,Arunachal Pradesh,East Siang,Pasighat,28.06,95.33,163.0,0.0,0.0,7.1,7.1,22.6,14.0,5.4
2025-01-29,Arunachal Pradesh,East Siang,Pasighat,28.06,95.33,163.0,0.8,0.8,7.9,7.9,20.8,14.8,6.9
2025-01-30,Arunachal Pradesh,East Siang,Pasighat,28.06,95.33,163.0,24.4,25.2,26.4,32.3,16.6,14.9,6.9
2025-01-31,Arunachal Pradesh,East Siang,Pasighat,28.06,95.33,163.0,13.8,39.0,39.4,46.1,16.7,14.1,8.9
2025-02-01,Arunachal Pradesh,East Siang,Pasighat,28.06,95.33,163.0,0.0,38.2,39.0,46.1,22.0,14.1,4.3
2025-02-02,Arunachal Pradesh,East Siang,Pasighat,28.06,95.33,163.0,0.0,13.8,39.0,46.1,21.4,14.5,7.6
2025-02-03,Arunachal Pradesh,East Siang,Pasighat,28.06,95.33,163.0,0.0,0.0,39.0,46.1,24.2,13.5,5.6
2025-02-04,Arunachal Pradesh,East Siang,Pasighat,28.06,95.33,163.0,0.0,0.0,39.0,46.1,25.1,12.7,5.1
2025-02-05,Arunachal Pradesh,East Siang,Pasighat,28.06,95.33,163.0,0.0,0.0,38.2,46.1,24.3,14.3,7.0
2025-02-06,Arunachal Pradesh,East Siang,Pasighat,28.06,95.33,163.0,9.8,9.8,23.6,50.0,20.4,16.3,9.2
2025-02-07,Arunachal Pradesh,East Siang,Pasighat,28.06,95.33,163.0,2.5,12.3,12.3,51.7,20.7,15.6,6.1
2025-02-08,Arunachal Pradesh,East Siang,Pasighat,28.06,95.33,163.0,0.0,12.3,12.3,51.3,24.8,15.2,5.2
2025-02-09,Arunachal Pradesh,East Siang,Pasighat,28.06,95.33,163.0,0.0,2.5,12.3,51.3,25.7,16.1,4.0
2025-02-10,Arunachal Pradesh,East Siang,Pasighat,28.06,95.33,163.0,0.0,0.0,12.3,51.3,22.5,15.5,8.2
2025-02-11,Arunachal Pradesh,East Siang,Pasighat,28.06,95.33,163.0,3.6,3.6,15.9,54.9,18.8,14.4,9.0
2025-02-12,Arunachal Pradesh,East Siang,Pasighat,28.06,95.33,163.0,8.8,12.4,24.7,62.9,20.0,13.6,13.0
2025-02-13,Arunachal Pradesh,East Siang,Pasighat,28.06,95.33,163.0,21.0,33.4,35.9,59.5,18.6,12.9,15.8
2025-02-14,Arunachal Pradesh,East Siang,Pasighat,28.06,95.33,163.0,0.2,30.0,33.6,45.9,22.4,13.6,7.5
2025-02-15,Arunachal Pradesh,East Siang,Pasighat,28.06,95.33,163.0,0.0,21.2,33.6,45.9,23.7,13.3,5.9
2025-02-16,Arunachal Pradesh,East Siang,Pasighat,28.06,95.33,163.0,0.0,0.2,33.6,45.9,22.6,12.2,9.2
2025-02-17,Arunachal Pradesh,East Siang,Pasighat,28.06,95.33,163.0,0.3,0.3,33.9,46.2,20.3,11.3,14.6
2025-02-18,Arunachal Pradesh,East Siang,Pasighat,28.06,95.33,163.0,0.0,0.3,30.3,46.2,24.1,12.9,11.2
2025-02-19,Arunachal Pradesh,East Siang,Pasighat,28.06,95.33,163.0,0.5,0.8,22.0,46.7,23.3,13.2,12.0
2025-02-20,Arunachal Pradesh,East Siang,Pasighat,28.06,95.33,163.0,0.0,0.5,1.0,36.9,25.5,13.1,7.8
2025-02-21,Arunachal Pradesh,East Siang,Pasighat,28.06,95.33,163.0,0.0,0.5,0.8,34.4,26.2,13.8,10.6
2025-02-22,Arunachal Pradesh,East Siang,Pasighat,28.06,95.33,163.0,0.0,0.0,0.8,34.4,23.2,14.7,11.4
2025-02-23,Arunachal Pradesh,East Siang,Pasighat,28.06,95.33,163.0,1.9,1.9,2.7,36.3,25.9,13.2,16.0
2025-02-24,Arunachal Pradesh,East Siang,Pasighat,28.06,95.33,163.0,1.4,3.3,3.8,37.7,23.7,14.2,12.4
2025-02-25,Arunachal Pradesh,East Siang,Pasighat,28.06,95.33,163.0,3.0,6.3,6.8,37.1,22.6,12.2,13.0
2025-02-26,Arunachal Pradesh,East Siang,Pasighat,28.06,95.33,163.0,0.0,4.4,6.3,28.3,24.4,11.2,5.8
2025-02-27,Arunachal Pradesh,East Siang,Pasighat,28.06,95.33,163.0,0.0,3.0,6.3,7.3,27.4,12.8,6.5
2025-02-28,Arunachal Pradesh,East Siang,Pasighat,28.06,95.33,163.0,0.0,0.0,6.3,7.1,27.6,16.8,5.1
2025-03-01,Arunachal Pradesh,East Siang,Pasighat,28.06,95.33,163.0,0.2,0.2,6.5,7.3,23.5,17.6,8.1
2025-03-02,Arunachal Pradesh,East Siang,Pasighat,28.06,95.33,163.0,6.2,6.4,10.8,13.5,20.4,14.4,10.2
2025-03-03,Arunachal Pradesh,East Siang,Pasighat,28.06,95.33,163.0,0.0,6.4,9.4,13.2,22.9,15.9,11.4
2025-03-04,Arunachal Pradesh,East Siang,Pasighat,28.06,95.33,163.0,0.1,6.3,6.5,13.3,21.2,15.9,5.8
2025-03-05,Arunachal Pradesh,East Siang,Pasighat,28.06,95.33,163.0,6.6,6.7,13.1,19.4,21.4,15.0,12.9
2025-03-06,Arunachal Pradesh,East Siang,Pasighat,28.06,95.33,163.0,4.5,11.2,17.6,23.9,24.8,14.1,9.9
2025-03-07,Arunachal Pradesh,East Siang,Pasighat,28.06,95.33,163.0,0.0,11.1,17.6,23.9,26.8,13.2,7.6
2025-03-08,Arunachal Pradesh,East Siang,Pasighat,28.06,95.33,163.0,0.1,4.6,17.5,24.0,26.0,15.2,11.3
2025-03-09,Arunachal Pradesh,East Siang,Pasighat,28.06,95.33,163.0,0.0,0.1,11.3,22.1,26.9,13.3,7.8
2025-03-10,Arunachal Pradesh,East Siang,Pasighat,28.06,95.33,163.0,0.0,0.1,11.3,20.7,28.1,13.5,5.3
2025-03-11,Arunachal Pradesh,East Siang,Pasighat,28.06,95.33,163.0,1.0,1.0,12.2,18.7,27.7,18.2,13.3
2025-03-12,Arunachal Pradesh,East Siang,Pasighat,28.06,95.33,163.0,0.1,1.1,5.7,18.8,22.9,16.0,6.5
2025-03-13,Arunachal Pradesh,East Siang,Pasighat,28.06,95.33,163.0,4.7,5.8,5.9,23.5,21.1,16.0,6.5
2025-03-14,Arunachal Pradesh,East Siang,Pasighat,28.06,95.33,163.0,0.8,5.6,6.7,24.3,22.5,16.7,9.6
2025-03-15,Arunachal Pradesh,East Siang,Pasighat,28.06,95.33,163.0,0.0,5.5,6.6,24.1,25.8,16.1,8.6
2025-03-16,Arunachal Pradesh,East Siang,Pasighat,28.06,95.33,163.0,4.7,5.5,11.3,22.6,22.4,18.2,8.8
2025-03-17,Arunachal Pradesh,East Siang,Pasighat,28.06,95.33,163.0,13.1,17.8,24.4,35.7,24.1,18.3,10.5
2025-03-18,Arunachal Pradesh,East Siang,Pasighat,28.06,95.33,163.0,7.0,24.8,30.4,42.6,25.0,17.3,12.5
2025-03-19,Arunachal Pradesh,East Siang,Pasighat,28.06,95.33,163.0,0.0,20.1,30.3,36.0,28.4,15.6,13.3
2025-03-20,Arunachal Pradesh,East Siang,Pasighat,28.06,95.33,163.0,0.0,7.0,25.6,31.5,27.8,17.8,6.3
2025-03-21,Arunachal Pradesh,East Siang,Pasighat,28.06,95.33,163.0,0.1,0.1,24.9,31.6,24.3,17.6,8.2
2025-03-22,Arunachal Pradesh,East Siang,Pasighat,28.06,95.33,163.0,1.6,1.7,26.5,33.1,23.3,17.5,8.7
2025-03-23,Arunachal Pradesh,East Siang,Pasighat,28.06,95.33,163.0,0.0,1.7,21.8,33.1,26.6,15.7,8.1
2025-03-24,Arunachal Pradesh,East Siang,Pasighat,28.06,95.33,163.0,0.0,1.6,8.7,33.1,27.7,14.7,7.5
2025-03-25,Arunachal Pradesh,East Siang,Pasighat,28.06,95.33,163.0,0.0,0.0,1.7,32.1,29.3,14.8,7.1
2025-03-26,Arunachal Pradesh,East Siang,Pasighat,28.06,95.33,163.0,0.0,0.0,1.7,32.0,29.8,16.3,7.0
2025-03-27,Arunachal Pradesh,East Siang,Pasighat,28.06,95.33,163.0,0.0,0.0,1.7,27.3,30.4,16.8,6.6
2025-03-28,Arunachal Pradesh,East Siang,Pasighat,28.06,95.33,163.0,5.5,5.5,7.1,32.0,28.5,17.9,13.9
2025-03-29,Arunachal Pradesh,East Siang,Pasighat,28.06,95.33,163.0,5.4,10.9,10.9,37.4,26.3,19.5,9.0
2025-03-30,Arunachal Pradesh,East Siang,Pasighat,28.06,95.33,163.0,0.3,11.2,11.2,33.0,26.5,19.8,8.6
2025-03-31,Arunachal Pradesh,East Siang,Pasighat,28.06,95.33,163.0,0.0,5.7,11.2,19.9,30.7,19.7,9.4
2025-04-01,Arunachal Pradesh,East Siang,Pasighat,28.06,95.33,163.0,0.0,0.3,11.2,12.9,28.8,20.1,11.7
2025-04-02,Arunachal Pradesh,East Siang,Pasighat,28.06,95.33,163.0,0.7,0.7,11.9,13.6,28.0,18.5,9.4
2025-04-03,Arunachal Pradesh,East Siang,Pasighat,28.06,95.33,163.0,2.7,3.4,14.6,16.3,28.0,19.5,10.3
2025-04-04,Arunachal Pradesh,East Siang,Pasighat,28.06,95.33,163.0,0.9,4.3,10.0,17.1,30.1,19.4,12.4
2025-04-05,Arunachal Pradesh,East Siang,Pasighat,28.06,95.33,163.0,7.4,11.0,12.0,22.9,29.9,18.1,15.4
2025-04-06,Arunachal Pradesh,East Siang,Pasighat,28.06,95.33,163.0,0.0,8.3,11.7,22.9,29.4,16.8,7.8
2025-04-07,Arunachal Pradesh,East Siang,Pasighat,28.06,95.33,163.0,0.0,7.4,11.7,22.9,30.5,18.0,6.0
2025-04-08,Arunachal Pradesh,East Siang,Pasighat,28.06,95.33,163.0,0.0,0.0,11.7,22.9,32.0,18.6,7.0
2025-04-09,Arunachal Pradesh,East Siang,Pasighat,28.06,95.33,163.0,0.0,0.0,11.0,22.9,29.4,20.3,10.6
2025-04-10,Arunachal Pradesh,East Siang,Pasighat,28.06,95.33,163.0,0.3,0.3,8.6,23.2,29.4,19.6,6.0
2025-04-11,Arunachal Pradesh,East Siang,Pasighat,28.06,95.33,163.0,15.9,16.2,23.6,33.6,26.4,20.1,8.3
2025-04-12,Arunachal Pradesh,East Siang,Pasighat,28.06,95.33,163.0,0.0,16.2,16.2,28.2,30.2,20.0,7.0
2025-04-13,Arunachal Pradesh,East Siang,Pasighat,28.06,95.33,163.0,6.3,22.2,22.5,34.2,31.3,18.8,14.5
2025-04-14,Arunachal Pradesh,East Siang,Pasighat,28.06,95.33,163.0,1.1,7.4,23.6,35.3,31.7,21.2,9.2
2025-04-15,Arunachal Pradesh,East Siang,Pasighat,28.06,95.33,163.0,0.0,7.4,23.6,35.3,32.4,20.3,6.7
2025-04-16,Arunachal Pradesh,East Siang,Pasighat,28.06,95.33,163.0,0.0,1.1,23.6,34.6,29.0,21.2,8.5
2025-04-17,Arunachal Pradesh,East Siang,Pasighat,28.06,95.33,163.0,4.8,4.8,28.1,36.7,25.9,19.8,5.1
2025-04-18,Arunachal Pradesh,East Siang,Pasighat,28.06,95.33,163.0,2.3,7.1,14.5,38.1,28.3,20.4,5.8
2025-04-19,Arunachal Pradesh,East Siang,Pasighat,28.06,95.33,163.0,0.1,7.2,14.6,30.8,28.9,19.9,5.7
2025-04-20,Arunachal Pradesh,East Siang,Pasighat,28.06,95.33,163.0,1.6,4.0,9.9,32.4,29.3,19.7,5.2
2025-04-21,Arunachal Pradesh,East Siang,Pasighat,28.06,95.33,163.0,0.0,1.7,8.8,32.4,30.8,19.6,8.0
2025-04-22,Arunachal Pradesh,East Siang,Pasighat,28.06,95.33,163.0,5.6,7.2,14.4,38.0,29.1,21.9,7.0
2025-04-23,Arunachal Pradesh,East Siang,Pasighat,28.06,95.33,163.0,155.0,160.6,169.4,193.0,23.9,21.3,9.3
2025-04-24,Arunachal Pradesh,East Siang,Pasighat,28.06,95.33,163.0,11.9,172.5,176.5,204.6,23.8,20.1,8.9
2025-04-25,Arunachal Pradesh,East Siang,Pasighat,28.06,95.33,163.0,26.5,193.4,200.7,215.2,25.2,19.5,11.9
2025-04-26,Arunachal Pradesh,East Siang,Pasighat,28.06,95.33,163.0,25.2,63.6,225.8,240.4,26.1,19.7,10.6
2025-04-27,Arunachal Pradesh,East Siang,Pasighat,28.06,95.33,163.0,0.4,52.1,224.6,234.5,27.4,20.0,10.0
2025-04-28,Arunachal Pradesh,East Siang,Pasighat,28.06,95.33,163.0,5.2,30.8,229.8,238.6,27.5,20.1,13.3
2025-04-29,Arunachal Pradesh,East Siang,Pasighat,28.06,95.33,163.0,0.1,5.7,224.3,238.7,28.8,20.5,5.6
2025-04-30,Arunachal Pradesh,East Siang,Pasighat,28.06,95.33,163.0,0.0,5.3,69.3,238.7,30.6,17.9,7.7
2025-05-01,Arunachal Pradesh,East Siang,Pasighat,28.06,95.33,163.0,0.0,0.1,57.4,233.9,29.3,21.6,8.0
2025-05-02,Arunachal Pradesh,East Siang,Pasighat,28.06,95.33,163.0,2.4,2.4,33.3,234.0,30.0,20.6,12.4
2025-05-03,Arunachal Pradesh,East Siang,Pasighat,28.06,95.33,163.0,10.2,12.6,18.3,244.1,28.7,19.5,7.7
2025-05-04,Arunachal Pradesh,East Siang,Pasighat,28.06,95.33,163.0,0.2,12.8,18.1,242.7,30.6,20.0,7.0
2025-05-05,Arunachal Pradesh,East Siang,Pasighat,28.06,95.33,163.0,1.6,12.0,14.5,244.3,30.2,21.1,5.5
2025-05-06,Arunachal Pradesh,East Siang,Pasighat,28.06,95.33,163.0,4.4,6.2,18.8,243.1,29.7,21.5,5.9
2025-05-07,Arunachal Pradesh,East Siang,Pasighat,28.06,95.33,163.0,37.5,43.5,56.3,125.6,28.3,21.2,13.9
2025-05-08,Arunachal Pradesh,East Siang,Pasighat,28.06,95.33,163.0,12.2,54.1,68.5,125.9,29.9,20.9,5.4
2025-05-09,Arunachal Pradesh,East Siang,Pasighat,28.06,95.33,163.0,0.0,49.7,66.1,99.4,31.5,21.7,8.2
2025-05-10,Arunachal Pradesh,East Siang,Pasighat,28.06,95.33,163.0,0.5,12.7,56.4,74.7,30.8,22.2,7.9
2025-05-11,Arunachal Pradesh,East Siang,Pasighat,28.06,95.33,163.0,1.5,2.0,57.7,75.8,30.2,22.6,8.0
2025-05-12,Arunachal Pradesh,East Siang,Pasighat,28.06,95.33,163.0,21.9,23.9,78.0,92.5,30.3,22.5,8.9
2025-05-13,Arunachal Pradesh,East Siang,Pasighat,28.06,95.33,163.0,72.5,95.9,146.1,164.9,24.7,22.3,9.4
2025-05-14,Arunachal Pradesh,East Siang,Pasighat,28.06,95.33,163.0,50.2,144.6,158.8,215.1,25.4,21.5,10.5
2025-05-15,Arunachal Pradesh,East Siang,Pasighat,28.06,95.33,163.0,49.4,172.1,196.0,264.5,25.1,21.3,8.3
2025-05-16,Arunachal Pradesh,East Siang,Pasighat,28.06,95.33,163.0,3.2,102.8,199.2,265.3,26.8,21.5,9.3
2025-05-17,Arunachal Pradesh,East Siang,Pasighat,28.06,95.33,163.0,36.5,89.1,235.2,291.6,25.4,21.4,9.4
2025-05-18,Arunachal Pradesh,East Siang,Pasighat,28.06,95.33,163.0,15.2,54.9,248.9,306.6,24.0,21.0,8.8
2025-05-19,Arunachal Pradesh,East Siang,Pasighat,28.06,95.33,163.0,1.6,53.3,228.6,306.6,28.0,21.7,6.2
2025-05-20,Arunachal Pradesh,East Siang,Pasighat,28.06,95.33,163.0,4.7,21.5,160.8,306.9,28.9,22.2,5.5
2025-05-21,Arunachal Pradesh,East Siang,Pasighat,28.06,95.33,163.0,3.6,9.9,114.2,273.0,30.8,21.7,10.6
2025-05-22,Arunachal Pradesh,East Siang,Pasighat,28.06,95.33,163.0,0.0,8.3,64.8,260.8,30.8,21.6,6.3
2025-05-23,Arunachal Pradesh,East Siang,Pasighat,28.06,95.33,163.0,2.6,6.2,64.2,263.4,31.3,22.2,5.8
2025-05-24,Arunachal Pradesh,East Siang,Pasighat,28.06,95.33,163.0,2.2,4.8,29.9,265.1,32.8,24.2,7.7
2025-05-25,Arunachal Pradesh,East Siang,Pasighat,28.06,95.33,163.0,0.0,4.8,14.7,263.6,33.4,24.7,9.0
2025-05-26,Arunachal Pradesh,East Siang,Pasighat,28.06,95.33,163.0,2.6,4.8,15.7,244.3,29.3,23.2,10.2
2025-05-27,Arunachal Pradesh,East Siang,Pasighat,28.06,95.33,163.0,2.3,4.9,13.3,174.1,31.9,23.4,8.9
2025-05-28,Arunachal Pradesh,East Siang,Pasighat,28.06,95.33,163.0,0.0,4.9,9.7,123.9,35.4,23.8,11.4
2025-05-29,Arunachal Pradesh,East Siang,Pasighat,28.06,95.33,163.0,16.1,18.4,25.8,90.6,27.8,23.6,14.7
2025-05-30,Arunachal Pradesh,East Siang,Pasighat,28.06,95.33,163.0,63.9,80.0,87.1,151.3,26.9,23.5,10.6
2025-05-31,Arunachal Pradesh,East Siang,Pasighat,28.06,95.33,163.0,100.7,180.7,185.6,215.5,25.5,23.4,11.0
2025-06-01,Arunachal Pradesh,East Siang,Pasighat,28.06,95.33,163.0,16.0,180.6,201.6,216.3,28.1,23.4,7.9
2025-06-02,Arunachal Pradesh,East Siang,Pasighat,28.06,95.33,163.0,75.0,191.7,274.0,289.7,30.1,22.9,8.8
2025-06-03,Arunachal Pradesh,East Siang,Pasighat,28.06,95.33,163.0,14.5,105.5,286.2,299.5,29.2,22.3,7.2
2025-06-04,Arunachal Pradesh,East Siang,Pasighat,28.06,95.33,163.0,0.2,89.7,286.4,296.1,30.9,22.7,10.1
2025-06-05,Arunachal Pradesh,East Siang,Pasighat,28.06,95.33,163.0,0.7,15.4,271.0,296.8,30.9,24.4,6.5
2025-06-06,Arunachal Pradesh,East Siang,Pasighat,28.06,95.33,163.0,1.5,2.4,208.6,295.7,31.6,24.1,7.6
2025-06-07,Arunachal Pradesh,East Siang,Pasighat,28.06,95.33,163.0,0.8,3.0,108.7,294.3,31.7,23.5,7.4
2025-06-08,Arunachal Pradesh,East Siang,Pasighat,28.06,95.33,163.0,3.5,5.8,96.2,297.8,32.5,23.6,6.1
2025-06-09,Arunachal Pradesh,East Siang,Pasighat,28.06,95.33,163.0,0.0,4.3,21.2,295.2,33.4,25.3,6.5
2025-06-10,Arunachal Pradesh,East Siang,Pasighat,28.06,95.33,163.0,1.9,5.4,8.6,294.8,35.0,24.5,8.2
2025-06-11,Arunachal Pradesh,East Siang,Pasighat,28.06,95.33,163.0,0.3,2.2,8.7,295.1,36.0,24.4,10.6
2025-06-12,Arunachal Pradesh,East Siang,Pasighat,28.06,95.33,163.0,0.0,2.2,8.0,279.0,35.7,26.4,9.0
2025-06-13,Arunachal Pradesh,East Siang,Pasighat,28.06,95.33,163.0,0.0,0.3,6.5,215.1,35.9,27.8,7.8
2025-06-14,Arunachal Pradesh,East Siang,Pasighat,28.06,95.33,163.0,2.0,2.0,7.7,116.4,33.5,25.9,9.6
2025-06-15,Arunachal Pradesh,East Siang,Pasighat,28.06,95.33,163.0,3.6,5.6,7.8,104.0,34.0,26.4,7.4
2025-06-16,Arunachal Pradesh,East Siang,Pasighat,28.06,95.33,163.0,4.5,10.1,12.3,33.5,32.2,26.2,8.3
2025-06-17,Arunachal Pradesh,East Siang,Pasighat,28.06,95.33,163.0,18.0,26.1,28.4,37.0,33.1,24.5,7.3
2025-06-18,Arunachal Pradesh,East Siang,Pasighat,28.06,95.33,163.0,0.5,23.0,28.6,37.3,32.9,24.8,4.7
2025-06-19,Arunachal Pradesh,East Siang,Pasighat,28.06,95.33,163.0,3.6,22.1,32.2,40.2,32.3,25.7,9.9
2025-06-20,Arunachal Pradesh,East Siang,Pasighat,28.06,95.33,163.0,9.8,13.9,42.0,48.5,32.0,25.7,6.0
2025-06-21,Arunachal Pradesh,East Siang,Pasighat,28.06,95.33,163.0,32.8,46.2,72.8,80.5,31.9,25.0,6.3
2025-06-22,Arunachal Pradesh,East Siang,Pasighat,28.06,95.33,163.0,3.1,45.7,72.3,80.1,32.5,26.3,8.2
2025-06-23,Arunachal Pradesh,East Siang,Pasighat,28.06,95.33,163.0,57.0,92.9,124.8,137.1,32.1,24.0,7.7
2025-06-24,Arunachal Pradesh,East Siang,Pasighat,28.06,95.33,163.0,33.0,93.1,139.8,168.2,26.0,24.5,6.3
2025-06-25,Arunachal Pradesh,East Siang,Pasighat,28.06,95.33,163.0,0.6,90.6,139.9,168.5,31.9,24.4,6.9
2025-06-26,Arunachal Pradesh,East Siang,Pasighat,28.06,95.33,163.0,0.0,33.6,136.3,168.5,33.6,25.7,5.2
2025-06-27,Arunachal Pradesh,East Siang,Pasighat,28.06,95.33,163.0,2.3,2.9,128.8,170.8,30.9,25.0,6.5
2025-06-28,Arunachal Pradesh,East Siang,Pasighat,28.06,95.33,163.0,5.3,7.6,101.3,174.1,32.0,24.8,5.8
2025-06-29,Arunachal Pradesh,East Siang,Pasighat,28.06,95.33,163.0,22.9,30.5,121.1,193.4,31.9,24.3,7.4
2025-06-30,Arunachal Pradesh,East Siang,Pasighat,28.06,95.33,163.0,10.6,38.8,74.7,199.5,33.7,25.2,5.8
2025-07-01,Arunachal Pradesh,East Siang,Pasighat,28.06,95.33,163.0,21.3,54.8,63.0,202.8,33.0,24.4,10.6
2025-07-02,Arunachal Pradesh,East Siang,Pasighat,28.06,95.33,163.0,11.1,43.0,73.5,213.4,32.7,25.0,6.9
2025-07-03,Arunachal Pradesh,East Siang,Pasighat,28.06,95.33,163.0,14.2,46.6,87.7,224.0,30.8,24.7,5.7
2025-07-04,Arunachal Pradesh,East Siang,Pasighat,28.06,95.33,163.0,6.6,31.9,92.0,220.8,31.8,24.8,11.4
2025-07-05,Arunachal Pradesh,East Siang,Pasighat,28.06,95.33,163.0,16.4,37.2,103.1,204.4,30.6,25.6,5.2
2025-07-06,Arunachal Pradesh,East Siang,Pasighat,28.06,95.33,163.0,1.5,24.5,81.7,202.8,29.8,25.6,6.3
2025-07-07,Arunachal Pradesh,East Siang,Pasighat,28.06,95.33,163.0,3.5,21.4,74.6,149.3,32.5,24.9,9.2
2025-07-08,Arunachal Pradesh,East Siang,Pasighat,28.06,95.33,163.0,5.0,10.0,58.3,121.3,32.5,25.2,5.3
2025-07-09,Arunachal Pradesh,East Siang,Pasighat,28.06,95.33,163.0,7.0,15.5,54.2,127.7,33.7,23.7,8.3
2025-07-10,Arunachal Pradesh,East Siang,Pasighat,28.06,95.33,163.0,0.3,12.3,40.3,128.0,32.6,24.4,5.2
2025-07-11,Arunachal Pradesh,East Siang,Pasighat,28.06,95.33,163.0,1.0,8.3,34.7,126.7,32.8,25.7,7.0
2025-07-12,Arunachal Pradesh,East Siang,Pasighat,28.06,95.33,163.0,0.0,1.3,18.3,121.4,34.8,26.0,5.9
2025-07-13,Arunachal Pradesh,East Siang,Pasighat,28.06,95.33,163.0,0.0,1.0,16.8,98.5,37.6,26.8,7.2
2025-07-14,Arunachal Pradesh,East Siang,Pasighat,28.06,95.33,163.0,10.7,10.7,24.0,98.6,35.7,26.1,7.4
2025-07-15,Arunachal Pradesh,East Siang,Pasighat,28.06,95.33,163.0,5.3,16.0,24.3,82.6,30.8,25.1,5.6
2025-07-16,Arunachal Pradesh,East Siang,Pasighat,28.06,95.33,163.0,5.0,21.0,22.3,76.5,30.6,25.6,9.6
2025-07-17,Arunachal Pradesh,East Siang,Pasighat,28.06,95.33,163.0,2.7,13.0,24.7,65.0,31.5,25.4,5.4
2025-07-18,Arunachal Pradesh,East Siang,Pasighat,28.06,95.33,163.0,2.4,10.1,26.1,60.8,31.1,25.5,5.8
2025-07-19,Arunachal Pradesh,East Siang,Pasighat,28.06,95.33,163.0,16.1,21.2,42.2,60.5,27.7,25.4,7.2
2025-07-20,Arunachal Pradesh,East Siang,Pasighat,28.06,95.33,163.0,0.5,19.0,42.7,59.5,34.3,24.7,4.7
2025-07-21,Arunachal Pradesh,East Siang,Pasighat,28.06,95.33,163.0,7.0,23.6,39.0,63.0,32.1,26.3,5.6
2025-07-22,Arunachal Pradesh,East Siang,Pasighat,28.06,95.33,163.0,0.1,7.6,33.8,58.1,34.1,26.7,7.5
2025-07-23,Arunachal Pradesh,East Siang,Pasighat,28.06,95.33,163.0,0.2,7.3,29.0,51.3,34.7,27.7,5.4
2025-07-24,Arunachal Pradesh,East Siang,Pasighat,28.06,95.33,163.0,0.0,0.3,26.3,51.0,35.6,27.6,9.0
2025-07-25,Arunachal Pradesh,East Siang,Pasighat,28.06,95.33,163.0,3.1,3.3,27.0,53.1,35.4,28.5,10.3
2025-07-26,Arunachal Pradesh,East Siang,Pasighat,28.06,95.33,163.0,12.3,15.4,23.2,65.4,31.2,27.1,7.7
2025-07-27,Arunachal Pradesh,East Siang,Pasighat,28.06,95.33,163.0,13.8,29.2,36.5,79.2,30.4,26.2,4.9
2025-07-28,Arunachal Pradesh,East Siang,Pasighat,28.06,95.33,163.0,2.6,28.7,32.1,71.1,34.1,26.5,6.6
2025-07-29,Arunachal Pradesh,East Siang,Pasighat,28.06,95.33,163.0,2.0,18.4,34.0,67.8,33.6,25.8,5.4
2025-07-30,Arunachal Pradesh,East Siang,Pasighat,28.06,95.33,163.0,6.7,11.3,40.5,69.5,31.3,25.3,5.2
2025-07-31,Arunachal Pradesh,East Siang,Pasighat,28.06,95.33,163.0,10.4,19.1,50.9,77.2,31.1,24.9,6.5
2025-08-01,Arunachal Pradesh,East Siang,Pasighat,28.06,95.33,163.0,9.3,26.4,57.1,84.1,31.9,25.3,6.4
2025-08-02,Arunachal Pradesh,East Siang,Pasighat,28.06,95.33,163.0,10.1,29.8,54.9,78.1,31.0,25.4,7.5
2025-08-03,Arunachal Pradesh,East Siang,Pasighat,28.06,95.33,163.0,13.6,33.0,54.7,91.2,29.3,24.9,6.7
2025-08-04,Arunachal Pradesh,East Siang,Pasighat,28.06,95.33,163.0,6.2,29.9,58.3,90.4,29.0,24.5,5.9
2025-08-05,Arunachal Pradesh,East Siang,Pasighat,28.06,95.33,163.0,12.4,32.2,68.7,102.7,31.2,24.8,4.6
2025-08-06,Arunachal Pradesh,East Siang,Pasighat,28.06,95.33,163.0,7.4,26.0,69.4,109.9,30.6,25.2,6.0
2025-08-07,Arunachal Pradesh,East Siang,Pasighat,28.06,95.33,163.0,20.7,40.5,79.7,130.6,30.4,25.2,5.6
2025-08-08,Arunachal Pradesh,East Siang,Pasighat,28.06,95.33,163.0,10.5,38.6,80.9,138.0,29.1,24.9,7.6
2025-08-09,Arunachal Pradesh,East Siang,Pasighat,28.06,95.33,163.0,10.9,42.1,81.7,136.6,27.5,24.4,8.5
2025-08-10,Arunachal Pradesh,East Siang,Pasighat,28.06,95.33,163.0,9.0,30.4,77.1,131.8,26.4,24.8,6.2
2025-08-11,Arunachal Pradesh,East Siang,Pasighat,28.06,95.33,163.0,3.6,23.5,74.5,132.8,27.2,24.7,5.2
2025-08-12,Arunachal Pradesh,East Siang,Pasighat,28.06,95.33,163.0,4.9,17.5,67.0,135.7,30.7,25.2,6.5
2025-08-13,Arunachal Pradesh,East Siang,Pasighat,28.06,95.33,163.0,18.6,27.1,78.2,147.6,28.5,25.1,5.0
2025-08-14,Arunachal Pradesh,East Siang,Pasighat,28.06,95.33,163.0,0.3,23.8,57.8,137.5,29.9,25.1,4.5
2025-08-15,Arunachal Pradesh,East Siang,Pasighat,28.06,95.33,163.0,0.2,19.1,47.5,128.4,32.6,24.6,6.5
2025-08-16,Arunachal Pradesh,East Siang,Pasighat,28.06,95.33,163.0,0.0,0.5,36.6,118.3,33.6,25.6,5.6
2025-08-17,Arunachal Pradesh,East Siang,Pasighat,28.06,95.33,163.0,0.0,0.2,27.6,104.7,34.5,26.2,6.7
2025-08-18,Arunachal Pradesh,East Siang,Pasighat,28.06,95.33,163.0,1.3,1.3,25.3,99.8,34.1,26.3,6.2
2025-08-19,Arunachal Pradesh,East Siang,Pasighat,28.06,95.33,163.0,15.0,16.3,35.4,102.4,29.9,24.8,6.8
2025-08-20,Arunachal Pradesh,East Siang,Pasighat,28.06,95.33,163.0,38.0,54.3,54.8,133.0,29.3,24.2,6.6
2025-08-21,Arunachal Pradesh,East Siang,Pasighat,28.06,95.33,163.0,15.5,68.5,70.0,127.8,28.5,23.7,7.1
2025-08-22,Arunachal Pradesh,East Siang,Pasighat,28.06,95.33,163.0,18.3,71.8,88.1,135.6,31.2,24.3,5.1
2025-08-23,Arunachal Pradesh,East Siang,Pasighat,28.06,95.33,163.0,1.9,35.7,90.0,126.6,30.4,25.6,4.7
2025-08-24,Arunachal Pradesh,East Siang,Pasighat,28.06,95.33,163.0,1.7,21.9,91.7,119.3,31.3,25.0,4.1
2025-08-25,Arunachal Pradesh,East Siang,Pasighat,28.06,95.33,163.0,1.0,4.6,91.4,116.7,31.8,25.4,3.5
2025-08-26,Arunachal Pradesh,East Siang,Pasighat,28.06,95.33,163.0,0.0,2.7,76.4,111.8,33.6,25.2,6.5
2025-08-27,Arunachal Pradesh,East Siang,Pasighat,28.06,95.33,163.0,1.3,2.3,39.7,94.5,31.8,25.6,5.5
2025-08-28,Arunachal Pradesh,East Siang,Pasighat,28.06,95.33,163.0,15.1,16.4,39.3,109.3,27.5,24.3,7.6
2025-08-29,Arunachal Pradesh,East Siang,Pasighat,28.06,95.33,163.0,16.8,33.2,37.8,125.9,28.2,24.1,6.9
2025-08-30,Arunachal Pradesh,East Siang,Pasighat,28.06,95.33,163.0,11.0,42.9,46.9,136.9,29.4,23.8,6.2
2025-08-31,Arunachal Pradesh,East Siang,Pasighat,28.06,95.33,163.0,0.0,27.8,45.2,136.9,31.1,24.8,6.7
2025-09-01,Arunachal Pradesh,East Siang,Pasighat,28.06,95.33,163.0,0.0,11.0,44.2,135.6,34.9,24.7,6.5
2025-09-02,Arunachal Pradesh,East Siang,Pasighat,28.06,95.33,163.0,0.1,0.1,44.3,120.7,35.7,25.8,8.0
2025-09-03,Arunachal Pradesh,East Siang,Pasighat,28.06,95.33,163.0,0.0,0.1,43.0,82.7,34.6,25.2,6.9
2025-09-04,Arunachal Pradesh,East Siang,Pasighat,28.06,95.33,163.0,1.8,1.9,29.7,69.0,31.1,24.9,5.5
2025-09-05,Arunachal Pradesh,East Siang,Pasighat,28.06,95.33,163.0,9.0,10.8,21.9,59.7,30.0,24.1,5.3
2025-09-06,Arunachal Pradesh,East Siang,Pasighat,28.06,95.33,163.0,4.9,15.7,15.8,62.7,30.0,24.7,6.0
2025-09-07,Arunachal Pradesh,East Siang,Pasighat,28.06,95.33,163.0,7.6,21.5,23.4,68.6,30.5,24.6,5.9
2025-09-08,Arunachal Pradesh,East Siang,Pasighat,28.06,95.33,163.0,4.9,17.4,28.3,72.5,30.0,23.9,4.7
2025-09-09,Arunachal Pradesh,East Siang,Pasighat,28.06,95.33,163.0,1.0,13.5,29.2,73.5,31.6,25.3,6.3
2025-09-10,Arunachal Pradesh,East Siang,Pasighat,28.06,95.33,163.0,15.7,21.6,44.9,87.9,29.6,24.5,5.1
2025-09-11,Arunachal Pradesh,East Siang,Pasighat,28.06,95.33,163.0,1.1,17.8,44.2,73.9,30.7,25.6,5.1
2025-09-12,Arunachal Pradesh,East Siang,Pasighat,28.06,95.33,163.0,2.4,19.2,37.6,59.5,30.4,25.3,5.7
2025-09-13,Arunachal Pradesh,East Siang,Pasighat,28.06,95.33,163.0,25.9,29.4,58.6,74.4,28.3,24.2,7.1
2025-09-14,Arunachal Pradesh,East Siang,Pasighat,28.06,95.33,163.0,8.0,36.3,59.0,82.4,30.2,24.6,8.4
2025-09-15,Arunachal Pradesh,East Siang,Pasighat,28.06,95.33,163.0,10.3,44.2,64.4,92.7,29.2,24.2,3.8
2025-09-16,Arunachal Pradesh,East Siang,Pasighat,28.06,95.33,163.0,25.6,43.9,89.0,118.2,28.1,24.2,3.5
2025-09-17,Arunachal Pradesh,East Siang,Pasighat,28.06,95.33,163.0,13.2,49.1,86.5,131.4,29.1,24.0,4.7
2025-09-18,Arunachal Pradesh,East Siang,Pasighat,28.06,95.33,163.0,9.6,48.4,95.0,139.2,29.4,24.3,4.0
2025-09-19,Arunachal Pradesh,East Siang,Pasighat,28.06,95.33,163.0,0.0,22.8,92.6,130.2,31.6,23.5,6.4
2025-09-20,Arunachal Pradesh,East Siang,Pasighat,28.06,95.33,163.0,0.6,10.2,67.3,125.9,31.9,25.2,4.9
2025-09-21,Arunachal Pradesh,East Siang,Pasighat,28.06,95.33,163.0,0.0,0.6,59.3,118.3,32.8,25.1,5.8
2025-09-22,Arunachal Pradesh,East Siang,Pasighat,28.06,95.33,163.0,0.0,0.6,49.0,113.4,33.6,24.2,4.5
2025-09-23,Arunachal Pradesh,East Siang,Pasighat,28.06,95.33,163.0,1.0,1.0,24.4,113.4,31.9,25.3,7.3
2025-09-24,Arunachal Pradesh,East Siang,Pasighat,28.06,95.33,163.0,0.0,1.0,11.2,97.7,32.8,25.0,5.2
2025-09-25,Arunachal Pradesh,East Siang,Pasighat,28.06,95.33,163.0,0.0,1.0,1.6,96.6,33.8,26.0,6.4
2025-09-26,Arunachal Pradesh,East Siang,Pasighat,28.06,95.33,163.0,0.0,0.0,1.6,94.2,34.6,26.2,6.4
2025-09-27,Arunachal Pradesh,East Siang,Pasighat,28.06,95.33,163.0,3.9,3.9,4.9,72.2,31.8,25.6,5.6
2025-09-28,Arunachal Pradesh,East Siang,Pasighat,28.06,95.33,163.0,0.0,3.9,4.9,64.2,32.9,25.6,5.4
2025-09-29,Arunachal Pradesh,East Siang,Pasighat,28.06,95.33,163.0,0.0,3.9,4.9,53.9,33.5,25.7,5.8
2025-09-30,Arunachal Pradesh,East Siang,Pasighat,28.06,95.33,163.0,3.9,3.9,7.8,32.2,34.0,24.7,10.7
2025-10-01,Arunachal Pradesh,East Siang,Pasighat,28.06,95.33,163.0,16.0,19.9,23.8,35.0,26.6,24.2,5.8
2025-10-02,Arunachal Pradesh,East Siang,Pasighat,28.06,95.33,163.0,49.2,69.1,73.0,74.6,28.9,23.5,6.9
2025-10-03,Arunachal Pradesh,East Siang,Pasighat,28.06,95.33,163.0,11.0,76.2,84.0,85.6,26.5,23.3,6.9
2025-10-04,Arunachal Pradesh,East Siang,Pasighat,28.06,95.33,163.0,118.2,178.4,198.3,203.2,26.0,23.1,18.9
2025-10-05,Arunachal Pradesh,East Siang,Pasighat,28.06,95.33,163.0,9.9,139.1,208.2,213.1,28.8,22.7,6.9
2025-10-06,Arunachal Pradesh,East Siang,Pasighat,28.06,95.33,163.0,1.0,129.1,209.2,214.1,29.1,22.9,7.1
2025-10-07,Arunachal Pradesh,East Siang,Pasighat,28.06,95.33,163.0,2.4,13.3,207.7,215.5,29.3,23.5,5.3
2025-10-08,Arunachal Pradesh,East Siang,Pasighat,28.06,95.33,163.0,4.9,8.3,196.6,220.4,29.1,22.9,5.1
2025-10-09,Arunachal Pradesh,East Siang,Pasighat,28.06,95.33,163.0,0.0,7.3,147.4,220.4,29.4,23.6,4.4
2025-10-10,Arunachal Pradesh,East Siang,Pasighat,28.06,95.33,163.0,0.0,4.9,136.4,220.4,29.6,23.8,6.0
2025-10-11,Arunachal Pradesh,East Siang,Pasighat,28.06,95.33,163.0,27.6,27.6,45.8,244.1,26.2,23.2,7.6
2025-10-12,Arunachal Pradesh,East Siang,Pasighat,28.06,95.33,163.0,2.2,29.8,38.1,246.3,29.0,21.5,6.5
2025-10-13,Arunachal Pradesh,East Siang,Pasighat,28.06,95.33,163.0,0.0,29.8,37.1,246.3,29.6,21.7,6.3
2025-10-14,Arunachal Pradesh,East Siang,Pasighat,28.06,95.33,163.0,0.0,2.2,34.7,242.4,30.1,21.8,6.4
2025-10-15,Arunachal Pradesh,East Siang,Pasighat,28.06,95.33,163.0,0.0,0.0,29.8,226.4,30.4,21.3,5.4
2025-10-16,Arunachal Pradesh,East Siang,Pasighat,28.06,95.33,163.0,0.0,0.0,29.8,177.2,30.7,21.6,5.7
2025-10-17,Arunachal Pradesh,East Siang,Pasighat,28.06,95.33,163.0,0.0,0.0,29.8,166.2,30.4,20.4,6.4
2025-10-18,Arunachal Pradesh,East Siang,Pasighat,28.06,95.33,163.0,0.0,0.0,2.2,48.0,30.2,21.7,5.6
2025-10-19,Arunachal Pradesh,East Siang,Pasighat,28.06,95.33,163.0,0.0,0.0,0.0,38.1,30.4,20.0,6.2
2025-10-20,Arunachal Pradesh,East Siang,Pasighat,28.06,95.33,163.0,0.0,0.0,0.0,37.1,29.9,20.1,6.5
2025-10-21,Arunachal Pradesh,East Siang,Pasighat,28.06,95.33,163.0,0.0,0.0,0.0,34.7,30.1,20.6,4.9
2025-10-22,Arunachal Pradesh,East Siang,Pasighat,28.06,95.33,163.0,0.0,0.0,0.0,29.8,30.8,20.5,5.2
2025-10-23,Arunachal Pradesh,East Siang,Pasighat,28.06,95.33,163.0,0.0,0.0,0.0,29.8,31.4,20.2,5.6
2025-10-24,Arunachal Pradesh,East Siang,Pasighat,28.06,95.33,163.0,1.1,1.1,1.1,30.9,29.5,20.5,5.9
2025-10-25,Arunachal Pradesh,East Siang,Pasighat,28.06,95.33,163.0,0.0,1.1,1.1,3.3,28.5,19.4,4.4
2025-10-26,Arunachal Pradesh,East Siang,Pasighat,28.06,95.33,163.0,0.0,1.1,1.1,1.1,29.9,20.0,8.0
2025-10-27,Arunachal Pradesh,East Siang,Pasighat,28.06,95.33,163.0,0.0,0.0,1.1,1.1,30.0,19.7,5.6
2025-10-28,Arunachal Pradesh,East Siang,Pasighat,28.06,95.33,163.0,0.0,0.0,1.1,1.1,30.3,20.2,4.6
2025-10-29,Arunachal Pradesh,East Siang,Pasighat,28.06,95.33,163.0,0.4,0.4,1.5,1.5,27.4,22.1,6.9
2025-10-30,Arunachal Pradesh,East Siang,Pasighat,28.06,95.33,163.0,0.1,0.5,1.6,1.6,27.0,21.8,4.9
2025-10-31,Arunachal Pradesh,East Siang,Pasighat,28.06,95.33,163.0,8.8,9.3,9.3,10.4,24.5,21.8,3.1
2025-11-01,Arunachal Pradesh,East Siang,Pasighat,28.06,95.33,163.0,10.5,19.4,19.8,20.9,23.8,21.1,5.0
2025-11-02,Arunachal Pradesh,East Siang,Pasighat,28.06,95.33,163.0,3.3,22.6,23.1,24.2,25.3,20.7,6.5
2025-11-03,Arunachal Pradesh,East Siang,Pasighat,28.06,95.33,163.0,0.0,13.8,23.1,24.2,28.7,19.6,8.8
2025-11-04,Arunachal Pradesh,East Siang,Pasighat,28.06,95.33,163.0,0.0,3.3,23.1,24.2,29.9,19.3,6.7
2025-11-05,Arunachal Pradesh,East Siang,Pasighat,28.06,95.33,163.0,0.0,0.0,22.7,24.2,28.3,21.7,5.6
2025-11-06,Arunachal Pradesh,East Siang,Pasighat,28.06,95.33,163.0,0.0,0.0,22.6,24.2,28.9,21.5,4.6
2025-11-07,Arunachal Pradesh,East Siang,Pasighat,28.06,95.33,163.0,0.3,0.3,14.1,23.4,28.3,19.9,6.0
2025-11-08,Arunachal Pradesh,East Siang,Pasighat,28.06,95.33,163.0,0.0,0.3,3.6,23.4,28.4,18.9,6.3
2025-11-09,Arunachal Pradesh,East Siang,Pasighat,28.06,95.33,163.0,0.0,0.3,0.3,23.4,28.1,18.2,5.4
2025-11-10,Arunachal Pradesh,East Siang,Pasighat,28.06,95.33,163.0,0.0,0.0,0.3,23.4,28.5,18.1,5.4
2025-11-11,Arunachal Pradesh,East Siang,Pasighat,28.06,95.33,163.0,0.0,0.0,0.3,23.4,27.5,16.5,5.4
2025-11-12,Arunachal Pradesh,East Siang,Pasighat,28.06,95.33,163.0,0.0,0.0,0.3,23.0,27.0,16.8,5.2
2025-11-13,Arunachal Pradesh,East Siang,Pasighat,28.06,95.33,163.0,0.0,0.0,0.3,22.9,26.5,16.9,4.7
2025-11-14,Arunachal Pradesh,East Siang,Pasighat,28.06,95.33,163.0,0.0,0.0,0.0,14.1,26.9,17.8,4.6
2025-11-15,Arunachal Pradesh,East Siang,Pasighat,28.06,95.33,163.0,0.0,0.0,0.0,3.6,26.9,16.5,5.4
2025-11-16,Arunachal Pradesh,East Siang,Pasighat,28.06,95.33,163.0,0.0,0.0,0.0,0.3,27.5,16.0,4.9
2025-11-17,Arunachal Pradesh,East Siang,Pasighat,28.06,95.33,163.0,0.0,0.0,0.0,0.3,27.5,16.1,6.2
2025-11-18,Arunachal Pradesh,East Siang,Pasighat,28.06,95.33,163.0,0.0,0.0,0.0,0.3,28.3,15.4,6.2
2025-11-19,Arunachal Pradesh,East Siang,Pasighat,28.06,95.33,163.0,0.0,0.0,0.0,0.3,27.5,16.5,5.6
2025-11-20,Arunachal Pradesh,East Siang,Pasighat,28.06,95.33,163.0,0.0,0.0,0.0,0.3,27.7,16.3,5.4
2025-11-21,Arunachal Pradesh,East Siang,Pasighat,28.06,95.33,163.0,0.0,0.0,0.0,0.0,27.3,16.5,5.9
2025-11-22,Arunachal Pradesh,East Siang,Pasighat,28.06,95.33,163.0,0.2,0.2,0.2,0.2,24.2,16.8,5.1
2025-11-23,Arunachal Pradesh,East Siang,Pasighat,28.06,95.33,163.0,0.0,0.2,0.2,0.2,22.5,15.7,4.5
2025-11-24,Arunachal Pradesh,East Siang,Pasighat,28.06,95.33,163.0,0.0,0.2,0.2,0.2,25.4,15.7,5.0
2025-11-25,Arunachal Pradesh,East Siang,Pasighat,28.06,95.33,163.0,0.0,0.0,0.2,0.2,26.6,15.2,6.4
2025-11-26,Arunachal Pradesh,East Siang,Pasighat,28.06,95.33,163.0,0.0,0.0,0.2,0.2,25.7,14.5,6.6
2025-11-27,Arunachal Pradesh,East Siang,Pasighat,28.06,95.33,163.0,0.0,0.0,0.2,0.2,27.9,16.4,5.6
2025-11-28,Arunachal Pradesh,East Siang,Pasighat,28.06,95.33,163.0,0.0,0.0,0.2,0.2,26.4,15.7,4.3
2025-11-29,Arunachal Pradesh,East Siang,Pasighat,28.06,95.33,163.0,0.0,0.0,0.0,0.2,24.4,15.5,4.7
2025-11-30,Arunachal Pradesh,East Siang,Pasighat,28.06,95.33,163.0,0.0,0.0,0.0,0.2,23.9,14.9,4.7
2025-12-01,Arunachal Pradesh,East Siang,Pasighat,28.06,95.33,163.0,0.0,0.0,0.0,0.2,24.1,14.6,4.6
2025-12-02,Arunachal Pradesh,East Siang,Pasighat,28.06,95.33,163.0,0.0,0.0,0.0,0.2,24.8,14.6,5.1
2025-12-03,Arunachal Pradesh,East Siang,Pasighat,28.06,95.33,163.0,0.0,0.0,0.0,0.2,25.5,14.7,4.3
2025-12-04,Arunachal Pradesh,East Siang,Pasighat,28.06,95.33,163.0,0.0,0.0,0.0,0.2,25.1,14.2,4.7
2025-12-05,Arunachal Pradesh,East Siang,Pasighat,28.06,95.33,163.0,0.0,0.0,0.0,0.2,24.4,13.5,5.0
2025-12-06,Arunachal Pradesh,East Siang,Pasighat,28.06,95.33,163.0,0.0,0.0,0.0,0.0,24.3,12.9,4.0
2025-12-07,Arunachal Pradesh,East Siang,Pasighat,28.06,95.33,163.0,0.0,0.0,0.0,0.0,23.8,12.4,4.9
2025-12-08,Arunachal Pradesh,East Siang,Pasighat,28.06,95.33,163.0,0.0,0.0,0.0,0.0,24.4,12.4,6.0
2025-12-09,Arunachal Pradesh,East Siang,Pasighat,28.06,95.33,163.0,0.0,0.0,0.0,0.0,24.7,13.8,4.0
2025-12-10,Arunachal Pradesh,East Siang,Pasighat,28.06,95.33,163.0,0.0,0.0,0.0,0.0,23.3,13.6,4.5
2025-12-11,Arunachal Pradesh,East Siang,Pasighat,28.06,95.33,163.0,0.0,0.0,0.0,0.0,23.5,12.7,4.9
2025-12-12,Arunachal Pradesh,East Siang,Pasighat,28.06,95.33,163.0,0.0,0.0,0.0,0.0,23.5,12.7,5.3
2025-12-13,Arunachal Pradesh,East Siang,Pasighat,28.06,95.33,163.0,0.0,0.0,0.0,0.0,23.2,13.1,5.1
2025-12-14,Arunachal Pradesh,East Siang,Pasighat,28.06,95.33,163.0,0.0,0.0,0.0,0.0,23.6,12.4,4.7
2025-12-15,Arunachal Pradesh,East Siang,Pasighat,28.06,95.33,163.0,0.0,0.0,0.0,0.0,23.6,13.5,4.9
2025-12-16,Arunachal Pradesh,East Siang,Pasighat,28.06,95.33,163.0,0.0,0.0,0.0,0.0,23.4,13.8,4.2
2025-12-17,Arunachal Pradesh,East Siang,Pasighat,28.06,95.33,163.0,0.0,0.0,0.0,0.0,23.9,13.4,5.1
2025-12-18,Arunachal Pradesh,East Siang,Pasighat,28.06,95.33,163.0,0.0,0.0,0.0,0.0,23.8,13.7,4.2
2025-12-19,Arunachal Pradesh,East Siang,Pasighat,28.06,95.33,163.0,0.0,0.0,0.0,0.0,23.3,13.2,4.5
2025-12-20,Arunachal Pradesh,East Siang,Pasighat,28.06,95.33,163.0,0.0,0.0,0.0,0.0,23.5,12.6,4.8
2025-12-21,Arunachal Pradesh,East Siang,Pasighat,28.06,95.33,163.0,0.0,0.0,0.0,0.0,24.1,13.2,4.5
2025-12-22,Arunachal Pradesh,East Siang,Pasighat,28.06,95.33,163.0,0.0,0.0,0.0,0.0,23.0,12.9,4.2
2025-12-23,Arunachal Pradesh,East Siang,Pasighat,28.06,95.33,163.0,0.0,0.0,0.0,0.0,22.9,12.6,5.1
2025-12-24,Arunachal Pradesh,East Siang,Pasighat,28.06,95.33,163.0,0.0,0.0,0.0,0.0,23.6,14.4,4.8
2025-12-25,Arunachal Pradesh,East Siang,Pasighat,28.06,95.33,163.0,0.0,0.0,0.0,0.0,24.1,13.5,5.6
2025-12-26,Arunachal Pradesh,East Siang,Pasighat,28.06,95.33,163.0,0.0,0.0,0.0,0.0,23.8,14.4,5.4
2025-12-27,Arunachal Pradesh,East Siang,Pasighat,28.06,95.33,163.0,0.0,0.0,0.0,0.0,23.7,13.3,4.9
2025-12-28,Arunachal Pradesh,East Siang,Pasighat,28.06,95.33,163.0,0.0,0.0,0.0,0.0,23.6,13.2,5.2
2025-12-29,Arunachal Pradesh,East Siang,Pasighat,28.06,95.33,163.0,0.0,0.0,0.0,0.0,23.4,12.9,4.7
2025-12-30,Arunachal Pradesh,East Siang,Pasighat,28.06,95.33,163.0,1.6,1.6,1.6,1.6,20.6,12.4,4.6
2025-12-31,Arunachal Pradesh,East Siang,Pasighat,28.06,95.33,163.0,0.0,1.6,1.6,1.6,21.0,12.9,5.6
2026-01-01,Arunachal Pradesh,East Siang,Pasighat,28.06,95.33,163.0,0.0,1.6,1.6,1.6,21.5,12.3,5.0
2026-01-02,Arunachal Pradesh,East Siang,Pasighat,28.06,95.33,163.0,0.0,0.0,1.6,1.6,24.1,12.3,5.1
2026-01-03,Arunachal Pradesh,East Siang,Pasighat,28.06,95.33,163.0,0.0,0.0,1.6,1.6,23.0,11.5,4.4
2026-01-04,Arunachal Pradesh,East Siang,Pasighat,28.06,95.33,163.0,0.3,0.3,1.9,1.9,21.0,11.5,4.6
2026-01-05,Arunachal Pradesh,East Siang,Pasighat,28.06,95.33,163.0,0.0,0.3,1.9,1.9,20.8,10.6,4.5
2026-01-06,Arunachal Pradesh,East Siang,Pasighat,28.06,95.33,163.0,0.0,0.3,0.3,1.9,21.0,11.4,4.6
2026-01-07,Arunachal Pradesh,East Siang,Pasighat,28.06,95.33,163.0,0.0,0.0,0.3,1.9,21.1,10.9,5.1
2026-01-08,Arunachal Pradesh,East Siang,Pasighat,28.06,95.33,163.0,0.0,0.0,0.3,1.9,22.4,10.2,5.4
2026-01-09,Arunachal Pradesh,East Siang,Pasighat,28.06,95.33,163.0,0.0,0.0,0.3,1.9,22.3,10.7,5.8
2026-01-10,Arunachal Pradesh,East Siang,Pasighat,28.06,95.33,163.0,0.0,0.0,0.3,1.9,22.7,11.3,6.7
2026-01-11,Arunachal Pradesh,East Siang,Pasighat,28.06,95.33,163.0,0.0,0.0,0.0,1.9,22.4,12.0,4.9
2026-01-12,Arunachal Pradesh,East Siang,Pasighat,28.06,95.33,163.0,0.0,0.0,0.0,1.9,22.6,11.2,5.4
2026-01-13,Arunachal Pradesh,East Siang,Pasighat,28.06,95.33,163.0,0.0,0.0,0.0,0.3,22.5,11.3,4.1
2026-01-14,Arunachal Pradesh,East Siang,Pasighat,28.06,95.33,163.0,0.0,0.0,0.0,0.3,22.4,12.4,4.7
2026-01-15,Arunachal Pradesh,East Siang,Pasighat,28.06,95.33,163.0,0.0,0.0,0.0,0.3,23.0,11.8,4.7
2026-01-16,Arunachal Pradesh,East Siang,Pasighat,28.06,95.33,163.0,0.0,0.0,0.0,0.3,22.6,11.3,5.1
2026-01-17,Arunachal Pradesh,East Siang,Pasighat,28.06,95.33,163.0,0.0,0.0,0.0,0.3,22.5,12.3,4.7
2026-01-18,Arunachal Pradesh,East Siang,Pasighat,28.06,95.33,163.0,0.0,0.0,0.0,0.0,22.6,11.8,4.5
2026-01-19,Arunachal Pradesh,East Siang,Pasighat,28.06,95.33,163.0,0.0,0.0,0.0,0.0,23.0,12.6,5.2
2026-01-20,Arunachal Pradesh,East Siang,Pasighat,28.06,95.33,163.0,0.0,0.0,0.0,0.0,23.8,13.1,6.1
2026-01-21,Arunachal Pradesh,East Siang,Pasighat,28.06,95.33,163.0,0.0,0.0,0.0,0.0,24.1,14.7,4.4
2026-01-22,Arunachal Pradesh,East Siang,Pasighat,28.06,95.33,163.0,0.0,0.0,0.0,0.0,23.7,12.4,5.4
2026-01-23,Arunachal Pradesh,East Siang,Pasighat,28.06,95.33,163.0,0.0,0.0,0.0,0.0,24.2,11.8,6.3
2026-01-24,Arunachal Pradesh,East Siang,Pasighat,28.06,95.33,163.0,0.0,0.0,0.0,0.0,23.7,12.6,5.0
2026-01-25,Arunachal Pradesh,East Siang,Pasighat,28.06,95.33,163.0,0.0,0.0,0.0,0.0,24.5,12.3,6.2
2026-01-26,Arunachal Pradesh,East Siang,Pasighat,28.06,95.33,163.0,0.0,0.0,0.0,0.0,23.9,12.4,5.1
2026-01-27,Arunachal Pradesh,East Siang,Pasighat,28.06,95.33,163.0,0.0,0.0,0.0,0.0,23.3,12.4,5.1
2026-01-28,Arunachal Pradesh,East Siang,Pasighat,28.06,95.33,163.0,0.0,0.0,0.0,0.0,23.9,12.7,5.7
2026-01-29,Arunachal Pradesh,East Siang,Pasighat,28.06,95.33,163.0,4.3,4.3,4.3,4.3,24.1,14.9,13.9
2026-01-30,Arunachal Pradesh,East Siang,Pasighat,28.06,95.33,163.0,0.0,4.3,4.3,4.3,22.0,12.8,11.4
2026-01-31,Arunachal Pradesh,East Siang,Pasighat,28.06,95.33,163.0,0.0,4.3,4.3,4.3,23.8,11.8,5.9
2026-02-01,Arunachal Pradesh,East Siang,Pasighat,28.06,95.33,163.0,0.0,0.0,4.3,4.3,25.1,13.6,5.8
2026-02-02,Arunachal Pradesh,East Siang,Pasighat,28.06,95.33,163.0,0.0,0.0,4.3,4.3,25.7,13.9,4.9
2026-02-03,Arunachal Pradesh,East Siang,Pasighat,28.06,95.33,163.0,0.0,0.0,4.3,4.3,25.8,15.6,5.1
2026-02-04,Arunachal Pradesh,East Siang,Pasighat,28.06,95.33,163.0,0.0,0.0,4.3,4.3,25.6,15.2,4.7
2026-02-05,Arunachal Pradesh,East Siang,Pasighat,28.06,95.33,163.0,0.0,0.0,0.0,4.3,23.6,13.1,5.9
2026-02-06,Arunachal Pradesh,East Siang,Pasighat,28.06,95.33,163.0,0.0,0.0,0.0,4.3,23.8,12.3,6.0
2026-02-07,Arunachal Pradesh,East Siang,Pasighat,28.06,95.33,163.0,0.0,0.0,0.0,4.3,24.0,13.0,5.4
2026-02-08,Arunachal Pradesh,East Siang,Pasighat,28.06,95.33,163.0,0.0,0.0,0.0,4.3,24.4,13.2,9.1
2026-02-09,Arunachal Pradesh,East Siang,Pasighat,28.06,95.33,163.0,0.0,0.0,0.0,4.3,26.0,12.0,6.2
2026-02-10,Arunachal Pradesh,East Siang,Pasighat,28.06,95.33,163.0,0.0,0.0,0.0,4.3,26.5,12.7,6.7
2026-02-11,Arunachal Pradesh,East Siang,Pasighat,28.06,95.33,163.0,0.0,0.0,0.0,4.3,25.5,12.9,5.9
2026-02-12,Arunachal Pradesh,East Siang,Pasighat,28.06,95.33,163.0,0.0,0.0,0.0,0.0,25.9,14.1,6.2
2026-02-13,Arunachal Pradesh,East Siang,Pasighat,28.06,95.33,163.0,0.0,0.0,0.0,0.0,26.4,13.3,6.8
2026-02-14,Arunachal Pradesh,East Siang,Pasighat,28.06,95.33,163.0,0.0,0.0,0.0,0.0,26.7,13.8,6.4
2026-02-15,Arunachal Pradesh,East Siang,Pasighat,28.06,95.33,163.0,0.0,0.0,0.0,0.0,25.1,14.3,8.5
2026-02-16,Arunachal Pradesh,East Siang,Pasighat,28.06,95.33,163.0,0.0,0.0,0.0,0.0,26.4,13.6,5.4
2026-02-17,Arunachal Pradesh,East Siang,Pasighat,28.06,95.33,163.0,0.0,0.0,0.0,0.0,27.1,14.6,5.9
2026-02-18,Arunachal Pradesh,East Siang,Pasighat,28.06,95.33,163.0,0.0,0.0,0.0,0.0,28.2,14.7,6.0
2026-02-19,Arunachal Pradesh,East Siang,Pasighat,28.06,95.33,163.0,0.0,0.0,0.0,0.0,29.6,15.6,5.9
2026-02-20,Arunachal Pradesh,East Siang,Pasighat,28.06,95.33,163.0,0.0,0.0,0.0,0.0,29.7,15.7,5.9
2026-02-21,Arunachal Pradesh,East Siang,Pasighat,28.06,95.33,163.0,0.0,0.0,0.0,0.0,27.6,15.9,6.3
2026-02-22,Arunachal Pradesh,East Siang,Pasighat,28.06,95.33,163.0,3.4,3.4,3.4,3.4,23.7,14.5,11.9
2026-02-23,Arunachal Pradesh,East Siang,Pasighat,28.06,95.33,163.0,0.0,3.4,3.4,3.4,25.4,14.5,9.8
2026-02-24,Arunachal Pradesh,East Siang,Pasighat,28.06,95.33,163.0,0.0,3.4,3.4,3.4,26.6,13.7,5.5
2026-02-25,Arunachal Pradesh,East Siang,Pasighat,28.06,95.33,163.0,0.0,0.0,3.4,3.4,27.9,15.8,10.2
2026-02-26,Arunachal Pradesh,East Siang,Pasighat,28.06,95.33,163.0,0.4,0.4,3.8,3.8,25.2,14.8,12.2
2026-02-27,Arunachal Pradesh,East Siang,Pasighat,28.06,95.33,163.0,0.9,1.3,4.7,4.7,25.2,14.9,7.4
2026-02-28,Arunachal Pradesh,East Siang,Pasighat,28.06,95.33,163.0,3.1,4.4,7.8,7.8,21.6,16.3,6.5
2026-03-01,Arunachal Pradesh,East Siang,Pasighat,28.06,95.33,163.0,0.3,4.3,4.7,8.1,22.6,15.7,8.2
2026-03-02,Arunachal Pradesh,East Siang,Pasighat,28.06,95.33,163.0,0.0,3.4,4.7,8.1,23.0,15.1,6.2
2026-03-03,Arunachal Pradesh,East Siang,Pasighat,28.06,95.33,163.0,0.0,0.3,4.7,8.1,27.1,15.6,5.7
2026-03-04,Arunachal Pradesh,East Siang,Pasighat,28.06,95.33,163.0,0.0,0.0,4.7,8.1,28.2,16.4,5.8
2026-03-05,Arunachal Pradesh,East Siang,Pasighat,28.06,95.33,163.0,0.0,0.0,4.3,8.1,29.0,16.0,6.3
2026-03-06,Arunachal Pradesh,East Siang,Pasighat,28.06,95.33,163.0,0.0,0.0,3.4,8.1,30.3,16.5,6.3
2026-03-07,Arunachal Pradesh,East Siang,Pasighat,28.06,95.33,163.0,0.0,0.0,0.3,8.1,28.7,18.9,6.1
2026-03-08,Arunachal Pradesh,East Siang,Pasighat,28.06,95.33,163.0,0.0,0.0,0.0,4.7,28.1,18.2,5.5
2026-03-09,Arunachal Pradesh,East Siang,Pasighat,28.06,95.33,163.0,0.0,0.0,0.0,4.7,29.3,17.2,6.3
2026-03-10,Arunachal Pradesh,East Siang,Pasighat,28.06,95.33,163.0,0.0,0.0,0.0,4.7,29.7,17.3,7.0
2026-03-11,Arunachal Pradesh,East Siang,Pasighat,28.06,95.33,163.0,0.0,0.0,0.0,4.7,30.2,19.5,10.1
2026-03-12,Arunachal Pradesh,East Siang,Pasighat,28.06,95.33,163.0,1.7,1.7,1.7,6.0,25.9,18.8,14.1
2026-03-13,Arunachal Pradesh,East Siang,Pasighat,28.06,95.33,163.0,57.7,59.4,59.4,62.8,21.7,17.8,12.1
2026-03-14,Arunachal Pradesh,East Siang,Pasighat,28.06,95.33,163.0,20.6,80.0,80.0,80.3,19.6,16.9,7.2
2026-03-15,Arunachal Pradesh,East Siang,Pasighat,28.06,95.33,163.0,19.3,97.6,99.3,99.3,19.6,17.3,9.3
2026-03-16,Arunachal Pradesh,East Siang,Pasighat,28.06,95.33,163.0,15.9,55.8,115.2,115.2,19.3,15.7,11.0
2026-03-17,Arunachal Pradesh,East Siang,Pasighat,28.06,95.33,163.0,33.6,68.8,148.8,148.8,19.9,15.5,12.4
2026-03-18,Arunachal Pradesh,East Siang,Pasighat,28.06,95.33,163.0,0.3,49.8,149.1,149.1,23.3,16.0,10.8
2026-03-19,Arunachal Pradesh,East Siang,Pasighat,28.06,95.33,163.0,3.2,37.1,150.6,152.3,22.4,16.0,6.9
2026-03-20,Arunachal Pradesh,East Siang,Pasighat,28.06,95.33,163.0,1.1,4.6,94.0,153.4,26.3,17.0,8.9
2026-03-21,Arunachal Pradesh,East Siang,Pasighat,28.06,95.33,163.0,0.0,4.3,73.4,153.4,27.2,18.1,8.2
2026-03-22,Arunachal Pradesh,East Siang,Pasighat,28.06,95.33,163.0,14.5,15.6,68.6,167.9,22.9,17.1,8.4
2026-03-23,Arunachal Pradesh,East Siang,Pasighat,28.06,95.33,163.0,8.7,23.2,61.4,176.6,24.6,16.2,6.6
2026-03-24,Arunachal Pradesh,East Siang,Pasighat,28.06,95.33,163.0,2.7,25.9,30.5,179.3,23.5,17.4,5.2
2026-03-25,Arunachal Pradesh,East Siang,Pasighat,28.06,95.33,163.0,0.6,12.0,30.8,179.9,24.3,16.2,7.4
2026-03-26,Arunachal Pradesh,East Siang,Pasighat,28.06,95.33,163.0,0.0,3.3,27.6,178.2,28.3,16.3,7.4
2026-03-27,Arunachal Pradesh,East Siang,Pasighat,28.06,95.33,163.0,0.2,0.8,26.7,120.7,27.2,18.4,7.5
2026-03-28,Arunachal Pradesh,East Siang,Pasighat,28.06,95.33,163.0,4.3,4.5,31.0,104.4,24.9,17.9,11.9
2026-03-29,Arunachal Pradesh,East Siang,Pasighat,28.06,95.33,163.0,2.9,7.4,19.4,88.0,24.4,17.1,5.6
2026-03-30,Arunachal Pradesh,East Siang,Pasighat,28.06,95.33,163.0,0.0,7.2,10.7,72.1,25.3,17.0,6.1
2026-03-31,Arunachal Pradesh,East Siang,Pasighat,28.06,95.33,163.0,6.2,9.1,14.2,44.7,28.1,17.5,9.0
2026-04-01,Arunachal Pradesh,East Siang,Pasighat,28.06,95.33,163.0,78.1,84.3,91.7,122.5,23.7,18.8,10.6
2026-04-02,Arunachal Pradesh,East Siang,Pasighat,28.06,95.33,163.0,19.8,104.1,111.5,139.1,24.5,18.9,10.5
2026-04-03,Arunachal Pradesh,East Siang,Pasighat,28.06,95.33,163.0,0.0,97.9,111.3,138.0,26.9,18.8,6.5
2026-04-04,Arunachal Pradesh,East Siang,Pasighat,28.06,95.33,163.0,0.0,19.8,107.0,138.0,28.0,18.5,7.1
2026-04-05,Arunachal Pradesh,East Siang,Pasighat,28.06,95.33,163.0,50.3,50.3,154.4,173.8,22.3,19.3,8.4
2026-04-06,Arunachal Pradesh,East Siang,Pasighat,28.06,95.33,163.0,31.8,82.1,186.2,196.9,27.6,18.8,14.9
2026-04-07,Arunachal Pradesh,East Siang,Pasighat,28.06,95.33,163.0,4.4,86.5,184.4,198.6,23.1,17.3,7.6
2026-04-08,Arunachal Pradesh,East Siang,Pasighat,28.06,95.33,163.0,0.0,36.2,106.3,198.0,26.3,17.8,7.8
2026-04-09,Arunachal Pradesh,East Siang,Pasighat,28.06,95.33,163.0,12.9,17.3,99.4,210.9,23.8,16.9,9.1
2026-04-10,Arunachal Pradesh,East Siang,Pasighat,28.06,95.33,163.0,1.1,14.0,100.5,211.8,22.5,16.1,9.6
2026-04-11,Arunachal Pradesh,East Siang,Pasighat,28.06,95.33,163.0,0.0,14.0,100.5,207.5,25.6,15.6,5.6
2026-04-12,Arunachal Pradesh,East Siang,Pasighat,28.06,95.33,163.0,0.2,1.3,50.4,204.8,25.3,17.5,7.6
2026-04-13,Arunachal Pradesh,East Siang,Pasighat,28.06,95.33,163.0,0.4,0.6,19.0,205.2,24.4,18.4,6.5
2026-04-14,Arunachal Pradesh,East Siang,Pasighat,28.06,95.33,163.0,11.0,11.6,25.6,210.0,23.5,18.0,16.1
2026-04-15,Arunachal Pradesh,East Siang,Pasighat,28.06,95.33,163.0,17.8,29.2,43.4,149.7,23.4,18.1,11.4
2026-04-16,Arunachal Pradesh,East Siang,Pasighat,28.06,95.33,163.0,0.0,28.8,30.5,129.9,28.7,16.7,5.9
2026-04-17,Arunachal Pradesh,East Siang,Pasighat,28.06,95.33,163.0,0.0,17.8,29.4,129.9,30.3,19.4,6.1
2026-04-18,Arunachal Pradesh,East Siang,Pasighat,28.06,95.33,163.0,0.0,0.0,29.4,129.9,31.0,20.1,6.7
2026-04-19,Arunachal Pradesh,East Siang,Pasighat,28.06,95.33,163.0,0.6,0.6,29.8,80.2,30.5,21.0,6.9
2026-04-20,Arunachal Pradesh,East Siang,Pasighat,28.06,95.33,163.0,14.4,15.0,43.8,62.8,26.2,21.1,8.1
2026-04-21,Arunachal Pradesh,East Siang,Pasighat,28.06,95.33,163.0,41.3,56.3,74.1,99.7,25.8,20.7,9.8
2026-04-22,Arunachal Pradesh,East Siang,Pasighat,28.06,95.33,163.0,2.6,58.3,58.9,102.3,26.3,20.4,10.9
2026-04-23,Arunachal Pradesh,East Siang,Pasighat,28.06,95.33,163.0,0.0,43.9,58.9,89.4,30.2,19.4,6.5
2026-04-24,Arunachal Pradesh,East Siang,Pasighat,28.06,95.33,163.0,0.0,2.6,58.9,88.3,32.0,20.2,7.3
2026-04-25,Arunachal Pradesh,East Siang,Pasighat,28.06,95.33,163.0,1.8,1.8,60.7,90.1,31.5,20.9,7.1
2026-04-26,Arunachal Pradesh,East Siang,Pasighat,28.06,95.33,163.0,21.6,23.4,81.7,111.5,27.9,20.0,7.2
2026-04-27,Arunachal Pradesh,East Siang,Pasighat,28.06,95.33,163.0,24.9,48.3,92.2,136.0,23.2,21.0,7.9
2026-04-28,Arunachal Pradesh,East Siang,Pasighat,28.06,95.33,163.0,4.9,51.4,55.8,129.9,27.6,20.3,7.8
2026-04-29,Arunachal Pradesh,East Siang,Pasighat,28.06,95.33,163.0,17.5,47.3,70.7,129.6,29.7,20.7,10.5
2026-04-30,Arunachal Pradesh,East Siang,Pasighat,28.06,95.33,163.0,73.7,96.1,144.4,203.3,26.1,20.4,18.1
2026-05-01,Arunachal Pradesh,East Siang,Pasighat,28.06,95.33,163.0,10.1,101.3,154.5,213.4,26.7,20.1,9.0
2026-05-02,Arunachal Pradesh,East Siang,Pasighat,28.06,95.33,163.0,3.3,87.1,156.0,216.7,25.4,20.6,5.2
2026-05-03,Arunachal Pradesh,East Siang,Pasighat,28.06,95.33,163.0,4.2,17.6,138.6,220.3,27.7,19.5,5.2
2026-05-04,Arunachal Pradesh,East Siang,Pasighat,28.06,95.33,163.0,0.2,7.7,113.9,206.1,28.1,19.5,5.6
2026-05-05,Arunachal Pradesh,East Siang,Pasighat,28.06,95.33,163.0,1.0,5.4,110.0,165.8,29.9,20.3,5.9
2026-05-06,Arunachal Pradesh,East Siang,Pasighat,28.06,95.33,163.0,6.1,7.3,98.6,169.3,29.3,20.4,8.3
2026-05-07,Arunachal Pradesh,East Siang,Pasighat,28.06,95.33,163.0,3.4,10.5,28.3,172.7,28.6,20.4,7.2
2026-05-08,Arunachal Pradesh,East Siang,Pasighat,28.06,95.33,163.0,0.2,9.7,18.4,172.9,30.0,20.5,6.4
2026-05-09,Arunachal Pradesh,East Siang,Pasighat,28.06,95.33,163.0,0.0,3.6,15.1,171.1,31.9,19.9,5.9
2026-05-10,Arunachal Pradesh,East Siang,Pasighat,28.06,95.33,163.0,4.5,4.7,15.4,154.0,31.8,20.5,13.6
2026-05-11,Arunachal Pradesh,East Siang,Pasighat,28.06,95.33,163.0,13.2,17.7,28.4,142.3,23.8,20.2,4.6
2026-05-12,Arunachal Pradesh,East Siang,Pasighat,28.06,95.33,163.0,0.0,17.7,27.4,137.4,29.1,20.5,7.2
2026-05-13,Arunachal Pradesh,East Siang,Pasighat,28.06,95.33,163.0,4.9,18.1,26.2,124.8,29.2,21.6,8.7
2026-05-14,Arunachal Pradesh,East Siang,Pasighat,28.06,95.33,163.0,6.7,11.6,29.5,57.8,28.8,21.4,7.9
2026-05-15,Arunachal Pradesh,East Siang,Pasighat,28.06,95.33,163.0,11.7,23.3,41.0,59.4,28.0,22.9,5.2
2026-05-16,Arunachal Pradesh,East Siang,Pasighat,28.06,95.33,163.0,8.6,27.0,49.6,64.7,28.8,22.8,7.5
2026-05-17,Arunachal Pradesh,East Siang,Pasighat,28.06,95.33,163.0,5.3,25.6,50.4,65.8,26.9,22.5,7.8
2026-05-18,Arunachal Pradesh,East Siang,Pasighat,28.06,95.33,163.0,6.0,19.9,43.2,71.6,26.7,22.0,7.8
2026-05-19,Arunachal Pradesh,East Siang,Pasighat,28.06,95.33,163.0,0.0,11.3,43.2,70.6,31.0,21.2,6.0
2026-05-20,Arunachal Pradesh,East Siang,Pasighat,28.06,95.33,163.0,0.0,6.0,38.3,64.5,32.1,22.5,6.3
2026-05-21,Arunachal Pradesh,East Siang,Pasighat,28.06,95.33,163.0,0.5,0.5,32.1,61.6,32.4,25.0,6.1
2026-05-22,Arunachal Pradesh,East Siang,Pasighat,28.06,95.33,163.0,15.1,15.6,35.5,76.5,32.0,23.9,9.0
2026-05-23,Arunachal Pradesh,East Siang,Pasighat,28.06,95.33,163.0,71.5,87.1,98.4,148.0,25.5,23.1,8.5
2026-05-24,Arunachal Pradesh,East Siang,Pasighat,28.06,95.33,163.0,29.0,115.6,122.1,172.5,25.2,22.9,8.7
2026-05-25,Arunachal Pradesh,East Siang,Pasighat,28.06,95.33,163.0,72.1,172.6,188.2,231.4,27.2,22.3,8.2
2026-05-26,Arunachal Pradesh,East Siang,Pasighat,28.06,95.33,163.0,31.3,132.4,219.5,262.7,27.9,22.1,6.8
2026-05-27,Arunachal Pradesh,East Siang,Pasighat,28.06,95.33,163.0,0.0,103.4,219.5,257.8,31.6,23.5,7.3
2026-05-28,Arunachal Pradesh,East Siang,Pasighat,28.06,95.33,163.0,0.0,31.3,219.0,251.1,27.7,24.3,5.0
2026-05-29,Arunachal Pradesh,East Siang,Pasighat,28.06,95.33,163.0,0.0,0.0,203.9,239.4,31.9,23.5,6.0
2026-05-30,Arunachal Pradesh,East Siang,Pasighat,28.06,95.33,163.0,0.2,0.2,132.6,231.0,31.5,26.0,5.2
2026-05-31,Arunachal Pradesh,East Siang,Pasighat,28.06,95.33,163.0,8.3,8.5,111.9,234.0,32.5,25.1,5.8
2026-06-01,Arunachal Pradesh,East Siang,Pasighat,28.06,95.33,163.0,2.1,10.6,41.9,230.1,32.5,25.7,6.3
2026-06-02,Arunachal Pradesh,East Siang,Pasighat,28.06,95.33,163.0,15.5,25.9,26.1,245.6,30.8,24.2,6.5
2026-06-03,Arunachal Pradesh,East Siang,Pasighat,28.06,95.33,163.0,28.9,46.5,55.0,274.5,28.1,24.3,7.4
2026-06-04,Arunachal Pradesh,East Siang,Pasighat,28.06,95.33,163.0,42.8,87.2,97.8,316.8,28.1,23.6,8.2
2026-06-05,Arunachal Pradesh,East Siang,Pasighat,28.06,95.33,163.0,22.1,93.8,119.9,323.8,28.5,23.3,6.9
2026-06-06,Arunachal Pradesh,East Siang,Pasighat,28.06,95.33,163.0,0.0,64.9,119.7,252.3,32.1,24.1,5.8
2026-06-07,Arunachal Pradesh,East Siang,Pasighat,28.06,95.33,163.0,1.1,23.2,112.5,224.4,32.2,25.7,6.0
2026-06-08,Arunachal Pradesh,East Siang,Pasighat,28.06,95.33,163.0,5.8,6.9,116.2,158.1,29.9,24.7,6.6
2026-06-09,Arunachal Pradesh,East Siang,Pasighat,28.06,95.33,163.0,12.1,19.0,112.8,138.9,30.5,25.0,4.3
2026-06-10,Arunachal Pradesh,East Siang,Pasighat,28.06,95.33,163.0,32.2,50.1,116.1,171.1,28.3,24.0,7.4
2026-06-11,Arunachal Pradesh,East Siang,Pasighat,28.06,95.33,163.0,1.1,45.4,74.4,172.2,30.8,24.9,5.4
2026-06-12,Arunachal Pradesh,East Siang,Pasighat,28.06,95.33,163.0,0.2,33.5,52.5,172.4,31.2,24.7,5.5
2026-06-13,Arunachal Pradesh,East Siang,Pasighat,28.06,95.33,163.0,15.0,16.3,67.5,187.2,31.0,23.9,6.6
2026-06-14,Arunachal Pradesh,East Siang,Pasighat,28.06,95.33,163.0,7.2,22.4,73.6,186.1,31.0,23.8,6.8
2026-06-15,Arunachal Pradesh,East Siang,Pasighat,28.06,95.33,163.0,2.4,24.6,70.2,186.4,30.9,24.2,3.9
2026-06-16,Arunachal Pradesh,East Siang,Pasighat,28.06,95.33,163.0,6.7,16.3,64.8,177.6,32.4,24.2,4.9
2026-06-17,Arunachal Pradesh,East Siang,Pasighat,28.06,95.33,163.0,31.0,40.1,63.6,179.7,28.6,24.4,9.2
2026-06-18,Arunachal Pradesh,East Siang,Pasighat,28.06,95.33,163.0,2.8,40.5,65.3,139.7,30.7,24.5,7.2
2026-06-19,Arunachal Pradesh,East Siang,Pasighat,28.06,95.33,163.0,14.9,48.7,80.0,132.5,30.4,24.5,6.2
2026-06-20,Arunachal Pradesh,East Siang,Pasighat,28.06,95.33,163.0,18.4,36.1,83.4,150.9,29.8,24.4,7.3
2026-06-21,Arunachal Pradesh,East Siang,Pasighat,28.06,95.33,163.0,14.1,47.4,90.3,163.9,28.0,24.5,6.2
2026-06-22,Arunachal Pradesh,East Siang,Pasighat,28.06,95.33,163.0,57.8,90.3,145.7,215.9,28.3,24.9,5.7
2026-06-23,Arunachal Pradesh,East Siang,Pasighat,28.06,95.33,163.0,24.2,96.1,163.2,228.0,30.8,24.8,6.2
2026-06-24,Arunachal Pradesh,East Siang,Pasighat,28.06,95.33,163.0,7.8,89.8,140.0,203.6,32.6,24.1,4.3
2026-06-25,Arunachal Pradesh,East Siang,Pasighat,28.06,95.33,163.0,27.2,59.2,164.4,229.7,32.7,23.4,5.6
2026-06-26,Arunachal Pradesh,East Siang,Pasighat,28.06,95.33,163.0,10.9,45.9,160.4,240.4,30.8,24.9,5.1
2026-06-27,Arunachal Pradesh,East Siang,Pasighat,28.06,95.33,163.0,17.3,55.4,159.3,242.7,29.2,25.0,7.9
2026-06-28,Arunachal Pradesh,East Siang,Pasighat,28.06,95.33,163.0,55.6,83.8,200.8,291.1,25.8,24.8,9.3
2026-06-29,Arunachal Pradesh,East Siang,Pasighat,28.06,95.33,163.0,9.5,82.4,152.5,298.2,28.1,24.2,5.8
2026-06-30,Arunachal Pradesh,East Siang,Pasighat,28.06,95.33,163.0,1.2,66.3,129.5,292.7,31.1,25.5,6.7
2026-07-01,Arunachal Pradesh,East Siang,Pasighat,28.06,95.33,163.0,1.2,11.9,122.9,262.9,32.7,26.0,8.0
2026-07-02,Arunachal Pradesh,East Siang,Pasighat,28.06,95.33,163.0,0.4,2.8,96.1,260.5,34.1,26.9,5.0
2026-07-03,Arunachal Pradesh,East Siang,Pasighat,28.06,95.33,163.0,2.7,4.3,87.9,248.3,33.7,27.7,8.0
2026-07-04,Arunachal Pradesh,East Siang,Pasighat,28.06,95.33,163.0,0.0,3.1,70.6,229.9,35.0,26.2,8.1
2026-07-05,Arunachal Pradesh,East Siang,Pasighat,28.06,95.33,163.0,1.5,4.2,16.5,217.3,34.9,27.1,8.3
2026-07-06,Arunachal Pradesh,East Siang,Pasighat,28.06,95.33,163.0,10.0,11.5,17.0,169.5,34.9,25.8,7.2
2026-07-07,Arunachal Pradesh,East Siang,Pasighat,28.06,95.33,163.0,27.6,39.1,43.4,172.9,27.3,25.3,7.8
2026-07-08,Arunachal Pradesh,East Siang,Pasighat,28.06,95.33,163.0,34.8,72.4,77.0,199.9,30.3,25.6,6.5
2026-07-09,Arunachal Pradesh,East Siang,Pasighat,28.06,95.33,163.0,13.3,75.7,89.9,186.0,30.3,25.6,6.3
2026-07-10,Arunachal Pradesh,East Siang,Pasighat,28.06,95.33,163.0,7.6,55.7,94.8,182.7,29.5,25.7,5.6
2026-07-11,Arunachal Pradesh,East Siang,Pasighat,28.06,95.33,163.0,7.0,27.9,101.8,172.4,31.6,25.8,5.0
2026-07-12,Arunachal Pradesh,East Siang,Pasighat,28.06,95.33,163.0,23.4,38.0,123.7,140.2,30.9,26.0,5.3
2026-07-13,Arunachal Pradesh,East Siang,Pasighat,28.06,95.33,163.0,1.3,31.7,115.0,132.0,33.6,27.0,4.3
2026-07-14,Arunachal Pradesh,East Siang,Pasighat,28.06,95.33,163.0,6.5,31.2,93.9,137.3,33.8,27.3,6.7
2026-07-15,Arunachal Pradesh,East Siang,Pasighat,28.06,95.33,163.0,30.0,37.8,89.1,166.1,33.0,25.6,7.4
2026-07-16,Arunachal Pradesh,East Siang,Pasighat,28.06,95.33,163.0,23.4,59.9,99.2,189.1,28.9,25.7,6.3
2026-07-17,Arunachal Pradesh,East Siang,Pasighat,28.06,95.33,163.0,25.2,78.6,116.8,211.6,26.6,25.5,5.8
2026-07-18,Arunachal Pradesh,East Siang,Pasighat,28.06,95.33,163.0,35.9,84.5,145.7,247.5,26.3,24.9,7.5
2026-07-19,Arunachal Pradesh,East Siang,Pasighat,28.06,95.33,163.0,7.8,68.9,130.1,253.8,29.5,24.7,9.5
2026-07-20,Arunachal Pradesh,East Siang,Pasighat,28.06,95.33,163.0,2.7,46.4,131.5,246.5,30.6,24.3,4.4
2026-07-21,Arunachal Pradesh,East Siang,Pasighat,28.06,95.33,163.0,0.0,10.5,125.0,218.9,32.7,26.3,7.1
2026-07-22,Arunachal Pradesh,East Siang,Pasighat,28.06,95.33,163.0,11.8,14.5,106.8,195.9,30.4,25.3,5.0
2026-07-23,Arunachal Pradesh,East Siang,Pasighat,28.06,95.33,163.0,5.3,17.1,88.7,187.9,31.0,24.3,6.9
2026-07-24,Arunachal Pradesh,East Siang,Pasighat,28.06,95.33,163.0,2.3,19.4,65.8,182.6,32.1,25.2,4.3
2026-07-25,Arunachal Pradesh,East Siang,Pasighat,28.06,95.33,163.0,0.3,7.9,30.2,175.9,34.1,26.8,5.2
2026-07-26,Arunachal Pradesh,East Siang,Pasighat,28.06,95.33,163.0,1.0,3.6,23.4,153.5,32.8,27.6,5.6
2026-07-27,Arunachal Pradesh,East Siang,Pasighat,28.06,95.33,163.0,3.1,4.4,23.8,155.3,34.1,26.3,8.0
2026-07-28,Arunachal Pradesh,East Siang,Pasighat,28.06,95.33,163.0,5.5,9.6,29.3,154.3,32.2,26.0,6.7
2026-07-29,Arunachal Pradesh,East Siang,Pasighat,28.06,95.33,163.0,22.7,31.3,40.2,147.0,33.7,25.9,12.6
2026-07-30,Arunachal Pradesh,East Siang,Pasighat,28.06,95.33,163.0,14.3,42.5,49.2,137.9,30.7,24.8,5.6
2026-07-31,Arunachal Pradesh,East Siang,Pasighat,28.06,95.33,163.0,8.8,45.8,55.7,121.5,30.1,24.8,5.0
2026-08-01,Arunachal Pradesh,East Siang,Pasighat,28.06,95.33,163.0,34.5,57.6,89.9,120.1,29.6,25.2,6.2
2026-08-02,Arunachal Pradesh,East Siang,Pasighat,28.06,95.33,163.0,4.0,47.3,92.9,116.3,29.1,25.0,5.5
2026-08-03,Arunachal Pradesh,East Siang,Pasighat,28.06,95.33,163.0,8.6,47.1,98.4,122.2,29.0,25.1,5.8
2026-08-04,Arunachal Pradesh,East Siang,Pasighat,28.06,95.33,163.0,21.0,33.6,113.9,143.2,29.9,25.8,4.8
2026-08-05,Arunachal Pradesh,East Siang,Pasighat,28.06,95.33,163.0,0.1,29.7,91.3,131.5,32.4,25.0,6.8
2026-08-06,Arunachal Pradesh,East Siang,Pasighat,28.06,95.33,163.0,0.0,21.1,77.0,126.2,34.3,24.7,6.4
2026-08-07,Arunachal Pradesh,East Siang,Pasighat,28.06,95.33,163.0,0.3,0.4,68.5,124.2,33.0,26.9,7.1
2026-08-08,Arunachal Pradesh,East Siang,Pasighat,28.06,95.33,163.0,1.1,1.4,35.1,125.0,31.7,26.2,4.9
2026-08-09,Arunachal Pradesh,East Siang,Pasighat,28.06,95.33,163.0,2.4,3.8,33.5,126.4,32.4,26.3,6.4
2026-08-10,Arunachal Pradesh,East Siang,Pasighat,28.06,95.33,163.0,0.0,3.5,24.9,123.3,33.2,25.7,7.5
2026-08-11,Arunachal Pradesh,East Siang,Pasighat,28.06,95.33,163.0,0.0,2.4,3.9,117.8,34.8,26.3,5.0
2026-08-12,Arunachal Pradesh,East Siang,Pasighat,28.06,95.33,163.0,2.0,2.0,5.8,97.1,32.7,26.6,8.3
2026-08-13,Arunachal Pradesh,East Siang,Pasighat,28.06,95.33,163.0,1.3,3.3,7.1,84.1,34.2,27.4,4.7
2026-08-14,Arunachal Pradesh,East Siang,Pasighat,28.06,95.33,163.0,6.6,9.9,13.4,81.9,31.4,26.1,5.1
2026-08-15,Arunachal Pradesh,East Siang,Pasighat,28.06,95.33,163.0,25.9,33.8,38.2,73.3,32.6,25.4,7.1
2026-08-16,Arunachal Pradesh,East Siang,Pasighat,28.06,95.33,163.0,21.2,53.7,57.0,90.5,31.3,25.3,6.7
2026-08-17,Arunachal Pradesh,East Siang,Pasighat,28.06,95.33,163.0,11.4,58.5,68.4,93.3,30.3,26.0,10.1
2026-08-18,Arunachal Pradesh,East Siang,Pasighat,28.06,95.33,163.0,1.6,34.2,70.0,73.9,31.4,26.5,5.9
2026-08-19,Arunachal Pradesh,East Siang,Pasighat,28.06,95.33,163.0,5.6,18.6,73.6,79.4,32.1,25.8,6.5
2026-08-20,Arunachal Pradesh,East Siang,Pasighat,28.06,95.33,163.0,6.8,14.0,79.1,86.2,31.1,25.1,4.7
2026-08-21,Arunachal Pradesh,East Siang,Pasighat,28.06,95.33,163.0,5.1,17.5,77.6,91.0,32.1,26.8,5.1
2026-08-22,Arunachal Pradesh,East Siang,Pasighat,28.06,95.33,163.0,2.7,14.6,54.4,92.6,32.7,26.2,3.6
2026-08-23,Arunachal Pradesh,East Siang,Pasighat,28.06,95.33,163.0,1.8,9.6,35.0,92.0,32.7,26.9,7.5
2026-08-24,Arunachal Pradesh,East Siang,Pasighat,28.06,95.33,163.0,17.1,21.6,40.7,109.1,28.8,25.3,8.0
2026-08-25,Arunachal Pradesh,East Siang,Pasighat,28.06,95.33,163.0,3.7,22.6,42.8,112.8,30.5,25.7,3.8
2026-08-26,Arunachal Pradesh,East Siang,Pasighat,28.06,95.33,163.0,2.0,22.8,39.2,112.8,31.7,25.3,5.2
2026-08-27,Arunachal Pradesh,East Siang,Pasighat,28.06,95.33,163.0,7.5,13.2,39.9,119.0,32.1,26.6,5.4
2026-08-28,Arunachal Pradesh,East Siang,Pasighat,28.06,95.33,163.0,7.7,17.2,42.5,120.1,32.6,26.5,4.8
2026-08-29,Arunachal Pradesh,East Siang,Pasighat,28.06,95.33,163.0,0.5,15.7,40.3,94.7,33.6,27.5,6.2
2026-08-30,Arunachal Pradesh,East Siang,Pasighat,28.06,95.33,163.0,5.3,13.5,43.8,78.8,34.6,27.0,7.9
2026-08-31,Arunachal Pradesh,East Siang,Pasighat,28.06,95.33,163.0,26.6,32.4,53.3,94.0,30.3,26.3,5.6
2026-09-01,Arunachal Pradesh,East Siang,Pasighat,28.06,95.33,163.0,28.8,60.7,78.4,121.2,27.4,24.3,8.3
2026-09-02,Arunachal Pradesh,East Siang,Pasighat,28.06,95.33,163.0,0.0,55.4,76.4,115.6,31.7,24.3,5.8
2026-09-03,Arunachal Pradesh,East Siang,Pasighat,28.06,95.33,163.0,11.2,40.0,80.1,120.0,33.2,24.5,7.0
2026-09-04,Arunachal Pradesh,East Siang,Pasighat,28.06,95.33,163.0,9.5,20.7,81.9,124.4,30.5,24.2,4.3
2026-09-05,Arunachal Pradesh,East Siang,Pasighat,28.06,95.33,163.0,18.8,39.5,100.2,140.5,29.9,24.3,4.9
2026-09-06,Arunachal Pradesh,East Siang,Pasighat,28.06,95.33,163.0,8.9,37.2,103.8,147.6,31.3,25.0,5.6
2026-09-07,Arunachal Pradesh,East Siang,Pasighat,28.06,95.33,163.0,15.9,43.6,93.1,146.4,28.2,25.0,4.3
2026-09-08,Arunachal Pradesh,East Siang,Pasighat,28.06,95.33,163.0,4.4,29.2,68.7,147.1,32.2,25.1,5.2
2025-01-01,Manipur,Imphal West,Imphal,24.82,93.94,782.0,0.0,0.0,0.0,0.0,22.4,8.2,8.0
2025-01-02,Manipur,Imphal West,Imphal,24.82,93.94,782.0,0.0,0.0,0.0,0.0,23.0,9.6,10.1
2025-01-03,Manipur,Imphal West,Imphal,24.82,93.94,782.0,0.0,0.0,0.0,0.0,23.5,9.0,9.7
2025-01-04,Manipur,Imphal West,Imphal,24.82,93.94,782.0,0.0,0.0,0.0,0.0,23.3,9.1,8.6
2025-01-05,Manipur,Imphal West,Imphal,24.82,93.94,782.0,0.0,0.0,0.0,0.0,24.3,9.3,11.9
2025-01-06,Manipur,Imphal West,Imphal,24.82,93.94,782.0,0.0,0.0,0.0,0.0,23.9,9.4,12.6
2025-01-07,Manipur,Imphal West,Imphal,24.82,93.94,782.0,0.0,0.0,0.0,0.0,22.6,10.3,9.4
2025-01-08,Manipur,Imphal West,Imphal,24.82,93.94,782.0,5.7,5.7,5.7,5.7,21.0,9.2,17.3
2025-01-09,Manipur,Imphal West,Imphal,24.82,93.94,782.0,0.0,5.7,5.7,5.7,21.6,7.7,9.2
2025-01-10,Manipur,Imphal West,Imphal,24.82,93.94,782.0,0.0,5.7,5.7,5.7,22.2,8.0,9.1
2025-01-11,Manipur,Imphal West,Imphal,24.82,93.94,782.0,0.0,0.0,5.7,5.7,22.7,8.5,9.2
2025-01-12,Manipur,Imphal West,Imphal,24.82,93.94,782.0,0.0,0.0,5.7,5.7,23.0,8.8,8.6
2025-01-13,Manipur,Imphal West,Imphal,24.82,93.94,782.0,0.0,0.0,5.7,5.7,22.9,10.1,8.9
2025-01-14,Manipur,Imphal West,Imphal,24.82,93.94,782.0,0.0,0.0,5.7,5.7,22.7,8.4,7.9
2025-01-15,Manipur,Imphal West,Imphal,24.82,93.94,782.0,0.0,0.0,0.0,5.7,23.6,8.8,8.5
2025-01-16,Manipur,Imphal West,Imphal,24.82,93.94,782.0,0.0,0.0,0.0,5.7,23.5,8.9,8.5
2025-01-17,Manipur,Imphal West,Imphal,24.82,93.94,782.0,0.0,0.0,0.0,5.7,23.5,9.1,7.6
2025-01-18,Manipur,Imphal West,Imphal,24.82,93.94,782.0,0.0,0.0,0.0,5.7,23.5,9.0,6.2
2025-01-19,Manipur,Imphal West,Imphal,24.82,93.94,782.0,0.0,0.0,0.0,5.7,24.1,8.5,8.2
2025-01-20,Manipur,Imphal West,Imphal,24.82,93.94,782.0,0.0,0.0,0.0,5.7,23.6,8.9,8.3
2025-01-21,Manipur,Imphal West,Imphal,24.82,93.94,782.0,0.0,0.0,0.0,5.7,23.8,8.7,8.0
2025-01-22,Manipur,Imphal West,Imphal,24.82,93.94,782.0,0.0,0.0,0.0,0.0,24.2,9.1,8.7
2025-01-23,Manipur,Imphal West,Imphal,24.82,93.94,782.0,0.0,0.0,0.0,0.0,24.9,9.6,10.4
2025-01-24,Manipur,Imphal West,Imphal,24.82,93.94,782.0,0.0,0.0,0.0,0.0,23.7,8.8,14.2
2025-01-25,Manipur,Imphal West,Imphal,24.82,93.94,782.0,0.0,0.0,0.0,0.0,22.0,8.7,18.6
2025-01-26,Manipur,Imphal West,Imphal,24.82,93.94,782.0,0.0,0.0,0.0,0.0,23.8,7.8,12.8
2025-01-27,Manipur,Imphal West,Imphal,24.82,93.94,782.0,0.0,0.0,0.0,0.0,23.1,8.9,9.9
2025-01-28,Manipur,Imphal West,Imphal,24.82,93.94,782.0,0.0,0.0,0.0,0.0,22.3,9.0,11.7
2025-01-29,Manipur,Imphal West,Imphal,24.82,93.94,782.0,0.0,0.0,0.0,0.0,22.5,8.7,15.1
2025-01-30,Manipur,Imphal West,Imphal,24.82,93.94,782.0,0.1,0.1,0.1,0.1,21.9,8.3,18.0
2025-01-31,Manipur,Imphal West,Imphal,24.82,93.94,782.0,1.6,1.7,1.7,1.7,20.0,13.1,13.3
2025-02-01,Manipur,Imphal West,Imphal,24.82,93.94,782.0,1.3,3.0,3.0,3.0,23.0,11.7,18.5
2025-02-02,Manipur,Imphal West,Imphal,24.82,93.94,782.0,0.0,2.9,3.0,3.0,23.5,10.2,20.0
2025-02-03,Manipur,Imphal West,Imphal,24.82,93.94,782.0,0.6,1.9,3.6,3.6,22.6,10.6,8.5
2025-02-04,Manipur,Imphal West,Imphal,24.82,93.94,782.0,0.0,0.6,3.6,3.6,24.5,9.0,10.8
2025-02-05,Manipur,Imphal West,Imphal,24.82,93.94,782.0,0.0,0.6,3.6,3.6,24.1,9.9,14.4
2025-02-06,Manipur,Imphal West,Imphal,24.82,93.94,782.0,0.2,0.2,3.7,3.8,24.7,12.1,17.3
2025-02-07,Manipur,Imphal West,Imphal,24.82,93.94,782.0,0.0,0.2,2.1,3.8,25.5,10.0,15.0
2025-02-08,Manipur,Imphal West,Imphal,24.82,93.94,782.0,0.0,0.2,0.8,3.8,25.2,7.4,7.7
2025-02-09,Manipur,Imphal West,Imphal,24.82,93.94,782.0,0.0,0.0,0.8,3.8,26.0,8.8,16.4
2025-02-10,Manipur,Imphal West,Imphal,24.82,93.94,782.0,0.0,0.0,0.2,3.8,23.9,8.0,16.5
2025-02-11,Manipur,Imphal West,Imphal,24.82,93.94,782.0,1.3,1.3,1.5,5.1,24.2,8.8,18.9
2025-02-12,Manipur,Imphal West,Imphal,24.82,93.94,782.0,1.0,2.3,2.5,6.1,23.7,12.4,16.5
2025-02-13,Manipur,Imphal West,Imphal,24.82,93.94,782.0,2.0,4.3,4.3,8.0,24.8,11.1,17.7
2025-02-14,Manipur,Imphal West,Imphal,24.82,93.94,782.0,2.7,5.7,7.0,9.1,23.3,11.5,19.7
2025-02-15,Manipur,Imphal West,Imphal,24.82,93.94,782.0,0.0,4.7,7.0,7.8,23.3,9.0,17.2
2025-02-16,Manipur,Imphal West,Imphal,24.82,93.94,782.0,0.0,2.7,7.0,7.8,22.5,8.6,20.8
2025-02-17,Manipur,Imphal West,Imphal,24.82,93.94,782.0,0.0,0.0,7.0,7.2,25.1,10.1,14.7
2025-02-18,Manipur,Imphal West,Imphal,24.82,93.94,782.0,0.0,0.0,5.7,7.2,24.1,11.4,16.7
2025-02-19,Manipur,Imphal West,Imphal,24.82,93.94,782.0,0.1,0.1,4.8,7.3,25.6,12.1,16.8
2025-02-20,Manipur,Imphal West,Imphal,24.82,93.94,782.0,0.0,0.1,2.8,7.1,26.0,9.8,10.7
2025-02-21,Manipur,Imphal West,Imphal,24.82,93.94,782.0,0.0,0.1,0.1,7.1,25.5,10.9,13.8
2025-02-22,Manipur,Imphal West,Imphal,24.82,93.94,782.0,0.0,0.0,0.1,7.1,26.1,11.8,13.5
2025-02-23,Manipur,Imphal West,Imphal,24.82,93.94,782.0,3.0,3.0,3.1,10.1,26.5,13.2,11.9
2025-02-24,Manipur,Imphal West,Imphal,24.82,93.94,782.0,0.0,3.0,3.1,10.1,26.0,10.6,15.6
2025-02-25,Manipur,Imphal West,Imphal,24.82,93.94,782.0,0.0,3.0,3.1,8.8,25.7,10.6,15.4
2025-02-26,Manipur,Imphal West,Imphal,24.82,93.94,782.0,0.0,0.0,3.0,7.8,26.4,9.8,8.8
2025-02-27,Manipur,Imphal West,Imphal,24.82,93.94,782.0,0.0,0.0,3.0,5.8,27.1,11.5,13.5
2025-02-28,Manipur,Imphal West,Imphal,24.82,93.94,782.0,0.0,0.0,3.0,3.1,26.6,11.4,16.6
2025-03-01,Manipur,Imphal West,Imphal,24.82,93.94,782.0,1.0,1.0,4.0,4.1,26.1,13.4,23.0
2025-03-02,Manipur,Imphal West,Imphal,24.82,93.94,782.0,0.9,1.9,1.9,5.0,22.8,13.4,19.3
2025-03-03,Manipur,Imphal West,Imphal,24.82,93.94,782.0,0.0,1.9,1.9,5.0,27.1,13.3,21.2
2025-03-04,Manipur,Imphal West,Imphal,24.82,93.94,782.0,0.0,0.9,1.9,5.0,26.3,12.1,18.4
2025-03-05,Manipur,Imphal West,Imphal,24.82,93.94,782.0,0.0,0.0,1.9,4.9,25.6,11.3,22.4
2025-03-06,Manipur,Imphal West,Imphal,24.82,93.94,782.0,0.0,0.0,1.9,4.9,26.3,11.8,12.0
2025-03-07,Manipur,Imphal West,Imphal,24.82,93.94,782.0,0.0,0.0,1.9,4.9,27.4,11.8,17.5
2025-03-08,Manipur,Imphal West,Imphal,24.82,93.94,782.0,0.0,0.0,0.9,4.9,25.4,10.9,18.3
2025-03-09,Manipur,Imphal West,Imphal,24.82,93.94,782.0,0.0,0.0,0.0,1.9,27.0,11.0,15.6
2025-03-10,Manipur,Imphal West,Imphal,24.82,93.94,782.0,0.0,0.0,0.0,1.9,28.9,10.8,8.7
2025-03-11,Manipur,Imphal West,Imphal,24.82,93.94,782.0,0.0,0.0,0.0,1.9,28.7,11.6,19.1
2025-03-12,Manipur,Imphal West,Imphal,24.82,93.94,782.0,3.1,3.1,3.1,5.0,25.4,14.4,17.0
2025-03-13,Manipur,Imphal West,Imphal,24.82,93.94,782.0,1.0,4.1,4.1,6.0,28.5,13.6,24.1
2025-03-14,Manipur,Imphal West,Imphal,24.82,93.94,782.0,13.7,17.8,17.8,19.7,26.1,15.1,13.9
2025-03-15,Manipur,Imphal West,Imphal,24.82,93.94,782.0,0.7,15.4,18.5,19.4,27.9,14.2,20.2
2025-03-16,Manipur,Imphal West,Imphal,24.82,93.94,782.0,0.6,15.0,19.1,19.1,28.2,15.7,20.9
2025-03-17,Manipur,Imphal West,Imphal,24.82,93.94,782.0,0.3,1.6,19.4,19.4,26.1,15.2,19.0
2025-03-18,Manipur,Imphal West,Imphal,24.82,93.94,782.0,0.5,1.4,19.9,19.9,26.7,15.3,17.7
2025-03-19,Manipur,Imphal West,Imphal,24.82,93.94,782.0,0.1,0.9,16.9,20.0,27.4,14.4,17.5
2025-03-20,Manipur,Imphal West,Imphal,24.82,93.94,782.0,0.2,0.8,16.1,20.2,26.7,13.5,18.3
2025-03-21,Manipur,Imphal West,Imphal,24.82,93.94,782.0,0.3,0.6,2.7,20.5,24.7,15.3,16.7
2025-03-22,Manipur,Imphal West,Imphal,24.82,93.94,782.0,0.1,0.6,2.1,20.6,25.0,14.5,14.0
2025-03-23,Manipur,Imphal West,Imphal,24.82,93.94,782.0,1.7,2.1,3.2,22.3,28.3,13.1,15.2
2025-03-24,Manipur,Imphal West,Imphal,24.82,93.94,782.0,0.1,1.9,3.0,22.4,28.3,12.0,8.9
2025-03-25,Manipur,Imphal West,Imphal,24.82,93.94,782.0,0.0,1.8,2.5,22.4,29.5,12.9,6.4
2025-03-26,Manipur,Imphal West,Imphal,24.82,93.94,782.0,0.0,0.1,2.4,19.3,30.3,13.2,13.2
2025-03-27,Manipur,Imphal West,Imphal,24.82,93.94,782.0,0.0,0.0,2.2,18.3,29.7,13.4,15.1
2025-03-28,Manipur,Imphal West,Imphal,24.82,93.94,782.0,0.0,0.0,1.9,4.6,30.0,15.2,16.6
2025-03-29,Manipur,Imphal West,Imphal,24.82,93.94,782.0,0.0,0.0,1.8,3.9,31.5,16.3,19.3
2025-03-30,Manipur,Imphal West,Imphal,24.82,93.94,782.0,0.0,0.0,0.1,3.3,31.3,17.1,16.7
2025-03-31,Manipur,Imphal West,Imphal,24.82,93.94,782.0,0.0,0.0,0.0,3.0,30.5,15.9,18.9
2025-04-01,Manipur,Imphal West,Imphal,24.82,93.94,782.0,1.8,1.8,1.8,4.3,29.1,17.2,19.5
2025-04-02,Manipur,Imphal West,Imphal,24.82,93.94,782.0,0.2,2.0,2.0,4.4,30.8,17.8,19.2
2025-04-03,Manipur,Imphal West,Imphal,24.82,93.94,782.0,0.2,2.2,2.2,4.4,30.2,17.5,16.9
2025-04-04,Manipur,Imphal West,Imphal,24.82,93.94,782.0,0.0,0.4,2.2,4.1,30.3,17.6,20.3
2025-04-05,Manipur,Imphal West,Imphal,24.82,93.94,782.0,3.3,3.5,5.5,7.3,29.0,18.0,13.4
2025-04-06,Manipur,Imphal West,Imphal,24.82,93.94,782.0,0.1,3.4,5.6,5.7,31.0,16.0,17.7
2025-04-07,Manipur,Imphal West,Imphal,24.82,93.94,782.0,0.0,3.4,5.6,5.6,32.6,16.2,13.1
2025-04-08,Manipur,Imphal West,Imphal,24.82,93.94,782.0,0.0,0.1,3.8,5.6,31.5,17.7,12.2
2025-04-09,Manipur,Imphal West,Imphal,24.82,93.94,782.0,0.0,0.0,3.6,5.6,31.4,16.8,16.3
2025-04-10,Manipur,Imphal West,Imphal,24.82,93.94,782.0,0.6,0.6,4.0,6.2,31.7,17.6,17.2
2025-04-11,Manipur,Imphal West,Imphal,24.82,93.94,782.0,0.0,0.6,4.0,6.2,29.9,18.2,15.7
2025-04-12,Manipur,Imphal West,Imphal,24.82,93.94,782.0,2.6,3.2,3.3,8.8,29.6,18.4,13.8
2025-04-13,Manipur,Imphal West,Imphal,24.82,93.94,782.0,0.0,2.6,3.2,8.8,31.5,18.0,16.5
2025-04-14,Manipur,Imphal West,Imphal,24.82,93.94,782.0,1.4,4.0,4.6,10.2,33.0,18.8,11.7
2025-04-15,Manipur,Imphal West,Imphal,24.82,93.94,782.0,2.3,3.7,6.9,10.7,31.8,19.5,11.6
2025-04-16,Manipur,Imphal West,Imphal,24.82,93.94,782.0,0.1,3.8,7.0,10.6,29.3,19.1,15.1
2025-04-17,Manipur,Imphal West,Imphal,24.82,93.94,782.0,0.0,2.4,6.4,10.4,29.2,17.3,18.7
2025-04-18,Manipur,Imphal West,Imphal,24.82,93.94,782.0,0.7,0.8,7.1,11.1,28.5,17.4,15.5
2025-04-19,Manipur,Imphal West,Imphal,24.82,93.94,782.0,1.8,2.5,6.3,9.6,29.7,18.8,13.5
2025-04-20,Manipur,Imphal West,Imphal,24.82,93.94,782.0,0.6,3.1,6.9,10.1,29.6,18.5,17.7
2025-04-21,Manipur,Imphal West,Imphal,24.82,93.94,782.0,1.4,3.8,6.9,11.5,29.4,17.9,16.9
2025-04-22,Manipur,Imphal West,Imphal,24.82,93.94,782.0,1.4,3.4,6.0,12.9,29.1,19.1,16.1
2025-04-23,Manipur,Imphal West,Imphal,24.82,93.94,782.0,0.8,3.6,6.7,13.7,31.2,20.3,21.8
2025-04-24,Manipur,Imphal West,Imphal,24.82,93.94,782.0,0.7,2.9,7.4,13.8,30.7,18.7,21.3
2025-04-25,Manipur,Imphal West,Imphal,24.82,93.94,782.0,0.3,1.8,7.0,14.1,31.8,20.8,20.8
2025-04-26,Manipur,Imphal West,Imphal,24.82,93.94,782.0,0.1,1.1,5.3,11.6,31.8,19.5,21.3
2025-04-27,Manipur,Imphal West,Imphal,24.82,93.94,782.0,0.0,0.4,4.7,11.6,33.2,18.5,16.7
2025-04-28,Manipur,Imphal West,Imphal,24.82,93.94,782.0,0.5,0.6,3.8,10.7,30.1,19.0,16.6
2025-04-29,Manipur,Imphal West,Imphal,24.82,93.94,782.0,0.0,0.5,2.4,8.4,28.2,17.1,17.8
2025-04-30,Manipur,Imphal West,Imphal,24.82,93.94,782.0,0.0,0.5,1.6,8.3,29.5,16.3,14.7
2025-05-01,Manipur,Imphal West,Imphal,24.82,93.94,782.0,6.3,6.3,7.2,14.6,26.2,19.3,12.7
2025-05-02,Manipur,Imphal West,Imphal,24.82,93.94,782.0,4.6,10.9,11.5,18.5,26.6,18.1,11.1
2025-05-03,Manipur,Imphal West,Imphal,24.82,93.94,782.0,1.3,12.2,12.7,18.0,27.0,17.0,12.8
2025-05-04,Manipur,Imphal West,Imphal,24.82,93.94,782.0,0.0,5.9,12.7,17.4,29.5,16.6,12.5
2025-05-05,Manipur,Imphal West,Imphal,24.82,93.94,782.0,0.2,1.5,12.4,16.2,29.7,18.0,12.9
2025-05-06,Manipur,Imphal West,Imphal,24.82,93.94,782.0,0.2,0.4,12.6,15.0,30.7,18.2,16.4
2025-05-07,Manipur,Imphal West,Imphal,24.82,93.94,782.0,0.7,1.1,13.3,14.9,30.2,18.3,19.2
2025-05-08,Manipur,Imphal West,Imphal,24.82,93.94,782.0,1.2,2.1,8.2,15.4,30.4,18.5,16.6
2025-05-09,Manipur,Imphal West,Imphal,24.82,93.94,782.0,0.9,2.8,4.5,16.0,31.5,18.9,16.4
2025-05-10,Manipur,Imphal West,Imphal,24.82,93.94,782.0,1.3,3.4,4.5,17.2,31.8,19.9,17.1
2025-05-11,Manipur,Imphal West,Imphal,24.82,93.94,782.0,0.0,2.2,4.5,17.2,33.7,20.3,17.0
2025-05-12,Manipur,Imphal West,Imphal,24.82,93.94,782.0,0.8,2.1,5.1,17.5,29.6,20.1,14.6
2025-05-13,Manipur,Imphal West,Imphal,24.82,93.94,782.0,2.0,2.8,6.9,19.5,30.5,19.0,14.1
2025-05-14,Manipur,Imphal West,Imphal,24.82,93.94,782.0,3.5,6.3,9.7,23.0,30.9,20.3,12.9
2025-05-15,Manipur,Imphal West,Imphal,24.82,93.94,782.0,0.7,6.2,9.2,17.4,32.6,20.3,13.8
2025-05-16,Manipur,Imphal West,Imphal,24.82,93.94,782.0,1.5,5.7,9.8,14.3,32.3,20.3,12.1
2025-05-17,Manipur,Imphal West,Imphal,24.82,93.94,782.0,4.9,7.1,13.4,17.9,31.2,20.4,12.2
2025-05-18,Manipur,Imphal West,Imphal,24.82,93.94,782.0,3.1,9.5,16.5,21.0,30.1,19.6,12.6
2025-05-19,Manipur,Imphal West,Imphal,24.82,93.94,782.0,0.0,8.0,15.7,20.8,30.9,18.6,14.4
2025-05-20,Manipur,Imphal West,Imphal,24.82,93.94,782.0,3.9,7.0,17.6,24.5,29.8,19.8,13.3
2025-05-21,Manipur,Imphal West,Imphal,24.82,93.94,782.0,0.4,4.3,14.5,24.2,29.8,20.9,13.2
2025-05-22,Manipur,Imphal West,Imphal,24.82,93.94,782.0,1.1,5.4,14.9,24.1,29.3,20.5,12.3
2025-05-23,Manipur,Imphal West,Imphal,24.82,93.94,782.0,1.5,3.0,14.9,24.7,31.3,21.1,10.2
2025-05-24,Manipur,Imphal West,Imphal,24.82,93.94,782.0,11.4,14.0,21.4,34.8,29.4,21.0,13.4
2025-05-25,Manipur,Imphal West,Imphal,24.82,93.94,782.0,8.5,21.4,26.8,43.3,28.9,21.3,10.2
2025-05-26,Manipur,Imphal West,Imphal,24.82,93.94,782.0,16.3,36.2,43.1,58.8,26.6,21.8,10.5
2025-05-27,Manipur,Imphal West,Imphal,24.82,93.94,782.0,1.8,26.6,41.0,58.6,28.8,21.1,13.8
2025-05-28,Manipur,Imphal West,Imphal,24.82,93.94,782.0,24.0,42.1,64.6,79.1,27.1,21.8,15.5
2025-05-29,Manipur,Imphal West,Imphal,24.82,93.94,782.0,54.4,80.2,117.9,132.8,25.3,21.6,10.9
2025-05-30,Manipur,Imphal West,Imphal,24.82,93.94,782.0,79.9,158.3,196.3,211.2,24.3,21.6,9.6
2025-05-31,Manipur,Imphal West,Imphal,24.82,93.94,782.0,17.7,152.0,202.6,224.0,27.9,21.3,16.1
2025-06-01,Manipur,Imphal West,Imphal,24.82,93.94,782.0,14.0,111.6,208.1,234.9,25.8,21.2,9.6
2025-06-02,Manipur,Imphal West,Imphal,24.82,93.94,782.0,9.7,41.4,201.5,244.6,27.8,21.0,13.6
2025-06-03,Manipur,Imphal West,Imphal,24.82,93.94,782.0,0.6,24.3,200.3,241.3,27.9,20.1,13.0
2025-06-04,Manipur,Imphal West,Imphal,24.82,93.94,782.0,10.4,20.7,186.7,251.3,29.6,19.0,15.2
2025-06-05,Manipur,Imphal West,Imphal,24.82,93.94,782.0,4.9,15.9,137.2,255.1,29.2,20.0,10.3
2025-06-06,Manipur,Imphal West,Imphal,24.82,93.94,782.0,5.9,21.2,63.2,259.5,28.5,20.4,13.0
2025-06-07,Manipur,Imphal West,Imphal,24.82,93.94,782.0,0.6,11.4,46.1,248.7,29.9,20.1,12.0
2025-06-08,Manipur,Imphal West,Imphal,24.82,93.94,782.0,0.1,6.6,32.2,240.3,31.1,20.8,8.8
2025-06-09,Manipur,Imphal West,Imphal,24.82,93.94,782.0,2.7,3.4,25.2,226.7,29.5,20.7,7.6
2025-06-10,Manipur,Imphal West,Imphal,24.82,93.94,782.0,0.7,3.5,25.3,225.6,31.2,21.3,11.3
2025-06-11,Manipur,Imphal West,Imphal,24.82,93.94,782.0,0.2,3.6,15.1,201.8,31.8,20.9,13.1
2025-06-12,Manipur,Imphal West,Imphal,24.82,93.94,782.0,0.0,0.9,10.2,147.4,33.2,20.7,11.2
2025-06-13,Manipur,Imphal West,Imphal,24.82,93.94,782.0,0.0,0.2,4.3,67.5,34.1,21.7,10.4
2025-06-14,Manipur,Imphal West,Imphal,24.82,93.94,782.0,1.9,1.9,5.6,51.7,33.9,22.8,14.6
2025-06-15,Manipur,Imphal West,Imphal,24.82,93.94,782.0,7.3,9.2,12.8,45.0,32.5,23.1,11.2
2025-06-16,Manipur,Imphal West,Imphal,24.82,93.94,782.0,7.1,16.3,17.2,42.4,28.2,22.6,7.6
2025-06-17,Manipur,Imphal West,Imphal,24.82,93.94,782.0,35.8,50.2,52.3,77.6,29.5,22.2,14.1
2025-06-18,Manipur,Imphal West,Imphal,24.82,93.94,782.0,23.9,66.8,76.0,91.1,30.4,22.4,19.2
2025-06-19,Manipur,Imphal West,Imphal,24.82,93.94,782.0,22.8,82.5,98.8,109.0,29.4,22.3,12.7
2025-06-20,Manipur,Imphal West,Imphal,24.82,93.94,782.0,4.4,51.1,103.2,107.5,28.9,22.4,11.0
2025-06-21,Manipur,Imphal West,Imphal,24.82,93.94,782.0,13.5,40.7,114.8,120.4,26.9,22.0,9.7
2025-06-22,Manipur,Imphal West,Imphal,24.82,93.94,782.0,13.2,31.1,120.7,133.5,27.1,21.8,8.8
2025-06-23,Manipur,Imphal West,Imphal,24.82,93.94,782.0,16.7,43.4,130.3,147.5,24.4,21.6,6.9
2025-06-24,Manipur,Imphal West,Imphal,24.82,93.94,782.0,16.4,46.3,110.9,163.2,28.5,21.2,8.3
2025-06-25,Manipur,Imphal West,Imphal,24.82,93.94,782.0,13.3,46.4,100.3,176.3,26.3,21.7,6.9
2025-06-26,Manipur,Imphal West,Imphal,24.82,93.94,782.0,6.6,36.3,84.1,182.9,28.4,21.7,9.9
2025-06-27,Manipur,Imphal West,Imphal,24.82,93.94,782.0,4.9,24.8,84.6,187.8,29.7,20.9,13.3
2025-06-28,Manipur,Imphal West,Imphal,24.82,93.94,782.0,1.9,13.4,73.0,187.8,29.5,21.1,9.3
2025-06-29,Manipur,Imphal West,Imphal,24.82,93.94,782.0,7.0,13.8,66.8,187.5,29.5,21.7,8.6
2025-06-30,Manipur,Imphal West,Imphal,24.82,93.94,782.0,6.4,15.3,56.5,186.8,29.9,21.8,7.8
2025-07-01,Manipur,Imphal West,Imphal,24.82,93.94,782.0,3.5,16.9,43.6,154.5,29.4,22.5,7.8
2025-07-02,Manipur,Imphal West,Imphal,24.82,93.94,782.0,32.0,41.9,62.3,162.6,28.3,22.3,11.5
2025-07-03,Manipur,Imphal West,Imphal,24.82,93.94,782.0,22.7,58.2,78.4,162.5,29.2,21.5,9.0
2025-07-04,Manipur,Imphal West,Imphal,24.82,93.94,782.0,15.9,70.6,89.4,174.0,29.3,21.8,16.2
2025-07-05,Manipur,Imphal West,Imphal,24.82,93.94,782.0,29.1,67.7,116.6,189.6,28.3,21.7,8.8
2025-07-06,Manipur,Imphal West,Imphal,24.82,93.94,782.0,19.4,64.4,129.0,195.8,25.0,22.0,6.0
2025-07-07,Manipur,Imphal West,Imphal,24.82,93.94,782.0,19.5,68.0,142.1,198.6,27.7,21.6,11.2
2025-07-08,Manipur,Imphal West,Imphal,24.82,93.94,782.0,8.9,47.8,147.5,191.1,24.8,21.8,5.9
2025-07-09,Manipur,Imphal West,Imphal,24.82,93.94,782.0,34.3,62.7,149.8,212.1,25.0,21.4,4.6
2025-07-10,Manipur,Imphal West,Imphal,24.82,93.94,782.0,1.4,44.6,128.5,206.9,29.6,21.4,13.0
2025-07-11,Manipur,Imphal West,Imphal,24.82,93.94,782.0,0.1,35.8,112.7,202.1,30.5,20.8,9.9
2025-07-12,Manipur,Imphal West,Imphal,24.82,93.94,782.0,4.2,5.7,87.8,204.4,29.3,21.3,6.2
2025-07-13,Manipur,Imphal West,Imphal,24.82,93.94,782.0,1.1,5.4,69.5,198.5,29.3,21.9,13.1
2025-07-14,Manipur,Imphal West,Imphal,24.82,93.94,782.0,7.0,12.3,57.0,199.1,28.3,22.3,10.4
2025-07-15,Manipur,Imphal West,Imphal,24.82,93.94,782.0,1.3,9.4,49.4,196.9,29.4,22.2,9.9
2025-07-16,Manipur,Imphal West,Imphal,24.82,93.94,782.0,0.7,9.0,15.8,165.6,28.2,21.8,12.1
2025-07-17,Manipur,Imphal West,Imphal,24.82,93.94,782.0,3.3,5.3,17.7,146.2,29.3,21.9,11.8
2025-07-18,Manipur,Imphal West,Imphal,24.82,93.94,782.0,4.2,8.2,21.8,134.5,29.1,21.5,10.0
2025-07-19,Manipur,Imphal West,Imphal,24.82,93.94,782.0,2.4,9.9,20.0,107.8,30.1,22.3,8.5
2025-07-20,Manipur,Imphal West,Imphal,24.82,93.94,782.0,3.5,10.1,22.4,91.9,28.6,21.8,9.1
2025-07-21,Manipur,Imphal West,Imphal,24.82,93.94,782.0,0.2,6.1,15.6,72.6,29.9,21.4,8.0
2025-07-22,Manipur,Imphal West,Imphal,24.82,93.94,782.0,1.5,5.2,15.8,65.2,31.7,22.3,9.7
2025-07-23,Manipur,Imphal West,Imphal,24.82,93.94,782.0,0.2,1.9,15.3,31.1,31.4,22.5,7.9
2025-07-24,Manipur,Imphal West,Imphal,24.82,93.94,782.0,17.4,19.1,29.4,47.1,29.2,22.8,12.8
2025-07-25,Manipur,Imphal West,Imphal,24.82,93.94,782.0,8.6,26.2,33.8,55.6,28.5,23.0,15.9
2025-07-26,Manipur,Imphal West,Imphal,24.82,93.94,782.0,29.6,55.6,61.0,81.0,29.0,22.2,8.6
2025-07-27,Manipur,Imphal West,Imphal,24.82,93.94,782.0,27.2,65.4,84.7,107.1,26.4,22.3,8.7
2025-07-28,Manipur,Imphal West,Imphal,24.82,93.94,782.0,19.8,76.6,104.3,119.9,27.8,21.9,8.7
2025-07-29,Manipur,Imphal West,Imphal,24.82,93.94,782.0,15.2,62.2,118.0,133.8,28.6,21.1,10.2
2025-07-30,Manipur,Imphal West,Imphal,24.82,93.94,782.0,5.4,40.4,123.2,138.5,29.5,21.8,10.0
2025-07-31,Manipur,Imphal West,Imphal,24.82,93.94,782.0,1.1,21.7,106.9,136.3,29.9,21.7,16.3
2025-08-01,Manipur,Imphal West,Imphal,24.82,93.94,782.0,0.4,6.9,98.7,132.5,29.2,21.5,13.1
2025-08-02,Manipur,Imphal West,Imphal,24.82,93.94,782.0,1.0,2.5,70.1,131.1,27.9,22.5,12.9
2025-08-03,Manipur,Imphal West,Imphal,24.82,93.94,782.0,1.4,2.8,44.3,129.0,27.2,21.8,14.0
2025-08-04,Manipur,Imphal West,Imphal,24.82,93.94,782.0,1.2,3.6,25.7,130.0,26.9,21.6,10.7
2025-08-05,Manipur,Imphal West,Imphal,24.82,93.94,782.0,1.3,3.9,11.8,129.8,27.6,22.2,15.2
2025-08-06,Manipur,Imphal West,Imphal,24.82,93.94,782.0,0.0,2.5,6.4,129.6,28.5,22.0,14.8
2025-08-07,Manipur,Imphal West,Imphal,24.82,93.94,782.0,10.6,11.9,15.9,122.8,26.8,22.4,8.3
2025-08-08,Manipur,Imphal West,Imphal,24.82,93.94,782.0,12.8,23.4,28.3,127.0,26.5,22.1,10.7
2025-08-09,Manipur,Imphal West,Imphal,24.82,93.94,782.0,0.0,23.4,27.3,97.4,27.7,20.8,17.0
2025-08-10,Manipur,Imphal West,Imphal,24.82,93.94,782.0,0.0,12.8,25.9,70.2,27.5,21.3,14.8
2025-08-11,Manipur,Imphal West,Imphal,24.82,93.94,782.0,0.2,0.2,24.9,50.6,28.7,21.4,14.6
2025-08-12,Manipur,Imphal West,Imphal,24.82,93.94,782.0,10.5,10.7,34.1,45.9,26.1,21.7,7.2
2025-08-13,Manipur,Imphal West,Imphal,24.82,93.94,782.0,14.9,25.6,49.0,55.4,27.1,21.5,6.1
2025-08-14,Manipur,Imphal West,Imphal,24.82,93.94,782.0,5.3,30.7,43.7,59.6,27.8,21.5,10.2
2025-08-15,Manipur,Imphal West,Imphal,24.82,93.94,782.0,2.1,22.3,33.0,61.3,29.0,21.4,7.9
2025-08-16,Manipur,Imphal West,Imphal,24.82,93.94,782.0,0.5,7.9,33.5,60.8,30.7,21.1,7.2
2025-08-17,Manipur,Imphal West,Imphal,24.82,93.94,782.0,1.2,3.8,34.7,60.6,28.7,21.7,10.0
2025-08-18,Manipur,Imphal West,Imphal,24.82,93.94,782.0,1.9,3.6,36.4,61.3,28.5,21.4,9.3
2025-08-19,Manipur,Imphal West,Imphal,24.82,93.94,782.0,4.6,7.7,30.5,64.6,29.3,20.6,9.9
2025-08-20,Manipur,Imphal West,Imphal,24.82,93.94,782.0,3.2,9.7,18.8,67.8,28.3,20.9,10.9
2025-08-21,Manipur,Imphal West,Imphal,24.82,93.94,782.0,18.9,26.7,32.4,76.1,28.2,21.4,14.6
2025-08-22,Manipur,Imphal West,Imphal,24.82,93.94,782.0,11.9,34.0,42.2,75.2,27.7,20.8,9.9
2025-08-23,Manipur,Imphal West,Imphal,24.82,93.94,782.0,1.0,31.8,42.7,76.2,26.9,21.3,6.7
2025-08-24,Manipur,Imphal West,Imphal,24.82,93.94,782.0,5.2,18.1,46.7,81.4,26.9,21.4,6.5
2025-08-25,Manipur,Imphal West,Imphal,24.82,93.94,782.0,0.9,7.1,45.7,82.1,29.5,21.0,7.8
2025-08-26,Manipur,Imphal West,Imphal,24.82,93.94,782.0,1.4,7.5,42.5,73.0,30.3,20.7,6.4
2025-08-27,Manipur,Imphal West,Imphal,24.82,93.94,782.0,0.5,2.8,39.8,58.6,29.5,21.2,7.7
2025-08-28,Manipur,Imphal West,Imphal,24.82,93.94,782.0,22.8,24.7,43.7,76.1,26.8,21.1,8.8
2025-08-29,Manipur,Imphal West,Imphal,24.82,93.94,782.0,19.6,42.9,51.4,93.6,26.6,21.7,7.6
2025-08-30,Manipur,Imphal West,Imphal,24.82,93.94,782.0,10.9,53.3,61.3,104.0,28.8,21.0,7.0
2025-08-31,Manipur,Imphal West,Imphal,24.82,93.94,782.0,1.8,32.3,57.9,104.6,29.3,20.4,8.4
2025-09-01,Manipur,Imphal West,Imphal,24.82,93.94,782.0,0.2,12.9,57.2,102.9,30.8,21.0,13.6
2025-09-02,Manipur,Imphal West,Imphal,24.82,93.94,782.0,1.3,3.3,57.1,99.6,29.2,21.3,11.7
2025-09-03,Manipur,Imphal West,Imphal,24.82,93.94,782.0,0.5,2.0,57.1,96.9,30.1,21.3,11.0
2025-09-04,Manipur,Imphal West,Imphal,24.82,93.94,782.0,17.7,19.5,52.0,95.7,30.0,21.1,10.7
2025-09-05,Manipur,Imphal West,Imphal,24.82,93.94,782.0,4.0,22.2,36.4,87.8,29.2,21.0,8.4
2025-09-06,Manipur,Imphal West,Imphal,24.82,93.94,782.0,3.4,25.1,28.9,90.2,30.5,21.5,8.0
2025-09-07,Manipur,Imphal West,Imphal,24.82,93.94,782.0,3.8,11.2,30.9,88.8,29.4,21.8,7.6
2025-09-08,Manipur,Imphal West,Imphal,24.82,93.94,782.0,4.2,11.4,34.9,92.1,29.9,21.7,7.8
2025-09-09,Manipur,Imphal West,Imphal,24.82,93.94,782.0,2.4,10.4,36.0,93.1,30.6,21.9,8.4
2025-09-10,Manipur,Imphal West,Imphal,24.82,93.94,782.0,1.0,7.6,36.5,93.6,29.9,22.2,9.2
2025-09-11,Manipur,Imphal West,Imphal,24.82,93.94,782.0,2.8,6.2,21.6,73.6,30.8,21.9,9.8
2025-09-12,Manipur,Imphal West,Imphal,24.82,93.94,782.0,2.8,6.6,20.4,56.8,30.6,21.5,10.7
2025-09-13,Manipur,Imphal West,Imphal,24.82,93.94,782.0,8.2,13.8,25.2,54.1,28.0,22.0,10.7
2025-09-14,Manipur,Imphal West,Imphal,24.82,93.94,782.0,8.5,19.5,29.9,60.8,25.4,21.8,8.7
2025-09-15,Manipur,Imphal West,Imphal,24.82,93.94,782.0,22.2,38.9,47.9,82.8,26.6,21.2,9.1
2025-09-16,Manipur,Imphal West,Imphal,24.82,93.94,782.0,24.9,55.6,70.4,106.4,25.3,21.1,6.3
2025-09-17,Manipur,Imphal West,Imphal,24.82,93.94,782.0,2.1,49.2,71.5,108.0,28.3,21.1,8.8
2025-09-18,Manipur,Imphal West,Imphal,24.82,93.94,782.0,3.8,30.8,72.5,94.1,27.2,20.8,7.5
2025-09-19,Manipur,Imphal West,Imphal,24.82,93.94,782.0,3.4,9.3,73.1,93.5,29.3,20.0,8.6
2025-09-20,Manipur,Imphal West,Imphal,24.82,93.94,782.0,2.6,9.8,67.5,92.7,29.2,21.2,6.0
2025-09-21,Manipur,Imphal West,Imphal,24.82,93.94,782.0,0.1,6.1,59.1,89.0,30.4,21.3,7.8
2025-09-22,Manipur,Imphal West,Imphal,24.82,93.94,782.0,0.4,3.1,37.3,85.2,30.4,21.3,9.1
2025-09-23,Manipur,Imphal West,Imphal,24.82,93.94,782.0,1.9,2.4,14.3,84.7,31.7,20.8,6.7
2025-09-24,Manipur,Imphal West,Imphal,24.82,93.94,782.0,0.3,2.6,12.5,84.0,31.2,21.0,10.8
2025-09-25,Manipur,Imphal West,Imphal,24.82,93.94,782.0,0.0,2.2,8.7,81.2,32.8,20.9,14.5
2025-09-26,Manipur,Imphal West,Imphal,24.82,93.94,782.0,0.0,0.3,5.3,78.4,32.9,21.2,14.9
2025-09-27,Manipur,Imphal West,Imphal,24.82,93.94,782.0,0.6,0.6,3.3,70.8,29.6,21.8,9.7
2025-09-28,Manipur,Imphal West,Imphal,24.82,93.94,782.0,0.0,0.6,3.2,62.3,31.1,20.6,8.2
2025-09-29,Manipur,Imphal West,Imphal,24.82,93.94,782.0,0.0,0.6,2.8,40.1,32.9,21.3,8.2
2025-09-30,Manipur,Imphal West,Imphal,24.82,93.94,782.0,0.2,0.2,1.1,15.4,33.2,21.2,9.9
2025-10-01,Manipur,Imphal West,Imphal,24.82,93.94,782.0,18.7,18.9,19.5,32.0,27.4,21.2,9.9
2025-10-02,Manipur,Imphal West,Imphal,24.82,93.94,782.0,5.3,24.2,24.8,33.5,28.3,21.0,12.1
2025-10-03,Manipur,Imphal West,Imphal,24.82,93.94,782.0,0.6,24.6,25.4,30.7,28.5,21.4,14.7
2025-10-04,Manipur,Imphal West,Imphal,24.82,93.94,782.0,1.0,6.9,25.8,29.1,28.6,21.0,11.4
2025-10-05,Manipur,Imphal West,Imphal,24.82,93.94,782.0,0.0,1.6,25.8,29.0,29.7,20.9,13.9
2025-10-06,Manipur,Imphal West,Imphal,24.82,93.94,782.0,0.2,1.2,26.0,28.8,30.0,19.9,14.3
2025-10-07,Manipur,Imphal West,Imphal,24.82,93.94,782.0,5.1,5.3,30.9,32.0,30.5,20.7,9.8
2025-10-08,Manipur,Imphal West,Imphal,24.82,93.94,782.0,9.6,14.9,21.8,41.3,29.7,21.3,9.2
2025-10-09,Manipur,Imphal West,Imphal,24.82,93.94,782.0,2.0,16.7,18.5,43.3,27.6,20.1,12.9
2025-10-10,Manipur,Imphal West,Imphal,24.82,93.94,782.0,1.5,13.1,19.4,44.8,29.6,20.0,9.0
2025-10-11,Manipur,Imphal West,Imphal,24.82,93.94,782.0,2.3,5.8,20.7,46.5,27.4,20.4,9.6
2025-10-12,Manipur,Imphal West,Imphal,24.82,93.94,782.0,8.4,12.2,29.1,54.9,26.5,20.0,6.3
2025-10-13,Manipur,Imphal West,Imphal,24.82,93.94,782.0,2.1,12.8,31.0,57.0,27.7,19.2,7.7
2025-10-14,Manipur,Imphal West,Imphal,24.82,93.94,782.0,0.7,11.2,26.6,57.5,28.7,18.9,9.1
2025-10-15,Manipur,Imphal West,Imphal,24.82,93.94,782.0,0.2,3.0,17.2,39.0,30.0,18.9,11.6
2025-10-16,Manipur,Imphal West,Imphal,24.82,93.94,782.0,1.5,2.4,16.7,35.2,28.9,19.2,7.9
2025-10-17,Manipur,Imphal West,Imphal,24.82,93.94,782.0,0.8,2.5,16.0,35.4,28.5,18.5,9.0
2025-10-18,Manipur,Imphal West,Imphal,24.82,93.94,782.0,0.5,2.8,14.2,34.9,28.8,19.2,8.0
2025-10-19,Manipur,Imphal West,Imphal,24.82,93.94,782.0,1.3,2.6,7.1,36.2,30.1,18.4,8.1
2025-10-20,Manipur,Imphal West,Imphal,24.82,93.94,782.0,0.3,2.1,5.3,36.3,30.1,18.2,8.6
2025-10-21,Manipur,Imphal West,Imphal,24.82,93.94,782.0,0.0,1.6,4.6,31.2,30.4,17.8,10.4
2025-10-22,Manipur,Imphal West,Imphal,24.82,93.94,782.0,0.0,0.3,4.4,21.6,30.7,18.3,8.9
2025-10-23,Manipur,Imphal West,Imphal,24.82,93.94,782.0,0.0,0.0,2.9,19.6,30.1,18.3,11.0
2025-10-24,Manipur,Imphal West,Imphal,24.82,93.94,782.0,0.2,0.2,2.3,18.3,29.3,18.8,8.5
2025-10-25,Manipur,Imphal West,Imphal,24.82,93.94,782.0,0.0,0.2,1.8,16.0,29.1,18.3,11.5
2025-10-26,Manipur,Imphal West,Imphal,24.82,93.94,782.0,0.0,0.2,0.5,7.6,29.5,18.7,9.7
2025-10-27,Manipur,Imphal West,Imphal,24.82,93.94,782.0,0.4,0.4,0.6,5.9,29.8,18.3,8.9
2025-10-28,Manipur,Imphal West,Imphal,24.82,93.94,782.0,0.4,0.8,1.0,5.6,29.5,19.1,9.5
2025-10-29,Manipur,Imphal West,Imphal,24.82,93.94,782.0,0.4,1.2,1.4,5.8,30.6,19.2,12.8
2025-10-30,Manipur,Imphal West,Imphal,24.82,93.94,782.0,0.1,0.9,1.5,4.4,30.8,20.2,12.1
2025-10-31,Manipur,Imphal West,Imphal,24.82,93.94,782.0,0.0,0.5,1.3,3.6,30.5,19.7,10.4
2025-11-01,Manipur,Imphal West,Imphal,24.82,93.94,782.0,2.1,2.2,3.4,5.2,27.4,19.8,9.2
2025-11-02,Manipur,Imphal West,Imphal,24.82,93.94,782.0,0.1,2.2,3.5,4.0,29.1,20.6,11.7
2025-11-03,Manipur,Imphal West,Imphal,24.82,93.94,782.0,2.7,4.9,5.8,6.4,27.9,19.6,13.6
2025-11-04,Manipur,Imphal West,Imphal,24.82,93.94,782.0,9.9,12.7,15.3,16.3,27.4,18.7,10.2
2025-11-05,Manipur,Imphal West,Imphal,24.82,93.94,782.0,9.6,22.2,24.5,25.9,24.8,19.8,9.6
2025-11-06,Manipur,Imphal West,Imphal,24.82,93.94,782.0,4.7,24.2,29.1,30.6,25.1,18.8,10.4
2025-11-07,Manipur,Imphal West,Imphal,24.82,93.94,782.0,0.2,14.5,29.3,30.6,27.2,17.9,7.4
2025-11-08,Manipur,Imphal West,Imphal,24.82,93.94,782.0,0.0,4.9,27.2,30.6,27.4,16.1,8.5
2025-11-09,Manipur,Imphal West,Imphal,24.82,93.94,782.0,0.0,0.2,27.1,30.6,27.9,15.3,11.2
2025-11-10,Manipur,Imphal West,Imphal,24.82,93.94,782.0,0.0,0.0,24.4,30.2,26.9,14.4,12.6
2025-11-11,Manipur,Imphal West,Imphal,24.82,93.94,782.0,0.0,0.0,14.5,29.8,25.8,14.0,10.5
2025-11-12,Manipur,Imphal West,Imphal,24.82,93.94,782.0,0.0,0.0,4.9,29.4,25.7,12.7,8.2
2025-11-13,Manipur,Imphal West,Imphal,24.82,93.94,782.0,0.0,0.0,0.2,29.3,25.7,13.2,10.5
2025-11-14,Manipur,Imphal West,Imphal,24.82,93.94,782.0,0.0,0.0,0.0,29.3,24.9,13.2,8.7
2025-11-15,Manipur,Imphal West,Imphal,24.82,93.94,782.0,0.0,0.0,0.0,27.2,25.6,12.3,9.4
2025-11-16,Manipur,Imphal West,Imphal,24.82,93.94,782.0,0.0,0.0,0.0,27.1,25.7,11.8,8.0
2025-11-17,Manipur,Imphal West,Imphal,24.82,93.94,782.0,0.0,0.0,0.0,24.4,26.1,11.3,10.2
2025-11-18,Manipur,Imphal West,Imphal,24.82,93.94,782.0,0.0,0.0,0.0,14.5,26.0,11.9,10.5
2025-11-19,Manipur,Imphal West,Imphal,24.82,93.94,782.0,0.0,0.0,0.0,4.9,25.8,13.0,9.8
2025-11-20,Manipur,Imphal West,Imphal,24.82,93.94,782.0,0.0,0.0,0.0,0.2,26.0,14.9,9.8
2025-11-21,Manipur,Imphal West,Imphal,24.82,93.94,782.0,0.1,0.1,0.1,0.1,24.8,14.3,9.0
2025-11-22,Manipur,Imphal West,Imphal,24.82,93.94,782.0,0.1,0.2,0.2,0.2,24.1,13.2,10.8
2025-11-23,Manipur,Imphal West,Imphal,24.82,93.94,782.0,0.0,0.2,0.2,0.2,23.8,12.1,9.9
2025-11-24,Manipur,Imphal West,Imphal,24.82,93.94,782.0,0.0,0.1,0.2,0.2,24.5,10.4,11.3
2025-11-25,Manipur,Imphal West,Imphal,24.82,93.94,782.0,0.0,0.0,0.2,0.2,24.1,10.6,10.1
2025-11-26,Manipur,Imphal West,Imphal,24.82,93.94,782.0,0.0,0.0,0.2,0.2,24.0,9.8,9.2
2025-11-27,Manipur,Imphal West,Imphal,24.82,93.94,782.0,0.0,0.0,0.2,0.2,24.7,10.8,15.0
2025-11-28,Manipur,Imphal West,Imphal,24.82,93.94,782.0,0.0,0.0,0.1,0.2,24.3,10.5,10.2
2025-11-29,Manipur,Imphal West,Imphal,24.82,93.94,782.0,0.0,0.0,0.0,0.2,23.1,9.7,9.7
2025-11-30,Manipur,Imphal West,Imphal,24.82,93.94,782.0,0.0,0.0,0.0,0.2,22.4,9.7,8.8
2025-12-01,Manipur,Imphal West,Imphal,24.82,93.94,782.0,0.0,0.0,0.0,0.2,21.8,10.1,8.2
2025-12-02,Manipur,Imphal West,Imphal,24.82,93.94,782.0,0.0,0.0,0.0,0.2,22.6,10.9,8.8
2025-12-03,Manipur,Imphal West,Imphal,24.82,93.94,782.0,0.0,0.0,0.0,0.2,22.8,10.2,8.0
2025-12-04,Manipur,Imphal West,Imphal,24.82,93.94,782.0,0.0,0.0,0.0,0.2,23.5,10.3,6.4
2025-12-05,Manipur,Imphal West,Imphal,24.82,93.94,782.0,0.0,0.0,0.0,0.1,23.0,9.5,6.9
2025-12-06,Manipur,Imphal West,Imphal,24.82,93.94,782.0,0.0,0.0,0.0,0.0,22.2,8.2,7.6
2025-12-07,Manipur,Imphal West,Imphal,24.82,93.94,782.0,0.0,0.0,0.0,0.0,22.2,8.3,7.7
2025-12-08,Manipur,Imphal West,Imphal,24.82,93.94,782.0,0.0,0.0,0.0,0.0,22.6,8.8,9.4
2025-12-09,Manipur,Imphal West,Imphal,24.82,93.94,782.0,0.0,0.0,0.0,0.0,22.0,9.0,6.4
2025-12-10,Manipur,Imphal West,Imphal,24.82,93.94,782.0,0.0,0.0,0.0,0.0,22.1,8.1,5.8
2025-12-11,Manipur,Imphal West,Imphal,24.82,93.94,782.0,0.0,0.0,0.0,0.0,21.9,7.8,7.1
2025-12-12,Manipur,Imphal West,Imphal,24.82,93.94,782.0,0.0,0.0,0.0,0.0,21.7,7.5,7.2
2025-12-13,Manipur,Imphal West,Imphal,24.82,93.94,782.0,0.0,0.0,0.0,0.0,22.1,7.5,6.7
2025-12-14,Manipur,Imphal West,Imphal,24.82,93.94,782.0,0.0,0.0,0.0,0.0,22.1,7.5,8.5
2025-12-15,Manipur,Imphal West,Imphal,24.82,93.94,782.0,0.0,0.0,0.0,0.0,21.9,8.0,6.2
2025-12-16,Manipur,Imphal West,Imphal,24.82,93.94,782.0,0.0,0.0,0.0,0.0,21.4,8.9,6.9
2025-12-17,Manipur,Imphal West,Imphal,24.82,93.94,782.0,0.0,0.0,0.0,0.0,22.1,8.8,8.9
2025-12-18,Manipur,Imphal West,Imphal,24.82,93.94,782.0,0.0,0.0,0.0,0.0,22.6,8.8,9.5
2025-12-19,Manipur,Imphal West,Imphal,24.82,93.94,782.0,0.0,0.0,0.0,0.0,21.7,8.4,6.8
2025-12-20,Manipur,Imphal West,Imphal,24.82,93.94,782.0,0.0,0.0,0.0,0.0,21.3,7.7,7.8
2025-12-21,Manipur,Imphal West,Imphal,24.82,93.94,782.0,0.0,0.0,0.0,0.0,22.4,8.4,9.0
2025-12-22,Manipur,Imphal West,Imphal,24.82,93.94,782.0,0.0,0.0,0.0,0.0,21.5,7.8,8.6
2025-12-23,Manipur,Imphal West,Imphal,24.82,93.94,782.0,0.0,0.0,0.0,0.0,20.5,8.3,8.7
2025-12-24,Manipur,Imphal West,Imphal,24.82,93.94,782.0,0.2,0.2,0.2,0.2,21.1,10.8,7.6
2025-12-25,Manipur,Imphal West,Imphal,24.82,93.94,782.0,0.0,0.2,0.2,0.2,21.0,8.9,7.7
2025-12-26,Manipur,Imphal West,Imphal,24.82,93.94,782.0,0.0,0.2,0.2,0.2,21.2,8.8,7.1
2025-12-27,Manipur,Imphal West,Imphal,24.82,93.94,782.0,0.0,0.0,0.2,0.2,21.1,8.9,8.4
2025-12-28,Manipur,Imphal West,Imphal,24.82,93.94,782.0,0.0,0.0,0.2,0.2,21.1,9.3,9.7
2025-12-29,Manipur,Imphal West,Imphal,24.82,93.94,782.0,0.0,0.0,0.2,0.2,20.6,8.4,7.5
2025-12-30,Manipur,Imphal West,Imphal,24.82,93.94,782.0,0.0,0.0,0.2,0.2,20.2,8.1,5.9
2025-12-31,Manipur,Imphal West,Imphal,24.82,93.94,782.0,0.0,0.0,0.0,0.2,20.8,6.9,5.6
2026-01-01,Manipur,Imphal West,Imphal,24.82,93.94,782.0,0.0,0.0,0.0,0.2,21.2,7.6,7.6
2026-01-02,Manipur,Imphal West,Imphal,24.82,93.94,782.0,0.0,0.0,0.0,0.2,21.7,7.7,7.5
2026-01-03,Manipur,Imphal West,Imphal,24.82,93.94,782.0,0.0,0.0,0.0,0.2,20.2,8.9,7.4
2026-01-04,Manipur,Imphal West,Imphal,24.82,93.94,782.0,0.0,0.0,0.0,0.2,20.1,8.2,6.8
2026-01-05,Manipur,Imphal West,Imphal,24.82,93.94,782.0,0.0,0.0,0.0,0.2,20.0,7.1,9.4
2026-01-06,Manipur,Imphal West,Imphal,24.82,93.94,782.0,0.0,0.0,0.0,0.2,20.5,8.0,8.4
2026-01-07,Manipur,Imphal West,Imphal,24.82,93.94,782.0,0.0,0.0,0.0,0.0,20.6,8.8,9.1
2026-01-08,Manipur,Imphal West,Imphal,24.82,93.94,782.0,0.0,0.0,0.0,0.0,21.0,8.1,11.2
2026-01-09,Manipur,Imphal West,Imphal,24.82,93.94,782.0,0.0,0.0,0.0,0.0,20.8,7.6,6.7
2026-01-10,Manipur,Imphal West,Imphal,24.82,93.94,782.0,0.0,0.0,0.0,0.0,21.2,11.1,9.5
2026-01-11,Manipur,Imphal West,Imphal,24.82,93.94,782.0,0.0,0.0,0.0,0.0,21.6,11.1,13.3
2026-01-12,Manipur,Imphal West,Imphal,24.82,93.94,782.0,0.0,0.0,0.0,0.0,22.3,9.8,6.4
2026-01-13,Manipur,Imphal West,Imphal,24.82,93.94,782.0,0.0,0.0,0.0,0.0,22.6,8.8,8.9
2026-01-14,Manipur,Imphal West,Imphal,24.82,93.94,782.0,0.0,0.0,0.0,0.0,22.2,8.2,9.4
2026-01-15,Manipur,Imphal West,Imphal,24.82,93.94,782.0,0.0,0.0,0.0,0.0,21.5,9.3,8.0
2026-01-16,Manipur,Imphal West,Imphal,24.82,93.94,782.0,0.0,0.0,0.0,0.0,22.4,9.7,8.2
2026-01-17,Manipur,Imphal West,Imphal,24.82,93.94,782.0,0.0,0.0,0.0,0.0,22.9,8.8,7.9
2026-01-18,Manipur,Imphal West,Imphal,24.82,93.94,782.0,0.0,0.0,0.0,0.0,22.9,8.9,6.9
2026-01-19,Manipur,Imphal West,Imphal,24.82,93.94,782.0,0.0,0.0,0.0,0.0,23.2,8.4,10.1
2026-01-20,Manipur,Imphal West,Imphal,24.82,93.94,782.0,0.0,0.0,0.0,0.0,22.7,8.5,8.3
2026-01-21,Manipur,Imphal West,Imphal,24.82,93.94,782.0,0.0,0.0,0.0,0.0,22.3,7.6,5.3
2026-01-22,Manipur,Imphal West,Imphal,24.82,93.94,782.0,0.0,0.0,0.0,0.0,22.8,7.8,8.4
2026-01-23,Manipur,Imphal West,Imphal,24.82,93.94,782.0,0.0,0.0,0.0,0.0,23.4,9.1,9.8
2026-01-24,Manipur,Imphal West,Imphal,24.82,93.94,782.0,0.0,0.0,0.0,0.0,23.5,9.6,9.4
2026-01-25,Manipur,Imphal West,Imphal,24.82,93.94,782.0,0.0,0.0,0.0,0.0,22.8,9.9,7.2
2026-01-26,Manipur,Imphal West,Imphal,24.82,93.94,782.0,0.0,0.0,0.0,0.0,23.1,9.8,7.8
2026-01-27,Manipur,Imphal West,Imphal,24.82,93.94,782.0,0.0,0.0,0.0,0.0,23.9,9.9,10.0
2026-01-28,Manipur,Imphal West,Imphal,24.82,93.94,782.0,0.0,0.0,0.0,0.0,24.1,9.9,8.0
2026-01-29,Manipur,Imphal West,Imphal,24.82,93.94,782.0,0.0,0.0,0.0,0.0,24.0,10.3,14.6
2026-01-30,Manipur,Imphal West,Imphal,24.82,93.94,782.0,0.0,0.0,0.0,0.0,22.8,9.9,11.9
2026-01-31,Manipur,Imphal West,Imphal,24.82,93.94,782.0,0.0,0.0,0.0,0.0,23.7,9.1,8.4
2026-02-01,Manipur,Imphal West,Imphal,24.82,93.94,782.0,0.0,0.0,0.0,0.0,23.5,9.8,7.2
2026-02-02,Manipur,Imphal West,Imphal,24.82,93.94,782.0,0.0,0.0,0.0,0.0,23.6,9.6,8.5
2026-02-03,Manipur,Imphal West,Imphal,24.82,93.94,782.0,0.0,0.0,0.0,0.0,24.6,9.4,9.2
2026-02-04,Manipur,Imphal West,Imphal,24.82,93.94,782.0,0.0,0.0,0.0,0.0,24.5,12.1,9.5
2026-02-05,Manipur,Imphal West,Imphal,24.82,93.94,782.0,0.0,0.0,0.0,0.0,23.6,10.2,14.7
2026-02-06,Manipur,Imphal West,Imphal,24.82,93.94,782.0,0.0,0.0,0.0,0.0,23.4,8.5,7.4
2026-02-07,Manipur,Imphal West,Imphal,24.82,93.94,782.0,0.0,0.0,0.0,0.0,23.3,8.2,6.8
2026-02-08,Manipur,Imphal West,Imphal,24.82,93.94,782.0,0.0,0.0,0.0,0.0,23.9,9.3,8.7
2026-02-09,Manipur,Imphal West,Imphal,24.82,93.94,782.0,0.0,0.0,0.0,0.0,25.3,8.6,8.6
2026-02-10,Manipur,Imphal West,Imphal,24.82,93.94,782.0,0.0,0.0,0.0,0.0,24.6,10.0,8.9
2026-02-11,Manipur,Imphal West,Imphal,24.82,93.94,782.0,0.0,0.0,0.0,0.0,25.1,9.5,9.2
2026-02-12,Manipur,Imphal West,Imphal,24.82,93.94,782.0,0.0,0.0,0.0,0.0,25.2,9.3,10.7
2026-02-13,Manipur,Imphal West,Imphal,24.82,93.94,782.0,0.0,0.0,0.0,0.0,25.5,8.8,9.4
2026-02-14,Manipur,Imphal West,Imphal,24.82,93.94,782.0,0.0,0.0,0.0,0.0,25.7,10.5,10.0
2026-02-15,Manipur,Imphal West,Imphal,24.82,93.94,782.0,0.0,0.0,0.0,0.0,25.4,10.4,9.8
2026-02-16,Manipur,Imphal West,Imphal,24.82,93.94,782.0,0.0,0.0,0.0,0.0,26.0,9.5,9.1
2026-02-17,Manipur,Imphal West,Imphal,24.82,93.94,782.0,0.0,0.0,0.0,0.0,27.3,11.1,10.8
2026-02-18,Manipur,Imphal West,Imphal,24.82,93.94,782.0,0.0,0.0,0.0,0.0,27.7,11.2,10.2
2026-02-19,Manipur,Imphal West,Imphal,24.82,93.94,782.0,0.0,0.0,0.0,0.0,27.6,11.7,9.0
2026-02-20,Manipur,Imphal West,Imphal,24.82,93.94,782.0,0.0,0.0,0.0,0.0,28.7,13.0,8.9
2026-02-21,Manipur,Imphal West,Imphal,24.82,93.94,782.0,0.0,0.0,0.0,0.0,27.6,11.8,15.3
2026-02-22,Manipur,Imphal West,Imphal,24.82,93.94,782.0,0.0,0.0,0.0,0.0,25.9,12.9,17.1
2026-02-23,Manipur,Imphal West,Imphal,24.82,93.94,782.0,0.0,0.0,0.0,0.0,26.3,11.8,20.9
2026-02-24,Manipur,Imphal West,Imphal,24.82,93.94,782.0,0.0,0.0,0.0,0.0,25.9,11.2,8.9
2026-02-25,Manipur,Imphal West,Imphal,24.82,93.94,782.0,0.0,0.0,0.0,0.0,26.0,13.7,13.8
2026-02-26,Manipur,Imphal West,Imphal,24.82,93.94,782.0,0.0,0.0,0.0,0.0,25.6,13.3,16.8
2026-02-27,Manipur,Imphal West,Imphal,24.82,93.94,782.0,0.0,0.0,0.0,0.0,24.8,12.1,16.8
2026-02-28,Manipur,Imphal West,Imphal,24.82,93.94,782.0,0.0,0.0,0.0,0.0,24.8,12.2,18.3
2026-03-01,Manipur,Imphal West,Imphal,24.82,93.94,782.0,0.0,0.0,0.0,0.0,25.8,11.3,15.5
2026-03-02,Manipur,Imphal West,Imphal,24.82,93.94,782.0,0.4,0.4,0.4,0.4,24.6,13.2,16.2
2026-03-03,Manipur,Imphal West,Imphal,24.82,93.94,782.0,3.1,3.5,3.5,3.5,25.6,13.5,10.8
2026-03-04,Manipur,Imphal West,Imphal,24.82,93.94,782.0,0.0,3.5,3.5,3.5,25.9,11.2,12.5
2026-03-05,Manipur,Imphal West,Imphal,24.82,93.94,782.0,0.0,3.1,3.5,3.5,27.4,12.6,10.1
2026-03-06,Manipur,Imphal West,Imphal,24.82,93.94,782.0,0.0,0.0,3.5,3.5,28.8,13.6,10.1
2026-03-07,Manipur,Imphal West,Imphal,24.82,93.94,782.0,0.1,0.1,3.6,3.6,27.9,16.4,11.7
2026-03-08,Manipur,Imphal West,Imphal,24.82,93.94,782.0,0.2,0.3,3.8,3.8,28.0,16.7,11.6
2026-03-09,Manipur,Imphal West,Imphal,24.82,93.94,782.0,0.0,0.3,3.4,3.8,28.1,16.6,13.8
2026-03-10,Manipur,Imphal West,Imphal,24.82,93.94,782.0,6.0,6.2,6.3,9.8,27.8,16.1,8.0
2026-03-11,Manipur,Imphal West,Imphal,24.82,93.94,782.0,0.0,6.0,6.3,9.8,27.7,15.2,12.0
2026-03-12,Manipur,Imphal West,Imphal,24.82,93.94,782.0,0.2,6.2,6.5,10.0,26.7,15.8,9.9
2026-03-13,Manipur,Imphal West,Imphal,24.82,93.94,782.0,13.7,13.9,20.2,23.7,23.4,15.6,13.2
2026-03-14,Manipur,Imphal West,Imphal,24.82,93.94,782.0,0.6,14.5,20.7,24.3,25.5,15.6,17.5
2026-03-15,Manipur,Imphal West,Imphal,24.82,93.94,782.0,7.8,22.1,28.3,32.1,25.1,15.3,17.1
2026-03-16,Manipur,Imphal West,Imphal,24.82,93.94,782.0,2.7,11.1,31.0,34.4,25.8,14.5,16.4
2026-03-17,Manipur,Imphal West,Imphal,24.82,93.94,782.0,0.3,10.8,25.3,31.6,24.7,14.2,19.3
2026-03-18,Manipur,Imphal West,Imphal,24.82,93.94,782.0,1.5,4.5,26.8,33.1,26.1,14.0,15.4
2026-03-19,Manipur,Imphal West,Imphal,24.82,93.94,782.0,0.4,2.2,27.0,33.5,26.5,15.6,16.1
2026-03-20,Manipur,Imphal West,Imphal,24.82,93.94,782.0,0.7,2.6,14.0,34.2,27.7,13.9,19.0
2026-03-21,Manipur,Imphal West,Imphal,24.82,93.94,782.0,5.8,6.9,19.2,39.9,26.1,15.4,12.7
2026-03-22,Manipur,Imphal West,Imphal,24.82,93.94,782.0,6.0,12.5,17.4,45.7,23.5,14.4,18.7
2026-03-23,Manipur,Imphal West,Imphal,24.82,93.94,782.0,0.4,12.2,15.1,46.1,24.8,13.9,13.7
2026-03-24,Manipur,Imphal West,Imphal,24.82,93.94,782.0,0.0,6.4,14.8,40.1,25.6,12.3,16.4
2026-03-25,Manipur,Imphal West,Imphal,24.82,93.94,782.0,0.3,0.7,13.6,40.4,25.4,13.3,17.4
2026-03-26,Manipur,Imphal West,Imphal,24.82,93.94,782.0,2.3,2.6,15.5,42.5,27.6,15.4,14.2
2026-03-27,Manipur,Imphal West,Imphal,24.82,93.94,782.0,0.0,2.6,14.8,28.8,27.7,13.7,15.4
2026-03-28,Manipur,Imphal West,Imphal,24.82,93.94,782.0,1.3,3.6,10.3,29.5,22.8,15.1,11.9
2026-03-29,Manipur,Imphal West,Imphal,24.82,93.94,782.0,0.9,2.2,5.2,22.6,24.8,13.8,15.4
2026-03-30,Manipur,Imphal West,Imphal,24.82,93.94,782.0,14.6,16.8,19.4,34.5,24.9,15.9,13.5
2026-03-31,Manipur,Imphal West,Imphal,24.82,93.94,782.0,1.6,17.1,21.0,35.8,26.1,17.0,13.2
2026-04-01,Manipur,Imphal West,Imphal,24.82,93.94,782.0,1.0,17.2,21.7,35.3,26.8,17.5,18.8
2026-04-02,Manipur,Imphal West,Imphal,24.82,93.94,782.0,0.7,3.3,20.1,35.6,27.1,17.0,21.3
2026-04-03,Manipur,Imphal West,Imphal,24.82,93.94,782.0,1.2,2.9,21.3,36.1,27.9,18.2,17.0
2026-04-04,Manipur,Imphal West,Imphal,24.82,93.94,782.0,1.5,3.4,21.5,31.8,28.4,18.2,20.1
2026-04-05,Manipur,Imphal West,Imphal,24.82,93.94,782.0,0.4,3.1,21.0,26.2,27.5,17.0,21.7
2026-04-06,Manipur,Imphal West,Imphal,24.82,93.94,782.0,0.0,1.9,6.4,25.8,28.4,15.3,17.5
2026-04-07,Manipur,Imphal West,Imphal,24.82,93.94,782.0,12.0,12.4,16.8,37.8,25.7,17.1,14.0
2026-04-08,Manipur,Imphal West,Imphal,24.82,93.94,782.0,0.0,12.0,15.8,37.5,25.3,15.7,14.2
2026-04-09,Manipur,Imphal West,Imphal,24.82,93.94,782.0,7.0,19.0,22.1,42.2,21.8,15.7,8.9
2026-04-10,Manipur,Imphal West,Imphal,24.82,93.94,782.0,5.5,12.5,26.4,47.7,23.4,15.6,15.1
2026-04-11,Manipur,Imphal West,Imphal,24.82,93.94,782.0,0.1,12.6,25.0,46.5,25.5,12.0,17.0
2026-04-12,Manipur,Imphal West,Imphal,24.82,93.94,782.0,2.6,8.2,27.2,48.2,26.6,15.9,17.8
2026-04-13,Manipur,Imphal West,Imphal,24.82,93.94,782.0,1.2,3.9,28.4,34.8,27.2,15.7,13.3
2026-04-14,Manipur,Imphal West,Imphal,24.82,93.94,782.0,0.5,4.3,16.9,33.7,28.4,17.2,14.8
2026-04-15,Manipur,Imphal West,Imphal,24.82,93.94,782.0,2.0,3.7,18.9,34.7,28.0,18.3,15.5
2026-04-16,Manipur,Imphal West,Imphal,24.82,93.94,782.0,0.3,2.8,12.2,34.3,27.7,16.3,12.6
2026-04-17,Manipur,Imphal West,Imphal,24.82,93.94,782.0,2.5,4.8,9.2,35.6,29.9,17.3,13.2
2026-04-18,Manipur,Imphal West,Imphal,24.82,93.94,782.0,0.0,2.8,9.1,34.1,29.4,17.9,14.2
2026-04-19,Manipur,Imphal West,Imphal,24.82,93.94,782.0,0.3,2.8,6.8,34.0,27.9,17.8,12.8
2026-04-20,Manipur,Imphal West,Imphal,24.82,93.94,782.0,1.1,1.4,6.7,35.1,29.2,18.2,16.5
2026-04-21,Manipur,Imphal West,Imphal,24.82,93.94,782.0,0.9,2.3,7.1,24.0,29.2,19.5,16.5
2026-04-22,Manipur,Imphal West,Imphal,24.82,93.94,782.0,0.0,2.0,5.1,24.0,29.2,19.2,15.0
2026-04-23,Manipur,Imphal West,Imphal,24.82,93.94,782.0,1.5,2.4,6.3,18.5,29.4,17.5,14.7
2026-04-24,Manipur,Imphal West,Imphal,24.82,93.94,782.0,0.0,1.5,3.8,13.0,31.8,18.1,14.1
2026-04-25,Manipur,Imphal West,Imphal,24.82,93.94,782.0,0.0,1.5,3.8,12.9,32.3,18.8,16.6
2026-04-26,Manipur,Imphal West,Imphal,24.82,93.94,782.0,3.1,3.1,6.6,13.4,25.4,17.9,9.9
2026-04-27,Manipur,Imphal West,Imphal,24.82,93.94,782.0,9.8,12.9,15.3,22.0,22.4,17.6,9.2
2026-04-28,Manipur,Imphal West,Imphal,24.82,93.94,782.0,11.1,24.0,25.5,32.6,24.5,18.1,10.1
2026-04-29,Manipur,Imphal West,Imphal,24.82,93.94,782.0,11.8,32.7,37.3,42.4,23.3,16.7,6.1
2026-04-30,Manipur,Imphal West,Imphal,24.82,93.94,782.0,4.7,27.6,40.5,46.8,23.7,15.9,13.7
2026-05-01,Manipur,Imphal West,Imphal,24.82,93.94,782.0,3.4,19.9,43.9,47.7,22.9,16.2,7.8
2026-05-02,Manipur,Imphal West,Imphal,24.82,93.94,782.0,17.1,25.2,61.0,64.8,24.6,16.3,10.8
2026-05-03,Manipur,Imphal West,Imphal,24.82,93.94,782.0,3.0,23.5,60.9,67.5,24.6,16.1,12.6
2026-05-04,Manipur,Imphal West,Imphal,24.82,93.94,782.0,2.2,22.3,53.3,68.6,24.2,17.3,8.3
2026-05-05,Manipur,Imphal West,Imphal,24.82,93.94,782.0,0.1,5.3,42.3,67.8,28.5,18.3,11.6
2026-05-06,Manipur,Imphal West,Imphal,24.82,93.94,782.0,1.3,3.6,31.8,69.1,28.2,18.2,11.0
2026-05-07,Manipur,Imphal West,Imphal,24.82,93.94,782.0,0.2,1.6,27.3,67.8,26.9,18.2,14.2
2026-05-08,Manipur,Imphal West,Imphal,24.82,93.94,782.0,0.0,1.5,23.9,67.8,29.0,17.9,14.8
2026-05-09,Manipur,Imphal West,Imphal,24.82,93.94,782.0,0.2,0.4,7.0,68.0,28.6,17.1,11.0
2026-05-10,Manipur,Imphal West,Imphal,24.82,93.94,782.0,1.5,1.7,5.5,66.4,27.0,17.7,10.9
2026-05-11,Manipur,Imphal West,Imphal,24.82,93.94,782.0,2.0,3.7,5.3,58.6,25.2,18.0,10.7
2026-05-12,Manipur,Imphal West,Imphal,24.82,93.94,782.0,0.6,4.1,5.8,48.1,27.0,16.0,10.6
2026-05-13,Manipur,Imphal West,Imphal,24.82,93.94,782.0,1.0,3.6,5.5,37.3,27.7,18.5,11.7
2026-05-14,Manipur,Imphal West,Imphal,24.82,93.94,782.0,0.4,2.0,5.7,33.0,28.1,19.8,10.4
2026-05-15,Manipur,Imphal West,Imphal,24.82,93.94,782.0,5.6,7.0,11.3,35.2,25.6,20.1,9.2
2026-05-16,Manipur,Imphal West,Imphal,24.82,93.94,782.0,0.5,6.5,11.6,18.6,28.6,19.6,13.3
2026-05-17,Manipur,Imphal West,Imphal,24.82,93.94,782.0,8.1,14.2,18.2,23.7,27.7,20.4,11.7
2026-05-18,Manipur,Imphal West,Imphal,24.82,93.94,782.0,1.0,9.6,17.2,22.5,27.6,20.0,13.9
2026-05-19,Manipur,Imphal West,Imphal,24.82,93.94,782.0,0.5,9.6,17.1,22.9,29.2,20.3,13.7
2026-05-20,Manipur,Imphal West,Imphal,24.82,93.94,782.0,0.0,1.5,16.1,21.6,31.1,20.5,13.1
2026-05-21,Manipur,Imphal West,Imphal,24.82,93.94,782.0,0.7,1.2,16.4,22.1,31.3,21.7,12.2
2026-05-22,Manipur,Imphal West,Imphal,24.82,93.94,782.0,2.8,3.5,13.6,24.9,30.3,22.4,12.6
2026-05-23,Manipur,Imphal West,Imphal,24.82,93.94,782.0,4.0,7.5,17.1,28.7,28.2,21.7,12.4
2026-05-24,Manipur,Imphal West,Imphal,24.82,93.94,782.0,1.0,7.8,10.0,28.2,29.0,20.6,14.2
2026-05-25,Manipur,Imphal West,Imphal,24.82,93.94,782.0,2.8,7.8,11.8,29.0,29.1,20.8,11.1
2026-05-26,Manipur,Imphal West,Imphal,24.82,93.94,782.0,0.9,4.7,12.2,29.3,26.8,20.3,17.3
2026-05-27,Manipur,Imphal West,Imphal,24.82,93.94,782.0,0.7,4.4,12.9,29.0,29.8,18.9,13.9
2026-05-28,Manipur,Imphal West,Imphal,24.82,93.94,782.0,0.0,1.6,12.2,28.6,29.6,19.7,14.3
2026-05-29,Manipur,Imphal West,Imphal,24.82,93.94,782.0,0.0,0.7,9.4,23.0,30.4,19.9,8.4
2026-05-30,Manipur,Imphal West,Imphal,24.82,93.94,782.0,10.2,10.2,15.6,32.7,27.4,21.9,6.8
2026-05-31,Manipur,Imphal West,Imphal,24.82,93.94,782.0,19.5,29.7,34.1,44.1,27.9,20.9,8.0
2026-06-01,Manipur,Imphal West,Imphal,24.82,93.94,782.0,15.9,45.6,47.2,59.0,27.1,21.7,5.4
2026-06-02,Manipur,Imphal West,Imphal,24.82,93.94,782.0,7.1,42.5,53.4,65.6,28.0,21.8,11.6
2026-06-03,Manipur,Imphal West,Imphal,24.82,93.94,782.0,0.6,23.6,53.3,66.2,28.5,22.0,12.5
2026-06-04,Manipur,Imphal West,Imphal,24.82,93.94,782.0,0.6,8.3,53.9,66.1,29.4,21.6,12.9
2026-06-05,Manipur,Imphal West,Imphal,24.82,93.94,782.0,0.2,1.4,54.1,63.5,29.7,21.0,10.2
2026-06-06,Manipur,Imphal West,Imphal,24.82,93.94,782.0,0.8,1.6,44.7,60.3,30.9,21.5,12.7
2026-06-07,Manipur,Imphal West,Imphal,24.82,93.94,782.0,5.9,6.9,31.1,65.2,28.6,21.6,13.5
2026-06-08,Manipur,Imphal West,Imphal,24.82,93.94,782.0,3.1,9.8,18.3,65.5,28.9,22.4,11.4
2026-06-09,Manipur,Imphal West,Imphal,24.82,93.94,782.0,3.2,12.2,14.4,67.8,27.5,22.2,14.2
2026-06-10,Manipur,Imphal West,Imphal,24.82,93.94,782.0,6.4,12.7,20.2,73.5,28.6,22.0,13.1
2026-06-11,Manipur,Imphal West,Imphal,24.82,93.94,782.0,12.9,22.5,32.5,86.4,29.2,21.7,13.6
2026-06-12,Manipur,Imphal West,Imphal,24.82,93.94,782.0,22.3,41.6,54.6,108.7,27.4,21.9,7.9
2026-06-13,Manipur,Imphal West,Imphal,24.82,93.94,782.0,13.6,48.8,67.4,112.1,25.9,22.0,10.3
2026-06-14,Manipur,Imphal West,Imphal,24.82,93.94,782.0,0.3,36.2,61.8,92.9,28.6,21.7,13.8
2026-06-15,Manipur,Imphal West,Imphal,24.82,93.94,782.0,0.9,14.8,59.6,77.9,28.8,22.5,13.0
2026-06-16,Manipur,Imphal West,Imphal,24.82,93.94,782.0,9.1,10.3,65.5,79.9,29.9,22.2,10.6
2026-06-17,Manipur,Imphal West,Imphal,24.82,93.94,782.0,4.2,14.2,63.3,83.5,28.3,22.4,13.6
2026-06-18,Manipur,Imphal West,Imphal,24.82,93.94,782.0,0.4,13.7,50.8,83.3,28.8,22.3,12.7
2026-06-19,Manipur,Imphal West,Imphal,24.82,93.94,782.0,2.4,7.0,30.9,85.5,28.5,22.4,13.0
2026-06-20,Manipur,Imphal West,Imphal,24.82,93.94,782.0,1.1,3.9,18.4,85.8,28.2,22.5,13.6
2026-06-21,Manipur,Imphal West,Imphal,24.82,93.94,782.0,5.7,9.2,23.8,85.6,29.4,22.6,10.1
2026-06-22,Manipur,Imphal West,Imphal,24.82,93.94,782.0,7.8,14.6,30.7,90.3,28.8,21.8,9.8
2026-06-23,Manipur,Imphal West,Imphal,24.82,93.94,782.0,10.5,24.0,32.1,97.6,29.0,22.1,12.2
2026-06-24,Manipur,Imphal West,Imphal,24.82,93.94,782.0,16.0,34.3,43.9,107.2,28.6,21.8,7.1
2026-06-25,Manipur,Imphal West,Imphal,24.82,93.94,782.0,9.7,36.2,53.2,104.0,29.1,22.5,9.1
2026-06-26,Manipur,Imphal West,Imphal,24.82,93.94,782.0,3.4,29.1,54.2,85.1,29.0,22.6,12.1
2026-06-27,Manipur,Imphal West,Imphal,24.82,93.94,782.0,1.1,14.2,54.2,72.6,29.1,22.4,12.2
2026-06-28,Manipur,Imphal West,Imphal,24.82,93.94,782.0,1.8,6.3,50.3,74.1,29.2,22.9,14.5
2026-06-29,Manipur,Imphal West,Imphal,24.82,93.94,782.0,4.2,7.1,46.7,77.4,29.6,22.7,11.3
2026-06-30,Manipur,Imphal West,Imphal,24.82,93.94,782.0,21.9,27.9,58.1,90.2,28.8,22.1,9.0
2026-07-01,Manipur,Imphal West,Imphal,24.82,93.94,782.0,10.0,36.1,52.1,96.0,28.4,22.5,10.3
2026-07-02,Manipur,Imphal West,Imphal,24.82,93.94,782.0,5.9,37.8,48.3,101.5,29.3,22.7,8.0
2026-07-03,Manipur,Imphal West,Imphal,24.82,93.94,782.0,5.3,21.2,50.2,104.4,28.8,22.7,11.4
2026-07-04,Manipur,Imphal West,Imphal,24.82,93.94,782.0,17.6,28.8,66.7,120.9,28.7,22.3,13.2
2026-07-05,Manipur,Imphal West,Imphal,24.82,93.94,782.0,13.6,36.5,78.5,128.8,28.9,23.2,12.2
2026-07-06,Manipur,Imphal West,Imphal,24.82,93.94,782.0,21.9,53.1,96.2,142.9,29.6,22.8,9.7
2026-07-07,Manipur,Imphal West,Imphal,24.82,93.94,782.0,20.4,55.9,94.7,152.8,25.4,22.8,7.2
2026-07-08,Manipur,Imphal West,Imphal,24.82,93.94,782.0,14.0,56.3,98.7,150.8,26.6,22.6,9.5
2026-07-09,Manipur,Imphal West,Imphal,24.82,93.94,782.0,3.2,37.6,96.0,144.3,26.7,22.3,14.5
2026-07-10,Manipur,Imphal West,Imphal,24.82,93.94,782.0,10.8,28.0,101.5,151.7,27.7,22.8,11.3
2026-07-11,Manipur,Imphal West,Imphal,24.82,93.94,782.0,3.2,17.2,87.1,153.8,29.2,23.1,15.6
2026-07-12,Manipur,Imphal West,Imphal,24.82,93.94,782.0,9.4,23.4,82.9,161.4,27.7,22.7,8.1
2026-07-13,Manipur,Imphal West,Imphal,24.82,93.94,782.0,6.4,19.0,67.4,163.6,29.0,22.9,8.6
2026-07-14,Manipur,Imphal West,Imphal,24.82,93.94,782.0,1.4,17.2,48.4,143.1,29.6,22.1,8.0
2026-07-15,Manipur,Imphal West,Imphal,24.82,93.94,782.0,10.9,18.7,45.3,144.0,30.1,22.8,10.6
2026-07-16,Manipur,Imphal West,Imphal,24.82,93.94,782.0,13.1,25.4,55.2,151.2,29.6,22.8,11.2
2026-07-17,Manipur,Imphal West,Imphal,24.82,93.94,782.0,8.8,32.8,53.2,154.7,25.6,23.1,4.5
2026-07-18,Manipur,Imphal West,Imphal,24.82,93.94,782.0,0.9,22.8,50.9,138.0,27.7,22.7,11.9
2026-07-19,Manipur,Imphal West,Imphal,24.82,93.94,782.0,14.0,23.7,55.5,138.4,24.4,21.9,9.3
2026-07-20,Manipur,Imphal West,Imphal,24.82,93.94,782.0,4.2,19.1,53.3,120.7,24.9,21.1,7.4
2026-07-21,Manipur,Imphal West,Imphal,24.82,93.94,782.0,9.3,27.5,61.2,109.6,28.6,21.5,7.9
2026-07-22,Manipur,Imphal West,Imphal,24.82,93.94,782.0,21.1,34.6,71.4,116.7,28.2,21.9,9.3
2026-07-23,Manipur,Imphal West,Imphal,24.82,93.94,782.0,13.8,44.2,72.1,127.3,28.4,21.4,12.2
2026-07-24,Manipur,Imphal West,Imphal,24.82,93.94,782.0,1.4,36.3,64.7,117.9,27.4,22.1,6.9
2026-07-25,Manipur,Imphal West,Imphal,24.82,93.94,782.0,1.6,16.8,65.4,116.3,29.9,21.8,8.2
2026-07-26,Manipur,Imphal West,Imphal,24.82,93.94,782.0,2.2,5.2,53.6,109.1,30.0,22.2,11.7
2026-07-27,Manipur,Imphal West,Imphal,24.82,93.94,782.0,6.9,10.7,56.3,109.6,29.1,22.7,8.8
2026-07-28,Manipur,Imphal West,Imphal,24.82,93.94,782.0,3.9,13.0,50.9,112.1,28.1,22.8,8.4
2026-07-29,Manipur,Imphal West,Imphal,24.82,93.94,782.0,13.4,24.2,43.2,114.6,28.1,22.7,8.5
2026-07-30,Manipur,Imphal West,Imphal,24.82,93.94,782.0,19.1,36.4,48.5,120.6,27.9,22.1,7.1
2026-07-31,Manipur,Imphal West,Imphal,24.82,93.94,782.0,7.1,39.6,54.2,118.9,28.0,22.1,7.7
2026-08-01,Manipur,Imphal West,Imphal,24.82,93.94,782.0,4.8,31.0,57.4,122.8,28.3,22.2,11.3
2026-08-02,Manipur,Imphal West,Imphal,24.82,93.94,782.0,1.4,13.3,56.6,110.2,28.7,22.6,9.8
2026-08-03,Manipur,Imphal West,Imphal,24.82,93.94,782.0,7.0,13.2,56.7,113.0,28.9,22.8,9.7
2026-08-04,Manipur,Imphal West,Imphal,24.82,93.94,782.0,14.8,23.2,67.6,118.5,27.3,22.9,7.6
2026-08-05,Manipur,Imphal West,Imphal,24.82,93.94,782.0,24.9,46.7,79.1,122.3,24.5,22.5,3.7
2026-08-06,Manipur,Imphal West,Imphal,24.82,93.94,782.0,3.2,42.9,63.2,111.7,27.9,22.3,10.0
2026-08-07,Manipur,Imphal West,Imphal,24.82,93.94,782.0,2.0,30.1,58.1,112.3,28.3,21.5,8.4
2026-08-08,Manipur,Imphal West,Imphal,24.82,93.94,782.0,12.5,17.7,65.8,123.2,27.2,22.2,5.4
2026-08-09,Manipur,Imphal West,Imphal,24.82,93.94,782.0,32.5,47.0,96.9,153.5,27.4,21.7,6.9
2026-08-10,Manipur,Imphal West,Imphal,24.82,93.94,782.0,5.8,50.8,95.7,152.4,29.5,20.8,6.3
2026-08-11,Manipur,Imphal West,Imphal,24.82,93.94,782.0,1.4,39.7,82.3,149.9,29.8,22.8,11.8
2026-08-12,Manipur,Imphal West,Imphal,24.82,93.94,782.0,1.0,8.2,58.4,137.5,28.9,22.6,13.4
2026-08-13,Manipur,Imphal West,Imphal,24.82,93.94,782.0,2.5,4.9,57.7,120.9,28.8,23.2,7.9
2026-08-14,Manipur,Imphal West,Imphal,24.82,93.94,782.0,1.1,4.6,56.8,114.9,29.9,22.7,7.4
2026-08-15,Manipur,Imphal West,Imphal,24.82,93.94,782.0,1.7,5.3,46.0,111.8,30.0,22.8,10.2
2026-08-16,Manipur,Imphal West,Imphal,24.82,93.94,782.0,6.4,9.2,19.9,116.8,29.3,23.2,9.8
2026-08-17,Manipur,Imphal West,Imphal,24.82,93.94,782.0,25.5,33.6,39.6,135.3,28.3,22.4,10.9
2026-08-18,Manipur,Imphal West,Imphal,24.82,93.94,782.0,2.6,34.5,40.8,123.1,28.8,22.5,9.4
2026-08-19,Manipur,Imphal West,Imphal,24.82,93.94,782.0,0.8,28.9,40.6,99.0,28.8,22.8,5.6
2026-08-20,Manipur,Imphal West,Imphal,24.82,93.94,782.0,5.0,8.4,43.1,100.8,28.4,23.0,6.2
2026-08-21,Manipur,Imphal West,Imphal,24.82,93.94,782.0,1.3,7.1,43.3,100.1,30.6,23.0,9.4
2026-08-22,Manipur,Imphal West,Imphal,24.82,93.94,782.0,1.2,7.5,42.8,88.8,30.4,23.3,13.1
2026-08-23,Manipur,Imphal West,Imphal,24.82,93.94,782.0,9.4,11.9,45.8,65.7,29.8,22.5,9.4
2026-08-24,Manipur,Imphal West,Imphal,24.82,93.94,782.0,7.9,18.5,28.2,67.8,28.8,22.9,11.3
2026-08-25,Manipur,Imphal West,Imphal,24.82,93.94,782.0,7.4,24.7,33.0,73.8,26.4,23.3,7.3
2026-08-26,Manipur,Imphal West,Imphal,24.82,93.94,782.0,2.1,17.4,34.3,74.9,29.2,22.3,6.4
2026-08-27,Manipur,Imphal West,Imphal,24.82,93.94,782.0,1.9,11.4,31.2,74.3,27.7,23.2,6.1
2026-08-28,Manipur,Imphal West,Imphal,24.82,93.94,782.0,4.1,8.1,34.0,77.3,28.8,22.6,6.3
2026-08-29,Manipur,Imphal West,Imphal,24.82,93.94,782.0,1.9,7.9,34.7,77.5,29.0,23.2,13.4
2026-08-30,Manipur,Imphal West,Imphal,24.82,93.94,782.0,7.7,13.7,33.0,78.8,28.8,23.5,9.7
2026-08-31,Manipur,Imphal West,Imphal,24.82,93.94,782.0,59.0,68.6,84.1,112.3,25.6,22.7,6.9
2026-09-01,Manipur,Imphal West,Imphal,24.82,93.94,782.0,28.6,95.3,105.3,138.3,25.3,22.7,6.6
2026-09-02,Manipur,Imphal West,Imphal,24.82,93.94,782.0,13.1,100.7,116.3,150.6,26.1,22.1,7.3
2026-09-03,Manipur,Imphal West,Imphal,24.82,93.94,782.0,2.9,44.6,117.3,148.5,27.3,22.4,7.8
2026-09-04,Manipur,Imphal West,Imphal,24.82,93.94,782.0,5.9,21.9,119.1,153.1,27.8,22.0,6.0
2026-09-05,Manipur,Imphal West,Imphal,24.82,93.94,782.0,12.5,21.3,129.7,164.4,27.0,22.0,4.5
2026-09-06,Manipur,Imphal West,Imphal,24.82,93.94,782.0,2.6,21.0,124.6,157.6,28.6,22.5,7.4
2026-09-07,Manipur,Imphal West,Imphal,24.82,93.94,782.0,0.7,15.8,66.3,150.4,29.1,22.5,9.0
2026-09-08,Manipur,Imphal West,Imphal,24.82,93.94,782.0,9.7,13.0,47.4,152.7,27.6,22.6,5.9
2025-01-01,Meghalaya,East Khasi Hills,Shillong,25.57,91.88,1513.0,0.1,0.1,0.1,0.1,17.2,6.9,11.5
2025-01-02,Meghalaya,East Khasi Hills,Shillong,25.57,91.88,1513.0,0.1,0.2,0.2,0.2,18.5,7.2,9.7
2025-01-03,Meghalaya,East Khasi Hills,Shillong,25.57,91.88,1513.0,0.0,0.2,0.2,0.2,19.3,7.2,8.4
2025-01-04,Meghalaya,East Khasi Hills,Shillong,25.57,91.88,1513.0,0.0,0.1,0.2,0.2,20.1,8.4,7.6
2025-01-05,Meghalaya,East Khasi Hills,Shillong,25.57,91.88,1513.0,0.0,0.0,0.2,0.2,19.6,9.8,7.6
2025-01-06,Meghalaya,East Khasi Hills,Shillong,25.57,91.88,1513.0,0.0,0.0,0.2,0.2,19.9,10.0,12.1
2025-01-07,Meghalaya,East Khasi Hills,Shillong,25.57,91.88,1513.0,0.2,0.2,0.4,0.4,18.2,8.8,21.8
2025-01-08,Meghalaya,East Khasi Hills,Shillong,25.57,91.88,1513.0,0.3,0.5,0.6,0.7,16.3,7.3,12.7
2025-01-09,Meghalaya,East Khasi Hills,Shillong,25.57,91.88,1513.0,0.2,0.7,0.7,0.9,16.3,5.3,8.4
2025-01-10,Meghalaya,East Khasi Hills,Shillong,25.57,91.88,1513.0,0.0,0.5,0.7,0.9,17.8,5.2,7.9
2025-01-11,Meghalaya,East Khasi Hills,Shillong,25.57,91.88,1513.0,0.0,0.2,0.7,0.9,18.5,6.9,7.6
2025-01-12,Meghalaya,East Khasi Hills,Shillong,25.57,91.88,1513.0,0.0,0.0,0.7,0.9,18.8,7.5,11.2
2025-01-13,Meghalaya,East Khasi Hills,Shillong,25.57,91.88,1513.0,0.0,0.0,0.7,0.9,18.0,7.6,10.9
2025-01-14,Meghalaya,East Khasi Hills,Shillong,25.57,91.88,1513.0,0.4,0.4,0.9,1.3,17.5,7.6,12.2
2025-01-15,Meghalaya,East Khasi Hills,Shillong,25.57,91.88,1513.0,0.0,0.4,0.6,1.2,18.2,7.5,11.9
2025-01-16,Meghalaya,East Khasi Hills,Shillong,25.57,91.88,1513.0,0.0,0.4,0.4,1.1,19.5,7.7,8.3
2025-01-17,Meghalaya,East Khasi Hills,Shillong,25.57,91.88,1513.0,0.0,0.0,0.4,1.1,19.3,6.6,7.4
2025-01-18,Meghalaya,East Khasi Hills,Shillong,25.57,91.88,1513.0,0.0,0.0,0.4,1.1,19.6,7.1,11.7
2025-01-19,Meghalaya,East Khasi Hills,Shillong,25.57,91.88,1513.0,0.0,0.0,0.4,1.1,19.4,7.1,8.4
2025-01-20,Meghalaya,East Khasi Hills,Shillong,25.57,91.88,1513.0,0.0,0.0,0.4,1.1,19.4,7.4,11.2
2025-01-21,Meghalaya,East Khasi Hills,Shillong,25.57,91.88,1513.0,0.0,0.0,0.0,0.9,19.3,10.3,11.2
2025-01-22,Meghalaya,East Khasi Hills,Shillong,25.57,91.88,1513.0,0.0,0.0,0.0,0.6,19.7,9.1,10.6
2025-01-23,Meghalaya,East Khasi Hills,Shillong,25.57,91.88,1513.0,0.0,0.0,0.0,0.4,19.8,8.0,11.8
2025-01-24,Meghalaya,East Khasi Hills,Shillong,25.57,91.88,1513.0,0.0,0.0,0.0,0.4,19.4,8.1,19.1
2025-01-25,Meghalaya,East Khasi Hills,Shillong,25.57,91.88,1513.0,1.7,1.7,1.7,2.1,17.1,8.8,18.9
2025-01-26,Meghalaya,East Khasi Hills,Shillong,25.57,91.88,1513.0,0.3,2.0,2.0,2.4,17.4,6.6,11.3
2025-01-27,Meghalaya,East Khasi Hills,Shillong,25.57,91.88,1513.0,0.2,2.2,2.2,2.6,16.2,7.5,11.8
2025-01-28,Meghalaya,East Khasi Hills,Shillong,25.57,91.88,1513.0,0.2,0.7,2.4,2.4,16.0,8.4,9.4
2025-01-29,Meghalaya,East Khasi Hills,Shillong,25.57,91.88,1513.0,0.7,1.1,3.1,3.1,14.8,7.6,10.4
2025-01-30,Meghalaya,East Khasi Hills,Shillong,25.57,91.88,1513.0,0.0,0.9,3.1,3.1,17.2,6.6,20.8
2025-01-31,Meghalaya,East Khasi Hills,Shillong,25.57,91.88,1513.0,0.0,0.7,3.1,3.1,18.2,9.7,21.3
2025-02-01,Meghalaya,East Khasi Hills,Shillong,25.57,91.88,1513.0,0.0,0.0,1.4,3.1,18.6,8.5,13.2
2025-02-02,Meghalaya,East Khasi Hills,Shillong,25.57,91.88,1513.0,0.0,0.0,1.1,3.1,19.3,7.7,12.2
2025-02-03,Meghalaya,East Khasi Hills,Shillong,25.57,91.88,1513.0,0.0,0.0,0.9,3.1,17.9,7.3,11.5
2025-02-04,Meghalaya,East Khasi Hills,Shillong,25.57,91.88,1513.0,0.3,0.3,1.0,3.4,19.8,8.9,13.3
2025-02-05,Meghalaya,East Khasi Hills,Shillong,25.57,91.88,1513.0,0.0,0.3,0.3,3.4,20.5,7.5,12.9
2025-02-06,Meghalaya,East Khasi Hills,Shillong,25.57,91.88,1513.0,0.0,0.3,0.3,3.4,20.5,9.4,15.6
2025-02-07,Meghalaya,East Khasi Hills,Shillong,25.57,91.88,1513.0,0.0,0.0,0.3,3.4,20.0,7.1,15.6
2025-02-08,Meghalaya,East Khasi Hills,Shillong,25.57,91.88,1513.0,0.0,0.0,0.3,1.7,18.8,6.2,8.5
2025-02-09,Meghalaya,East Khasi Hills,Shillong,25.57,91.88,1513.0,0.0,0.0,0.3,1.4,19.2,6.6,6.7
2025-02-10,Meghalaya,East Khasi Hills,Shillong,25.57,91.88,1513.0,0.0,0.0,0.3,1.2,19.3,6.6,18.9
2025-02-11,Meghalaya,East Khasi Hills,Shillong,25.57,91.88,1513.0,0.0,0.0,0.0,1.0,17.9,9.5,20.4
2025-02-12,Meghalaya,East Khasi Hills,Shillong,25.57,91.88,1513.0,0.0,0.0,0.0,0.3,18.3,9.7,25.6
2025-02-13,Meghalaya,East Khasi Hills,Shillong,25.57,91.88,1513.0,0.0,0.0,0.0,0.3,17.6,10.7,28.4
2025-02-14,Meghalaya,East Khasi Hills,Shillong,25.57,91.88,1513.0,0.0,0.0,0.0,0.3,18.6,7.7,17.8
2025-02-15,Meghalaya,East Khasi Hills,Shillong,25.57,91.88,1513.0,0.0,0.0,0.0,0.3,18.0,6.8,13.4
2025-02-16,Meghalaya,East Khasi Hills,Shillong,25.57,91.88,1513.0,0.0,0.0,0.0,0.3,16.5,6.9,19.7
2025-02-17,Meghalaya,East Khasi Hills,Shillong,25.57,91.88,1513.0,0.6,0.6,0.6,0.9,19.4,9.4,18.2
2025-02-18,Meghalaya,East Khasi Hills,Shillong,25.57,91.88,1513.0,0.0,0.6,0.6,0.6,20.3,10.0,17.4
2025-02-19,Meghalaya,East Khasi Hills,Shillong,25.57,91.88,1513.0,0.0,0.6,0.6,0.6,20.0,9.4,18.3
2025-02-20,Meghalaya,East Khasi Hills,Shillong,25.57,91.88,1513.0,0.4,0.4,1.0,1.0,20.1,8.5,14.2
2025-02-21,Meghalaya,East Khasi Hills,Shillong,25.57,91.88,1513.0,3.3,3.7,4.3,4.3,19.6,9.6,15.2
2025-02-22,Meghalaya,East Khasi Hills,Shillong,25.57,91.88,1513.0,0.2,3.9,4.5,4.5,20.4,10.0,15.9
2025-02-23,Meghalaya,East Khasi Hills,Shillong,25.57,91.88,1513.0,1.1,4.6,5.6,5.6,18.7,8.9,12.2
2025-02-24,Meghalaya,East Khasi Hills,Shillong,25.57,91.88,1513.0,0.0,1.3,5.0,5.6,20.2,8.7,11.8
2025-02-25,Meghalaya,East Khasi Hills,Shillong,25.57,91.88,1513.0,1.1,2.2,6.1,6.7,19.2,8.6,13.1
2025-02-26,Meghalaya,East Khasi Hills,Shillong,25.57,91.88,1513.0,0.1,1.2,6.2,6.8,21.3,9.8,9.8
2025-02-27,Meghalaya,East Khasi Hills,Shillong,25.57,91.88,1513.0,0.6,1.8,6.4,7.4,21.8,10.0,11.2
2025-02-28,Meghalaya,East Khasi Hills,Shillong,25.57,91.88,1513.0,1.7,2.4,4.8,9.1,18.2,9.9,5.9
2025-03-01,Meghalaya,East Khasi Hills,Shillong,25.57,91.88,1513.0,0.1,2.4,4.7,9.2,21.8,9.4,29.2
2025-03-02,Meghalaya,East Khasi Hills,Shillong,25.57,91.88,1513.0,0.0,1.8,3.6,9.2,21.7,12.7,30.2
2025-03-03,Meghalaya,East Khasi Hills,Shillong,25.57,91.88,1513.0,0.0,0.1,3.6,8.6,21.9,11.2,25.8
2025-03-04,Meghalaya,East Khasi Hills,Shillong,25.57,91.88,1513.0,0.0,0.0,2.5,8.6,21.8,10.5,21.4
2025-03-05,Meghalaya,East Khasi Hills,Shillong,25.57,91.88,1513.0,0.0,0.0,2.4,8.6,19.6,10.3,22.7
2025-03-06,Meghalaya,East Khasi Hills,Shillong,25.57,91.88,1513.0,0.2,0.2,2.0,8.4,21.4,9.3,11.5
2025-03-07,Meghalaya,East Khasi Hills,Shillong,25.57,91.88,1513.0,0.0,0.2,0.3,5.1,20.4,7.5,11.5
2025-03-08,Meghalaya,East Khasi Hills,Shillong,25.57,91.88,1513.0,0.0,0.2,0.2,4.9,19.8,8.7,19.0
2025-03-09,Meghalaya,East Khasi Hills,Shillong,25.57,91.88,1513.0,0.0,0.0,0.2,3.8,20.4,8.9,13.2
2025-03-10,Meghalaya,East Khasi Hills,Shillong,25.57,91.88,1513.0,0.0,0.0,0.2,3.8,22.9,10.6,13.9
2025-03-11,Meghalaya,East Khasi Hills,Shillong,25.57,91.88,1513.0,0.8,0.8,1.0,3.5,21.7,10.4,12.4
2025-03-12,Meghalaya,East Khasi Hills,Shillong,25.57,91.88,1513.0,3.3,4.1,4.3,6.7,18.9,11.5,15.9
2025-03-13,Meghalaya,East Khasi Hills,Shillong,25.57,91.88,1513.0,2.2,6.3,6.3,8.3,22.3,12.5,26.8
2025-03-14,Meghalaya,East Khasi Hills,Shillong,25.57,91.88,1513.0,0.5,6.0,6.8,7.1,22.9,15.0,30.4
2025-03-15,Meghalaya,East Khasi Hills,Shillong,25.57,91.88,1513.0,1.1,3.8,7.9,8.1,24.4,15.3,22.7
2025-03-16,Meghalaya,East Khasi Hills,Shillong,25.57,91.88,1513.0,0.3,1.9,8.2,8.4,24.8,17.0,28.2
2025-03-17,Meghalaya,East Khasi Hills,Shillong,25.57,91.88,1513.0,0.0,1.4,8.2,8.4,24.3,16.4,32.9
2025-03-18,Meghalaya,East Khasi Hills,Shillong,25.57,91.88,1513.0,0.1,0.4,7.5,8.5,23.1,14.3,28.8
2025-03-19,Meghalaya,East Khasi Hills,Shillong,25.57,91.88,1513.0,0.0,0.1,4.2,8.5,24.0,13.8,17.7
2025-03-20,Meghalaya,East Khasi Hills,Shillong,25.57,91.88,1513.0,0.1,0.2,2.1,8.4,24.7,13.6,21.1
2025-03-21,Meghalaya,East Khasi Hills,Shillong,25.57,91.88,1513.0,0.1,0.2,1.7,8.5,21.8,13.7,18.7
2025-03-22,Meghalaya,East Khasi Hills,Shillong,25.57,91.88,1513.0,0.4,0.6,1.0,8.9,20.4,11.7,13.9
2025-03-23,Meghalaya,East Khasi Hills,Shillong,25.57,91.88,1513.0,4.4,4.9,5.1,13.3,22.4,10.8,10.9
2025-03-24,Meghalaya,East Khasi Hills,Shillong,25.57,91.88,1513.0,0.2,5.0,5.3,13.5,23.0,10.1,15.2
2025-03-25,Meghalaya,East Khasi Hills,Shillong,25.57,91.88,1513.0,0.1,4.7,5.3,12.8,24.4,12.4,13.9
2025-03-26,Meghalaya,East Khasi Hills,Shillong,25.57,91.88,1513.0,0.0,0.3,5.3,9.5,26.0,12.5,14.3
2025-03-27,Meghalaya,East Khasi Hills,Shillong,25.57,91.88,1513.0,0.7,0.8,5.9,8.0,22.8,12.4,7.7
2025-03-28,Meghalaya,East Khasi Hills,Shillong,25.57,91.88,1513.0,0.2,0.9,6.0,7.7,24.8,14.6,24.4
2025-03-29,Meghalaya,East Khasi Hills,Shillong,25.57,91.88,1513.0,0.0,0.9,5.6,6.6,25.3,15.5,22.4
2025-03-30,Meghalaya,East Khasi Hills,Shillong,25.57,91.88,1513.0,0.0,0.2,1.2,6.3,26.0,14.5,16.6
2025-03-31,Meghalaya,East Khasi Hills,Shillong,25.57,91.88,1513.0,0.0,0.0,1.0,6.3,26.2,14.4,19.1
2025-04-01,Meghalaya,East Khasi Hills,Shillong,25.57,91.88,1513.0,0.0,0.0,0.9,6.2,27.2,14.8,18.4
2025-04-02,Meghalaya,East Khasi Hills,Shillong,25.57,91.88,1513.0,0.0,0.0,0.9,6.2,27.5,15.4,16.4
2025-04-03,Meghalaya,East Khasi Hills,Shillong,25.57,91.88,1513.0,0.1,0.1,0.3,6.2,27.3,15.3,20.9
2025-04-04,Meghalaya,East Khasi Hills,Shillong,25.57,91.88,1513.0,0.0,0.1,0.1,6.1,26.1,16.7,20.7
2025-04-05,Meghalaya,East Khasi Hills,Shillong,25.57,91.88,1513.0,3.6,3.7,3.7,9.3,24.2,14.2,19.1
2025-04-06,Meghalaya,East Khasi Hills,Shillong,25.57,91.88,1513.0,4.5,8.1,8.2,9.4,24.5,15.0,16.9
2025-04-07,Meghalaya,East Khasi Hills,Shillong,25.57,91.88,1513.0,0.0,8.1,8.2,9.2,25.5,14.8,12.7
2025-04-08,Meghalaya,East Khasi Hills,Shillong,25.57,91.88,1513.0,0.6,5.1,8.8,9.7,25.7,15.4,10.2
2025-04-09,Meghalaya,East Khasi Hills,Shillong,25.57,91.88,1513.0,1.1,1.7,9.9,10.8,24.0,14.3,13.4
2025-04-10,Meghalaya,East Khasi Hills,Shillong,25.57,91.88,1513.0,1.3,3.0,11.1,11.4,23.9,14.5,11.9
2025-04-11,Meghalaya,East Khasi Hills,Shillong,25.57,91.88,1513.0,4.6,7.0,15.7,15.8,22.4,13.9,12.3
2025-04-12,Meghalaya,East Khasi Hills,Shillong,25.57,91.88,1513.0,2.9,8.8,15.0,18.7,22.6,14.0,12.4
2025-04-13,Meghalaya,East Khasi Hills,Shillong,25.57,91.88,1513.0,5.7,13.2,16.2,24.4,23.8,14.0,10.5
2025-04-14,Meghalaya,East Khasi Hills,Shillong,25.57,91.88,1513.0,3.7,12.3,19.9,28.1,23.8,14.6,9.3
2025-04-15,Meghalaya,East Khasi Hills,Shillong,25.57,91.88,1513.0,1.0,10.4,20.3,29.1,23.7,15.3,7.5
2025-04-16,Meghalaya,East Khasi Hills,Shillong,25.57,91.88,1513.0,7.9,12.6,27.1,37.0,21.1,13.6,14.4
2025-04-17,Meghalaya,East Khasi Hills,Shillong,25.57,91.88,1513.0,8.2,17.1,34.0,45.1,21.1,13.5,12.8
2025-04-18,Meghalaya,East Khasi Hills,Shillong,25.57,91.88,1513.0,9.1,25.2,38.5,54.2,20.6,13.3,10.1
2025-04-19,Meghalaya,East Khasi Hills,Shillong,25.57,91.88,1513.0,1.1,18.4,36.7,51.7,22.9,14.6,8.5
2025-04-20,Meghalaya,East Khasi Hills,Shillong,25.57,91.88,1513.0,13.4,23.6,44.4,60.6,22.4,14.6,9.9
2025-04-21,Meghalaya,East Khasi Hills,Shillong,25.57,91.88,1513.0,5.9,20.4,46.6,66.5,23.8,15.0,14.9
2025-04-22,Meghalaya,East Khasi Hills,Shillong,25.57,91.88,1513.0,28.6,47.9,74.2,94.5,23.8,18.1,22.6
2025-04-23,Meghalaya,East Khasi Hills,Shillong,25.57,91.88,1513.0,0.9,35.4,67.2,94.3,23.0,19.3,31.1
2025-04-24,Meghalaya,East Khasi Hills,Shillong,25.57,91.88,1513.0,0.0,29.5,59.0,93.0,24.3,18.3,22.9
2025-04-25,Meghalaya,East Khasi Hills,Shillong,25.57,91.88,1513.0,0.0,0.9,49.9,88.4,24.3,17.9,23.7
2025-04-26,Meghalaya,East Khasi Hills,Shillong,25.57,91.88,1513.0,0.2,0.2,49.0,85.7,23.9,18.1,24.5
2025-04-27,Meghalaya,East Khasi Hills,Shillong,25.57,91.88,1513.0,0.1,0.3,35.7,80.1,26.0,17.0,17.9
2025-04-28,Meghalaya,East Khasi Hills,Shillong,25.57,91.88,1513.0,6.4,6.7,36.2,82.8,23.1,14.9,24.2
2025-04-29,Meghalaya,East Khasi Hills,Shillong,25.57,91.88,1513.0,1.6,8.1,9.2,83.4,21.1,13.1,9.5
2025-04-30,Meghalaya,East Khasi Hills,Shillong,25.57,91.88,1513.0,2.6,10.6,10.9,78.1,21.6,14.0,9.4
2025-05-01,Meghalaya,East Khasi Hills,Shillong,25.57,91.88,1513.0,8.7,12.9,19.6,78.6,21.6,13.8,13.7
2025-05-02,Meghalaya,East Khasi Hills,Shillong,25.57,91.88,1513.0,7.7,19.0,27.3,77.2,22.4,13.2,7.7
2025-05-03,Meghalaya,East Khasi Hills,Shillong,25.57,91.88,1513.0,5.0,21.4,32.1,81.1,21.5,13.5,6.0
2025-05-04,Meghalaya,East Khasi Hills,Shillong,25.57,91.88,1513.0,1.7,14.4,33.7,69.4,23.0,13.6,10.0
2025-05-05,Meghalaya,East Khasi Hills,Shillong,25.57,91.88,1513.0,12.0,18.7,39.3,75.5,22.8,14.7,10.9
2025-05-06,Meghalaya,East Khasi Hills,Shillong,25.57,91.88,1513.0,1.2,14.9,38.9,48.1,23.8,15.5,11.4
2025-05-07,Meghalaya,East Khasi Hills,Shillong,25.57,91.88,1513.0,5.6,18.8,41.9,52.8,23.0,15.0,16.4
2025-05-08,Meghalaya,East Khasi Hills,Shillong,25.57,91.88,1513.0,4.3,11.1,37.5,57.1,24.1,17.1,20.9
2025-05-09,Meghalaya,East Khasi Hills,Shillong,25.57,91.88,1513.0,1.2,11.1,31.0,58.3,25.3,18.2,14.7
2025-05-10,Meghalaya,East Khasi Hills,Shillong,25.57,91.88,1513.0,3.2,8.7,29.2,61.3,26.4,18.3,17.5
2025-05-11,Meghalaya,East Khasi Hills,Shillong,25.57,91.88,1513.0,5.9,10.3,33.4,67.1,24.3,18.3,16.0
2025-05-12,Meghalaya,East Khasi Hills,Shillong,25.57,91.88,1513.0,8.3,17.4,29.7,69.0,22.8,17.0,15.8
2025-05-13,Meghalaya,East Khasi Hills,Shillong,25.57,91.88,1513.0,20.8,35.0,49.3,88.2,24.2,16.9,18.9
2025-05-14,Meghalaya,East Khasi Hills,Shillong,25.57,91.88,1513.0,3.4,32.5,47.1,89.0,24.5,18.4,21.7
2025-05-15,Meghalaya,East Khasi Hills,Shillong,25.57,91.88,1513.0,1.8,26.0,44.6,82.1,25.2,18.2,23.9
2025-05-16,Meghalaya,East Khasi Hills,Shillong,25.57,91.88,1513.0,2.7,7.9,46.1,77.1,24.1,18.2,18.2
2025-05-17,Meghalaya,East Khasi Hills,Shillong,25.57,91.88,1513.0,3.6,8.1,46.5,75.7,24.3,17.3,17.4
2025-05-18,Meghalaya,East Khasi Hills,Shillong,25.57,91.88,1513.0,7.0,13.3,47.6,81.0,24.1,16.5,14.2
2025-05-19,Meghalaya,East Khasi Hills,Shillong,25.57,91.88,1513.0,1.9,12.5,41.2,70.9,22.0,16.6,10.8
2025-05-20,Meghalaya,East Khasi Hills,Shillong,25.57,91.88,1513.0,16.0,24.9,36.4,85.7,22.4,16.4,19.5
2025-05-21,Meghalaya,East Khasi Hills,Shillong,25.57,91.88,1513.0,21.3,39.2,54.3,101.4,21.9,17.9,11.3
2025-05-22,Meghalaya,East Khasi Hills,Shillong,25.57,91.88,1513.0,7.6,44.9,60.1,104.7,22.7,17.4,10.0
2025-05-23,Meghalaya,East Khasi Hills,Shillong,25.57,91.88,1513.0,2.5,31.4,59.9,106.0,24.6,16.7,5.7
2025-05-24,Meghalaya,East Khasi Hills,Shillong,25.57,91.88,1513.0,12.3,22.4,68.6,115.1,24.2,17.9,9.1
2025-05-25,Meghalaya,East Khasi Hills,Shillong,25.57,91.88,1513.0,11.1,25.9,72.7,120.3,25.1,17.9,10.6
2025-05-26,Meghalaya,East Khasi Hills,Shillong,25.57,91.88,1513.0,11.8,35.2,82.6,123.8,22.9,18.4,8.0
2025-05-27,Meghalaya,East Khasi Hills,Shillong,25.57,91.88,1513.0,6.6,29.5,73.2,109.6,25.2,18.0,9.9
2025-05-28,Meghalaya,East Khasi Hills,Shillong,25.57,91.88,1513.0,6.1,24.5,58.0,112.3,25.8,17.7,14.8
2025-05-29,Meghalaya,East Khasi Hills,Shillong,25.57,91.88,1513.0,38.7,51.4,89.1,149.2,20.6,18.3,18.9
2025-05-30,Meghalaya,East Khasi Hills,Shillong,25.57,91.88,1513.0,193.7,238.5,280.3,340.2,20.6,18.5,28.8
2025-05-31,Meghalaya,East Khasi Hills,Shillong,25.57,91.88,1513.0,10.0,242.4,278.0,346.6,24.7,19.0,24.0
2025-06-01,Meghalaya,East Khasi Hills,Shillong,25.57,91.88,1513.0,2.9,206.6,269.8,342.5,26.4,19.3,17.7
2025-06-02,Meghalaya,East Khasi Hills,Shillong,25.57,91.88,1513.0,2.1,15.0,260.1,342.7,25.5,18.1,17.0
2025-06-03,Meghalaya,East Khasi Hills,Shillong,25.57,91.88,1513.0,0.1,5.1,253.6,326.8,24.0,17.3,22.5
2025-06-04,Meghalaya,East Khasi Hills,Shillong,25.57,91.88,1513.0,3.1,5.3,250.6,308.6,23.5,17.5,15.9
2025-06-05,Meghalaya,East Khasi Hills,Shillong,25.57,91.88,1513.0,14.1,17.3,226.0,315.1,23.8,16.5,7.6
2025-06-06,Meghalaya,East Khasi Hills,Shillong,25.57,91.88,1513.0,4.1,21.3,36.4,316.7,24.6,16.1,8.9
2025-06-07,Meghalaya,East Khasi Hills,Shillong,25.57,91.88,1513.0,2.8,21.0,29.2,307.2,25.1,16.3,6.3
2025-06-08,Meghalaya,East Khasi Hills,Shillong,25.57,91.88,1513.0,1.9,8.8,28.2,298.0,25.4,17.4,6.7
2025-06-09,Meghalaya,East Khasi Hills,Shillong,25.57,91.88,1513.0,3.2,7.9,29.3,289.4,25.5,17.4,6.7
2025-06-10,Meghalaya,East Khasi Hills,Shillong,25.57,91.88,1513.0,3.4,8.5,32.6,286.2,27.1,18.6,10.1
2025-06-11,Meghalaya,East Khasi Hills,Shillong,25.57,91.88,1513.0,3.6,10.2,33.1,283.7,26.2,19.0,13.8
2025-06-12,Meghalaya,East Khasi Hills,Shillong,25.57,91.88,1513.0,2.4,9.4,21.4,247.4,26.8,19.2,13.5
2025-06-13,Meghalaya,East Khasi Hills,Shillong,25.57,91.88,1513.0,2.9,8.9,20.2,56.6,26.2,18.8,11.8
2025-06-14,Meghalaya,East Khasi Hills,Shillong,25.57,91.88,1513.0,7.1,12.4,24.5,53.7,24.8,18.7,8.6
2025-06-15,Meghalaya,East Khasi Hills,Shillong,25.57,91.88,1513.0,2.7,12.7,25.3,53.5,25.3,17.7,8.1
2025-06-16,Meghalaya,East Khasi Hills,Shillong,25.57,91.88,1513.0,25.8,35.6,47.9,77.2,23.8,18.8,9.9
2025-06-17,Meghalaya,East Khasi Hills,Shillong,25.57,91.88,1513.0,17.3,45.8,61.8,94.4,24.9,19.1,23.2
2025-06-18,Meghalaya,East Khasi Hills,Shillong,25.57,91.88,1513.0,21.2,64.3,79.4,112.5,21.5,19.3,19.4
2025-06-19,Meghalaya,East Khasi Hills,Shillong,25.57,91.88,1513.0,12.2,50.7,89.2,110.6,23.9,19.0,19.5
2025-06-20,Meghalaya,East Khasi Hills,Shillong,25.57,91.88,1513.0,2.1,35.5,88.4,108.6,24.5,18.8,14.5
2025-06-21,Meghalaya,East Khasi Hills,Shillong,25.57,91.88,1513.0,7.1,21.4,88.4,112.9,23.9,19.5,10.8
2025-06-22,Meghalaya,East Khasi Hills,Shillong,25.57,91.88,1513.0,7.5,16.7,93.2,118.5,23.8,19.3,9.7
2025-06-23,Meghalaya,East Khasi Hills,Shillong,25.57,91.88,1513.0,8.2,22.8,75.6,123.5,24.0,19.0,10.2
2025-06-24,Meghalaya,East Khasi Hills,Shillong,25.57,91.88,1513.0,7.7,23.4,66.0,127.8,24.2,19.1,14.5
2025-06-25,Meghalaya,East Khasi Hills,Shillong,25.57,91.88,1513.0,6.3,22.2,51.1,130.5,25.2,18.7,9.8
2025-06-26,Meghalaya,East Khasi Hills,Shillong,25.57,91.88,1513.0,1.6,15.6,40.5,129.7,24.8,18.5,10.5
2025-06-27,Meghalaya,East Khasi Hills,Shillong,25.57,91.88,1513.0,2.0,9.9,40.4,128.8,25.3,19.3,14.0
2025-06-28,Meghalaya,East Khasi Hills,Shillong,25.57,91.88,1513.0,2.2,5.8,35.5,123.9,25.1,19.4,12.4
2025-06-29,Meghalaya,East Khasi Hills,Shillong,25.57,91.88,1513.0,1.2,5.4,29.2,122.4,25.4,19.5,10.3
2025-06-30,Meghalaya,East Khasi Hills,Shillong,25.57,91.88,1513.0,1.8,5.2,22.8,98.4,25.4,19.5,14.6
2025-07-01,Meghalaya,East Khasi Hills,Shillong,25.57,91.88,1513.0,4.0,7.0,19.1,85.1,24.9,19.6,10.7
2025-07-02,Meghalaya,East Khasi Hills,Shillong,25.57,91.88,1513.0,4.7,10.5,17.5,68.6,25.7,19.7,13.5
2025-07-03,Meghalaya,East Khasi Hills,Shillong,25.57,91.88,1513.0,2.5,11.2,18.4,58.9,25.1,19.2,13.6
2025-07-04,Meghalaya,East Khasi Hills,Shillong,25.57,91.88,1513.0,6.2,13.4,22.6,63.0,24.5,19.4,14.6
2025-07-05,Meghalaya,East Khasi Hills,Shillong,25.57,91.88,1513.0,3.7,12.4,24.1,59.6,25.1,19.5,12.2
2025-07-06,Meghalaya,East Khasi Hills,Shillong,25.57,91.88,1513.0,3.0,12.9,25.9,55.1,25.0,19.3,10.9
2025-07-07,Meghalaya,East Khasi Hills,Shillong,25.57,91.88,1513.0,0.4,7.1,24.5,47.3,23.9,18.3,14.3
2025-07-08,Meghalaya,East Khasi Hills,Shillong,25.57,91.88,1513.0,4.3,7.7,24.8,43.9,21.5,18.1,14.1
2025-07-09,Meghalaya,East Khasi Hills,Shillong,25.57,91.88,1513.0,29.5,34.2,49.6,67.1,20.0,17.3,20.7
2025-07-10,Meghalaya,East Khasi Hills,Shillong,25.57,91.88,1513.0,6.8,40.6,53.9,72.3,24.5,17.7,10.8
2025-07-11,Meghalaya,East Khasi Hills,Shillong,25.57,91.88,1513.0,2.0,38.3,49.7,72.3,26.4,18.4,8.3
2025-07-12,Meghalaya,East Khasi Hills,Shillong,25.57,91.88,1513.0,3.4,12.2,49.4,73.5,26.9,17.4,11.8
2025-07-13,Meghalaya,East Khasi Hills,Shillong,25.57,91.88,1513.0,2.8,8.2,49.2,75.1,27.3,19.0,16.0
2025-07-14,Meghalaya,East Khasi Hills,Shillong,25.57,91.88,1513.0,5.5,11.7,54.3,78.8,25.5,19.0,16.6
2025-07-15,Meghalaya,East Khasi Hills,Shillong,25.57,91.88,1513.0,1.7,10.0,51.7,76.5,25.1,18.5,10.9
2025-07-16,Meghalaya,East Khasi Hills,Shillong,25.57,91.88,1513.0,1.4,8.6,23.6,73.2,24.2,19.0,9.7
2025-07-17,Meghalaya,East Khasi Hills,Shillong,25.57,91.88,1513.0,5.3,8.4,22.1,76.0,25.1,18.7,9.8
2025-07-18,Meghalaya,East Khasi Hills,Shillong,25.57,91.88,1513.0,3.2,9.9,23.3,73.0,25.2,17.3,5.7
2025-07-19,Meghalaya,East Khasi Hills,Shillong,25.57,91.88,1513.0,5.3,13.8,25.2,74.6,24.3,19.6,5.9
2025-07-20,Meghalaya,East Khasi Hills,Shillong,25.57,91.88,1513.0,16.3,24.8,38.7,87.9,24.1,19.0,7.8
2025-07-21,Meghalaya,East Khasi Hills,Shillong,25.57,91.88,1513.0,9.1,30.7,42.3,96.6,25.1,18.4,6.6
2025-07-22,Meghalaya,East Khasi Hills,Shillong,25.57,91.88,1513.0,2.7,28.1,43.3,95.0,27.0,18.7,8.0
2025-07-23,Meghalaya,East Khasi Hills,Shillong,25.57,91.88,1513.0,2.5,14.3,44.4,68.0,27.0,19.1,9.3
2025-07-24,Meghalaya,East Khasi Hills,Shillong,25.57,91.88,1513.0,3.1,8.3,42.2,64.3,26.5,19.4,14.1
2025-07-25,Meghalaya,East Khasi Hills,Shillong,25.57,91.88,1513.0,9.1,14.7,48.1,71.4,26.0,19.7,27.4
2025-07-26,Meghalaya,East Khasi Hills,Shillong,25.57,91.88,1513.0,4.3,16.5,47.1,72.3,25.5,19.4,13.1
2025-07-27,Meghalaya,East Khasi Hills,Shillong,25.57,91.88,1513.0,13.4,26.8,44.2,82.9,24.3,20.0,8.8
2025-07-28,Meghalaya,East Khasi Hills,Shillong,25.57,91.88,1513.0,58.6,76.3,93.7,136.0,23.8,18.9,8.8
2025-07-29,Meghalaya,East Khasi Hills,Shillong,25.57,91.88,1513.0,2.6,74.6,93.6,136.9,25.4,18.3,9.9
2025-07-30,Meghalaya,East Khasi Hills,Shillong,25.57,91.88,1513.0,2.4,63.6,93.5,137.9,24.5,19.6,12.6
2025-07-31,Meghalaya,East Khasi Hills,Shillong,25.57,91.88,1513.0,1.7,6.7,92.1,134.3,25.2,19.3,14.0
2025-08-01,Meghalaya,East Khasi Hills,Shillong,25.57,91.88,1513.0,5.0,9.1,88.0,136.1,26.0,19.7,12.8
2025-08-02,Meghalaya,East Khasi Hills,Shillong,25.57,91.88,1513.0,22.5,29.2,106.2,153.3,23.7,20.0,11.5
2025-08-03,Meghalaya,East Khasi Hills,Shillong,25.57,91.88,1513.0,21.0,48.5,113.8,158.0,24.3,19.5,20.0
2025-08-04,Meghalaya,East Khasi Hills,Shillong,25.57,91.88,1513.0,3.1,46.6,58.3,152.0,24.5,19.1,14.6
2025-08-05,Meghalaya,East Khasi Hills,Shillong,25.57,91.88,1513.0,7.6,31.7,63.3,156.9,23.4,18.5,11.1
2025-08-06,Meghalaya,East Khasi Hills,Shillong,25.57,91.88,1513.0,4.1,14.8,65.0,158.5,24.0,17.9,9.7
2025-08-07,Meghalaya,East Khasi Hills,Shillong,25.57,91.88,1513.0,4.1,15.8,67.4,159.5,23.4,19.1,11.2
2025-08-08,Meghalaya,East Khasi Hills,Shillong,25.57,91.88,1513.0,1.5,9.7,63.9,151.9,24.3,19.3,11.7
2025-08-09,Meghalaya,East Khasi Hills,Shillong,25.57,91.88,1513.0,2.0,7.6,43.4,149.6,24.4,17.4,17.2
2025-08-10,Meghalaya,East Khasi Hills,Shillong,25.57,91.88,1513.0,2.0,5.5,24.4,138.2,24.6,19.4,16.9
2025-08-11,Meghalaya,East Khasi Hills,Shillong,25.57,91.88,1513.0,2.4,6.4,23.7,82.0,24.8,19.8,12.5
2025-08-12,Meghalaya,East Khasi Hills,Shillong,25.57,91.88,1513.0,6.5,10.9,22.6,85.9,24.8,19.7,11.6
2025-08-13,Meghalaya,East Khasi Hills,Shillong,25.57,91.88,1513.0,19.4,28.3,37.9,102.9,21.6,19.0,9.2
2025-08-14,Meghalaya,East Khasi Hills,Shillong,25.57,91.88,1513.0,15.5,41.4,49.3,116.7,25.2,18.8,6.4
2025-08-15,Meghalaya,East Khasi Hills,Shillong,25.57,91.88,1513.0,5.9,40.8,53.7,117.6,24.4,18.0,8.4
2025-08-16,Meghalaya,East Khasi Hills,Shillong,25.57,91.88,1513.0,3.9,25.3,55.6,99.0,26.0,18.4,12.6
2025-08-17,Meghalaya,East Khasi Hills,Shillong,25.57,91.88,1513.0,5.3,15.1,58.9,83.3,25.7,19.0,15.6
2025-08-18,Meghalaya,East Khasi Hills,Shillong,25.57,91.88,1513.0,0.2,9.4,56.7,80.4,26.0,18.2,8.3
2025-08-19,Meghalaya,East Khasi Hills,Shillong,25.57,91.88,1513.0,3.4,8.9,53.6,76.2,24.7,18.8,15.6
2025-08-20,Meghalaya,East Khasi Hills,Shillong,25.57,91.88,1513.0,3.5,7.1,37.7,75.6,23.8,18.5,16.3
2025-08-21,Meghalaya,East Khasi Hills,Shillong,25.57,91.88,1513.0,31.1,38.0,53.3,102.6,23.5,18.8,20.7
2025-08-22,Meghalaya,East Khasi Hills,Shillong,25.57,91.88,1513.0,2.2,36.8,49.6,103.3,23.7,18.5,16.2
2025-08-23,Meghalaya,East Khasi Hills,Shillong,25.57,91.88,1513.0,1.5,34.8,47.2,102.8,24.3,18.9,15.3
2025-08-24,Meghalaya,East Khasi Hills,Shillong,25.57,91.88,1513.0,10.5,14.2,52.4,111.3,24.4,17.9,13.1
2025-08-25,Meghalaya,East Khasi Hills,Shillong,25.57,91.88,1513.0,3.5,15.5,55.7,112.4,24.2,17.3,7.7
2025-08-26,Meghalaya,East Khasi Hills,Shillong,25.57,91.88,1513.0,1.4,15.4,53.7,107.3,26.1,17.7,10.5
2025-08-27,Meghalaya,East Khasi Hills,Shillong,25.57,91.88,1513.0,9.3,14.2,59.5,97.2,25.1,18.2,10.1
2025-08-28,Meghalaya,East Khasi Hills,Shillong,25.57,91.88,1513.0,2.3,13.0,30.7,84.0,23.0,19.1,11.2
2025-08-29,Meghalaya,East Khasi Hills,Shillong,25.57,91.88,1513.0,1.4,13.0,29.9,79.5,23.7,17.6,10.9
2025-08-30,Meghalaya,East Khasi Hills,Shillong,25.57,91.88,1513.0,4.2,7.9,32.6,79.8,23.5,17.6,8.3
2025-08-31,Meghalaya,East Khasi Hills,Shillong,25.57,91.88,1513.0,4.8,10.4,26.9,79.3,25.4,17.9,10.4
2025-09-01,Meghalaya,East Khasi Hills,Shillong,25.57,91.88,1513.0,0.7,9.7,24.1,79.8,27.0,17.7,13.2
2025-09-02,Meghalaya,East Khasi Hills,Shillong,25.57,91.88,1513.0,1.7,7.2,24.4,78.1,24.9,18.3,12.8
2025-09-03,Meghalaya,East Khasi Hills,Shillong,25.57,91.88,1513.0,1.7,4.1,16.8,76.3,25.8,17.9,14.0
2025-09-04,Meghalaya,East Khasi Hills,Shillong,25.57,91.88,1513.0,2.5,5.9,17.0,47.7,24.8,17.9,8.3
2025-09-05,Meghalaya,East Khasi Hills,Shillong,25.57,91.88,1513.0,4.2,8.4,19.8,49.7,24.0,18.0,7.5
2025-09-06,Meghalaya,East Khasi Hills,Shillong,25.57,91.88,1513.0,4.8,11.5,20.4,53.0,24.6,17.5,7.8
2025-09-07,Meghalaya,East Khasi Hills,Shillong,25.57,91.88,1513.0,6.5,15.5,22.1,49.0,24.5,17.8,10.2
2025-09-08,Meghalaya,East Khasi Hills,Shillong,25.57,91.88,1513.0,6.0,17.3,27.4,51.5,24.0,17.9,7.9
2025-09-09,Meghalaya,East Khasi Hills,Shillong,25.57,91.88,1513.0,3.7,16.2,29.4,53.8,24.4,17.7,9.1
2025-09-10,Meghalaya,East Khasi Hills,Shillong,25.57,91.88,1513.0,7.7,17.4,35.4,52.2,24.4,18.2,9.3
2025-09-11,Meghalaya,East Khasi Hills,Shillong,25.57,91.88,1513.0,3.5,14.9,36.4,53.4,24.0,18.1,8.4
2025-09-12,Meghalaya,East Khasi Hills,Shillong,25.57,91.88,1513.0,9.2,20.4,41.4,61.2,22.2,19.0,7.4
2025-09-13,Meghalaya,East Khasi Hills,Shillong,25.57,91.88,1513.0,10.9,23.6,47.5,67.9,23.2,18.3,8.8
2025-09-14,Meghalaya,East Khasi Hills,Shillong,25.57,91.88,1513.0,12.7,32.8,53.7,75.8,20.5,17.9,9.2
2025-09-15,Meghalaya,East Khasi Hills,Shillong,25.57,91.88,1513.0,0.8,24.4,48.5,75.9,21.2,18.0,7.2
2025-09-16,Meghalaya,East Khasi Hills,Shillong,25.57,91.88,1513.0,9.2,22.7,54.0,83.4,23.0,17.6,11.0
2025-09-17,Meghalaya,East Khasi Hills,Shillong,25.57,91.88,1513.0,22.0,32.0,68.3,103.7,22.8,17.7,10.1
2025-09-18,Meghalaya,East Khasi Hills,Shillong,25.57,91.88,1513.0,1.6,32.8,66.4,102.8,23.6,17.4,9.3
2025-09-19,Meghalaya,East Khasi Hills,Shillong,25.57,91.88,1513.0,2.9,26.5,60.1,101.5,23.8,17.2,7.5
2025-09-20,Meghalaya,East Khasi Hills,Shillong,25.57,91.88,1513.0,9.8,14.3,59.0,106.5,24.7,17.5,4.4
2025-09-21,Meghalaya,East Khasi Hills,Shillong,25.57,91.88,1513.0,2.4,15.1,48.7,102.4,25.8,16.7,6.1
2025-09-22,Meghalaya,East Khasi Hills,Shillong,25.57,91.88,1513.0,1.3,13.5,49.2,97.7,25.4,18.0,11.9
2025-09-23,Meghalaya,East Khasi Hills,Shillong,25.57,91.88,1513.0,1.8,5.5,41.8,95.8,25.8,17.6,10.6
2025-09-24,Meghalaya,East Khasi Hills,Shillong,25.57,91.88,1513.0,1.3,4.4,21.1,89.4,24.9,17.0,11.1
2025-09-25,Meghalaya,East Khasi Hills,Shillong,25.57,91.88,1513.0,0.2,3.3,19.7,86.1,26.8,18.3,13.7
2025-09-26,Meghalaya,East Khasi Hills,Shillong,25.57,91.88,1513.0,0.2,1.7,17.0,77.1,27.3,18.8,14.5
2025-09-27,Meghalaya,East Khasi Hills,Shillong,25.57,91.88,1513.0,3.0,3.4,10.2,69.2,25.6,17.6,12.6
2025-09-28,Meghalaya,East Khasi Hills,Shillong,25.57,91.88,1513.0,1.2,4.4,9.0,57.7,24.7,17.5,6.6
2025-09-29,Meghalaya,East Khasi Hills,Shillong,25.57,91.88,1513.0,1.8,6.0,9.5,58.7,24.6,17.4,8.6
2025-09-30,Meghalaya,East Khasi Hills,Shillong,25.57,91.88,1513.0,3.4,6.4,11.1,52.9,25.6,18.0,9.3
2025-10-01,Meghalaya,East Khasi Hills,Shillong,25.57,91.88,1513.0,0.8,6.0,10.6,31.7,23.0,16.2,10.2
2025-10-02,Meghalaya,East Khasi Hills,Shillong,25.57,91.88,1513.0,6.8,11.0,17.2,36.9,22.4,16.1,14.2
2025-10-03,Meghalaya,East Khasi Hills,Shillong,25.57,91.88,1513.0,0.2,7.8,17.2,34.2,24.1,16.7,12.0
2025-10-04,Meghalaya,East Khasi Hills,Shillong,25.57,91.88,1513.0,0.8,7.8,15.0,25.2,24.1,17.4,16.0
2025-10-05,Meghalaya,East Khasi Hills,Shillong,25.57,91.88,1513.0,3.2,4.2,17.0,26.0,23.1,17.9,15.5
2025-10-06,Meghalaya,East Khasi Hills,Shillong,25.57,91.88,1513.0,1.6,5.6,16.8,26.3,22.8,16.8,10.4
2025-10-07,Meghalaya,East Khasi Hills,Shillong,25.57,91.88,1513.0,4.2,9.0,17.6,28.7,22.9,16.1,7.7
2025-10-08,Meghalaya,East Khasi Hills,Shillong,25.57,91.88,1513.0,7.9,13.7,24.7,35.3,22.4,16.4,6.3
2025-10-09,Meghalaya,East Khasi Hills,Shillong,25.57,91.88,1513.0,17.5,29.6,35.4,52.6,21.8,16.1,5.6
2025-10-10,Meghalaya,East Khasi Hills,Shillong,25.57,91.88,1513.0,10.5,35.9,45.7,62.9,22.6,16.8,11.2
2025-10-11,Meghalaya,East Khasi Hills,Shillong,25.57,91.88,1513.0,7.9,35.9,52.8,67.8,22.1,16.6,8.3
2025-10-12,Meghalaya,East Khasi Hills,Shillong,25.57,91.88,1513.0,5.9,24.3,55.5,72.5,21.8,16.7,5.2
2025-10-13,Meghalaya,East Khasi Hills,Shillong,25.57,91.88,1513.0,0.1,13.9,54.0,70.8,23.8,15.8,8.2
2025-10-14,Meghalaya,East Khasi Hills,Shillong,25.57,91.88,1513.0,0.0,6.0,49.8,67.4,24.4,15.4,8.9
2025-10-15,Meghalaya,East Khasi Hills,Shillong,25.57,91.88,1513.0,0.8,0.9,42.7,67.4,24.3,14.1,9.2
2025-10-16,Meghalaya,East Khasi Hills,Shillong,25.57,91.88,1513.0,1.0,1.8,26.2,61.6,22.9,15.9,7.9
2025-10-17,Meghalaya,East Khasi Hills,Shillong,25.57,91.88,1513.0,0.3,2.1,16.0,61.7,23.0,15.8,10.6
2025-10-18,Meghalaya,East Khasi Hills,Shillong,25.57,91.88,1513.0,0.8,2.1,8.9,61.7,22.6,15.6,11.2
2025-10-19,Meghalaya,East Khasi Hills,Shillong,25.57,91.88,1513.0,0.1,1.2,3.1,58.6,23.1,15.3,9.0
2025-10-20,Meghalaya,East Khasi Hills,Shillong,25.57,91.88,1513.0,0.4,1.3,3.4,57.4,23.1,15.3,10.1
2025-10-21,Meghalaya,East Khasi Hills,Shillong,25.57,91.88,1513.0,0.0,0.5,3.4,53.2,25.0,14.9,9.0
2025-10-22,Meghalaya,East Khasi Hills,Shillong,25.57,91.88,1513.0,0.1,0.5,2.7,45.4,24.3,15.3,7.6
2025-10-23,Meghalaya,East Khasi Hills,Shillong,25.57,91.88,1513.0,1.1,1.2,2.8,29.0,23.3,15.5,7.0
2025-10-24,Meghalaya,East Khasi Hills,Shillong,25.57,91.88,1513.0,1.3,2.5,3.8,19.8,22.0,13.5,9.2
2025-10-25,Meghalaya,East Khasi Hills,Shillong,25.57,91.88,1513.0,1.6,4.0,4.6,13.5,22.2,12.0,11.3
2025-10-26,Meghalaya,East Khasi Hills,Shillong,25.57,91.88,1513.0,0.9,3.8,5.4,8.5,23.4,14.3,9.9
2025-10-27,Meghalaya,East Khasi Hills,Shillong,25.57,91.88,1513.0,0.3,2.8,5.3,8.7,22.8,15.3,5.4
2025-10-28,Meghalaya,East Khasi Hills,Shillong,25.57,91.88,1513.0,0.7,1.9,6.0,9.4,23.6,14.5,8.5
2025-10-29,Meghalaya,East Khasi Hills,Shillong,25.57,91.88,1513.0,2.3,3.3,8.2,10.9,23.4,15.1,9.8
2025-10-30,Meghalaya,East Khasi Hills,Shillong,25.57,91.88,1513.0,5.6,8.6,12.7,15.5,22.6,15.7,8.2
2025-10-31,Meghalaya,East Khasi Hills,Shillong,25.57,91.88,1513.0,4.0,11.9,15.4,19.2,21.9,16.0,11.3
2025-11-01,Meghalaya,East Khasi Hills,Shillong,25.57,91.88,1513.0,40.2,49.8,54.0,58.6,19.8,15.0,10.9
2025-11-02,Meghalaya,East Khasi Hills,Shillong,25.57,91.88,1513.0,11.9,56.1,65.0,70.4,21.4,15.5,9.8
2025-11-03,Meghalaya,East Khasi Hills,Shillong,25.57,91.88,1513.0,1.7,53.8,66.4,71.7,20.6,13.9,6.6
2025-11-04,Meghalaya,East Khasi Hills,Shillong,25.57,91.88,1513.0,0.4,14.0,66.1,72.1,23.8,14.5,9.8
2025-11-05,Meghalaya,East Khasi Hills,Shillong,25.57,91.88,1513.0,3.7,5.8,67.5,75.7,22.6,16.5,6.3
2025-11-06,Meghalaya,East Khasi Hills,Shillong,25.57,91.88,1513.0,1.9,6.0,63.8,76.5,21.5,14.7,9.7
2025-11-07,Meghalaya,East Khasi Hills,Shillong,25.57,91.88,1513.0,0.1,5.7,59.9,75.3,21.4,12.6,8.9
2025-11-08,Meghalaya,East Khasi Hills,Shillong,25.57,91.88,1513.0,0.0,2.0,19.7,73.7,21.9,13.4,8.3
2025-11-09,Meghalaya,East Khasi Hills,Shillong,25.57,91.88,1513.0,0.0,0.1,7.8,72.8,22.2,10.7,3.6
2025-11-10,Meghalaya,East Khasi Hills,Shillong,25.57,91.88,1513.0,0.0,0.0,6.1,72.5,20.7,10.3,8.4
2025-11-11,Meghalaya,East Khasi Hills,Shillong,25.57,91.88,1513.0,1.0,1.0,6.7,72.8,20.9,11.8,9.3
2025-11-12,Meghalaya,East Khasi Hills,Shillong,25.57,91.88,1513.0,2.8,3.8,5.8,73.3,20.4,13.4,9.0
2025-11-13,Meghalaya,East Khasi Hills,Shillong,25.57,91.88,1513.0,0.2,4.0,4.1,67.9,20.4,11.8,8.0
2025-11-14,Meghalaya,East Khasi Hills,Shillong,25.57,91.88,1513.0,0.0,3.0,4.0,63.9,19.3,8.5,8.9
2025-11-15,Meghalaya,East Khasi Hills,Shillong,25.57,91.88,1513.0,0.0,0.2,4.0,23.7,19.7,10.7,9.5
2025-11-16,Meghalaya,East Khasi Hills,Shillong,25.57,91.88,1513.0,0.0,0.0,4.0,11.8,20.0,8.7,8.8
2025-11-17,Meghalaya,East Khasi Hills,Shillong,25.57,91.88,1513.0,0.0,0.0,4.0,10.1,20.1,9.4,9.0
2025-11-18,Meghalaya,East Khasi Hills,Shillong,25.57,91.88,1513.0,0.0,0.0,3.0,9.7,20.4,9.8,8.4
2025-11-19,Meghalaya,East Khasi Hills,Shillong,25.57,91.88,1513.0,0.0,0.0,0.2,6.0,20.9,10.8,5.4
2025-11-20,Meghalaya,East Khasi Hills,Shillong,25.57,91.88,1513.0,0.8,0.8,0.8,4.9,20.5,9.0,9.9
2025-11-21,Meghalaya,East Khasi Hills,Shillong,25.57,91.88,1513.0,0.8,1.6,1.6,5.6,19.4,9.2,6.3
2025-11-22,Meghalaya,East Khasi Hills,Shillong,25.57,91.88,1513.0,0.9,2.5,2.5,6.5,18.3,7.3,9.8
2025-11-23,Meghalaya,East Khasi Hills,Shillong,25.57,91.88,1513.0,1.8,3.5,4.3,8.3,18.3,7.6,11.3
2025-11-24,Meghalaya,East Khasi Hills,Shillong,25.57,91.88,1513.0,0.0,2.7,4.3,8.3,18.8,9.2,9.7
2025-11-25,Meghalaya,East Khasi Hills,Shillong,25.57,91.88,1513.0,0.0,1.8,4.3,7.3,19.1,9.8,7.3
2025-11-26,Meghalaya,East Khasi Hills,Shillong,25.57,91.88,1513.0,0.0,0.0,4.3,4.5,18.8,9.8,11.2
2025-11-27,Meghalaya,East Khasi Hills,Shillong,25.57,91.88,1513.0,0.0,0.0,3.5,4.3,19.8,9.9,12.5
2025-11-28,Meghalaya,East Khasi Hills,Shillong,25.57,91.88,1513.0,0.0,0.0,2.7,4.3,19.4,9.7,10.0
2025-11-29,Meghalaya,East Khasi Hills,Shillong,25.57,91.88,1513.0,0.0,0.0,1.8,4.3,19.2,8.6,9.9
2025-11-30,Meghalaya,East Khasi Hills,Shillong,25.57,91.88,1513.0,0.2,0.2,0.2,4.5,18.3,8.2,11.6
2025-12-01,Meghalaya,East Khasi Hills,Shillong,25.57,91.88,1513.0,0.2,0.4,0.4,4.7,19.2,9.2,9.3
2025-12-02,Meghalaya,East Khasi Hills,Shillong,25.57,91.88,1513.0,0.4,0.8,0.8,5.1,19.4,9.1,8.0
2025-12-03,Meghalaya,East Khasi Hills,Shillong,25.57,91.88,1513.0,0.3,0.9,1.1,5.4,19.5,9.0,5.0
2025-12-04,Meghalaya,East Khasi Hills,Shillong,25.57,91.88,1513.0,0.0,0.7,1.1,4.6,19.1,8.9,7.7
2025-12-05,Meghalaya,East Khasi Hills,Shillong,25.57,91.88,1513.0,0.0,0.3,1.1,3.8,19.8,8.0,5.3
2025-12-06,Meghalaya,East Khasi Hills,Shillong,25.57,91.88,1513.0,0.0,0.0,1.1,2.9,18.5,7.1,9.8
2025-12-07,Meghalaya,East Khasi Hills,Shillong,25.57,91.88,1513.0,0.0,0.0,0.9,1.1,18.3,8.8,8.4
2025-12-08,Meghalaya,East Khasi Hills,Shillong,25.57,91.88,1513.0,0.0,0.0,0.7,1.1,19.2,9.5,6.5
2025-12-09,Meghalaya,East Khasi Hills,Shillong,25.57,91.88,1513.0,0.0,0.0,0.3,1.1,18.3,8.2,8.3
2025-12-10,Meghalaya,East Khasi Hills,Shillong,25.57,91.88,1513.0,0.0,0.0,0.0,1.1,19.3,9.6,7.0
2025-12-11,Meghalaya,East Khasi Hills,Shillong,25.57,91.88,1513.0,0.0,0.0,0.0,1.1,19.2,8.6,6.8
2025-12-12,Meghalaya,East Khasi Hills,Shillong,25.57,91.88,1513.0,0.0,0.0,0.0,1.1,19.1,8.0,10.4
2025-12-13,Meghalaya,East Khasi Hills,Shillong,25.57,91.88,1513.0,0.0,0.0,0.0,1.1,19.5,9.1,9.4
2025-12-14,Meghalaya,East Khasi Hills,Shillong,25.57,91.88,1513.0,0.0,0.0,0.0,0.9,19.9,9.1,9.4
2025-12-15,Meghalaya,East Khasi Hills,Shillong,25.57,91.88,1513.0,0.0,0.0,0.0,0.7,18.8,8.3,7.1
2025-12-16,Meghalaya,East Khasi Hills,Shillong,25.57,91.88,1513.0,0.2,0.2,0.2,0.5,17.9,9.1,9.1
2025-12-17,Meghalaya,East Khasi Hills,Shillong,25.57,91.88,1513.0,0.0,0.2,0.2,0.2,18.3,9.0,11.3
2025-12-18,Meghalaya,East Khasi Hills,Shillong,25.57,91.88,1513.0,0.0,0.2,0.2,0.2,20.5,9.9,6.0
2025-12-19,Meghalaya,East Khasi Hills,Shillong,25.57,91.88,1513.0,0.0,0.0,0.2,0.2,19.0,8.7,4.5
2025-12-20,Meghalaya,East Khasi Hills,Shillong,25.57,91.88,1513.0,0.7,0.7,0.9,0.9,17.4,7.7,11.9
2025-12-21,Meghalaya,East Khasi Hills,Shillong,25.57,91.88,1513.0,0.0,0.7,0.9,0.9,18.0,6.5,10.3
2025-12-22,Meghalaya,East Khasi Hills,Shillong,25.57,91.88,1513.0,0.2,0.9,1.1,1.1,18.3,6.6,9.0
2025-12-23,Meghalaya,East Khasi Hills,Shillong,25.57,91.88,1513.0,0.0,0.2,0.9,1.1,17.5,7.0,7.6
2025-12-24,Meghalaya,East Khasi Hills,Shillong,25.57,91.88,1513.0,1.5,1.7,2.4,2.6,16.8,6.9,10.9
2025-12-25,Meghalaya,East Khasi Hills,Shillong,25.57,91.88,1513.0,0.4,1.9,2.8,3.0,17.3,8.1,7.9
2025-12-26,Meghalaya,East Khasi Hills,Shillong,25.57,91.88,1513.0,0.2,2.1,3.0,3.2,17.2,6.2,9.4
2025-12-27,Meghalaya,East Khasi Hills,Shillong,25.57,91.88,1513.0,0.0,0.6,2.3,3.2,16.9,5.4,7.2
2025-12-28,Meghalaya,East Khasi Hills,Shillong,25.57,91.88,1513.0,0.5,0.7,2.8,3.7,16.9,6.8,6.6
2025-12-29,Meghalaya,East Khasi Hills,Shillong,25.57,91.88,1513.0,0.0,0.5,2.6,3.7,17.5,6.8,7.4
2025-12-30,Meghalaya,East Khasi Hills,Shillong,25.57,91.88,1513.0,0.0,0.5,2.6,3.5,16.1,5.1,7.0
2025-12-31,Meghalaya,East Khasi Hills,Shillong,25.57,91.88,1513.0,0.4,0.4,1.5,3.9,15.3,5.8,9.4
2026-01-01,Meghalaya,East Khasi Hills,Shillong,25.57,91.88,1513.0,0.0,0.4,1.1,3.9,17.4,6.7,6.9
2026-01-02,Meghalaya,East Khasi Hills,Shillong,25.57,91.88,1513.0,0.0,0.4,0.9,3.9,17.0,5.0,5.6
2026-01-03,Meghalaya,East Khasi Hills,Shillong,25.57,91.88,1513.0,0.0,0.0,0.9,3.2,15.3,3.9,7.6
2026-01-04,Meghalaya,East Khasi Hills,Shillong,25.57,91.88,1513.0,0.1,0.1,0.5,3.3,14.8,5.3,12.1
2026-01-05,Meghalaya,East Khasi Hills,Shillong,25.57,91.88,1513.0,0.4,0.5,0.9,3.5,14.8,4.9,9.9
2026-01-06,Meghalaya,East Khasi Hills,Shillong,25.57,91.88,1513.0,0.4,0.9,1.3,3.9,15.7,4.0,9.0
2026-01-07,Meghalaya,East Khasi Hills,Shillong,25.57,91.88,1513.0,0.4,1.2,1.3,2.8,15.7,2.9,8.9
2026-01-08,Meghalaya,East Khasi Hills,Shillong,25.57,91.88,1513.0,0.8,1.6,2.1,3.2,16.2,4.0,10.3
2026-01-09,Meghalaya,East Khasi Hills,Shillong,25.57,91.88,1513.0,0.0,1.2,2.1,3.0,17.0,4.5,10.0
2026-01-10,Meghalaya,East Khasi Hills,Shillong,25.57,91.88,1513.0,0.5,1.3,2.6,3.5,17.1,6.5,8.9
2026-01-11,Meghalaya,East Khasi Hills,Shillong,25.57,91.88,1513.0,0.6,1.1,3.1,3.6,17.9,6.0,8.1
2026-01-12,Meghalaya,East Khasi Hills,Shillong,25.57,91.88,1513.0,0.6,1.7,3.3,4.2,17.7,7.1,10.2
2026-01-13,Meghalaya,East Khasi Hills,Shillong,25.57,91.88,1513.0,0.0,1.2,2.9,4.2,18.6,7.7,7.4
2026-01-14,Meghalaya,East Khasi Hills,Shillong,25.57,91.88,1513.0,0.1,0.7,2.6,3.9,17.9,7.0,9.3
2026-01-15,Meghalaya,East Khasi Hills,Shillong,25.57,91.88,1513.0,0.1,0.2,1.9,4.0,17.2,6.8,6.5
2026-01-16,Meghalaya,East Khasi Hills,Shillong,25.57,91.88,1513.0,0.9,1.1,2.8,4.9,17.9,7.2,10.9
2026-01-17,Meghalaya,East Khasi Hills,Shillong,25.57,91.88,1513.0,0.0,1.0,2.3,4.9,19.1,9.2,8.6
2026-01-18,Meghalaya,East Khasi Hills,Shillong,25.57,91.88,1513.0,0.0,0.9,1.7,4.8,18.1,9.4,11.1
2026-01-19,Meghalaya,East Khasi Hills,Shillong,25.57,91.88,1513.0,0.0,0.0,1.1,4.4,19.1,6.5,7.3
2026-01-20,Meghalaya,East Khasi Hills,Shillong,25.57,91.88,1513.0,0.5,0.5,1.6,4.5,18.5,5.7,8.9
2026-01-21,Meghalaya,East Khasi Hills,Shillong,25.57,91.88,1513.0,0.2,0.7,1.7,4.3,17.9,8.7,10.0
2026-01-22,Meghalaya,East Khasi Hills,Shillong,25.57,91.88,1513.0,0.0,0.7,1.6,3.5,18.5,8.0,8.3
2026-01-23,Meghalaya,East Khasi Hills,Shillong,25.57,91.88,1513.0,0.0,0.2,0.7,3.5,19.4,7.4,6.0
2026-01-24,Meghalaya,East Khasi Hills,Shillong,25.57,91.88,1513.0,0.0,0.0,0.7,3.0,18.7,6.7,4.6
2026-01-25,Meghalaya,East Khasi Hills,Shillong,25.57,91.88,1513.0,0.0,0.0,0.7,2.4,17.6,7.2,7.5
2026-01-26,Meghalaya,East Khasi Hills,Shillong,25.57,91.88,1513.0,0.4,0.4,1.1,2.2,18.0,6.7,11.0
2026-01-27,Meghalaya,East Khasi Hills,Shillong,25.57,91.88,1513.0,0.0,0.4,0.6,2.2,19.5,8.5,9.6
2026-01-28,Meghalaya,East Khasi Hills,Shillong,25.57,91.88,1513.0,0.0,0.4,0.4,2.1,20.2,8.1,6.2
2026-01-29,Meghalaya,East Khasi Hills,Shillong,25.57,91.88,1513.0,0.0,0.0,0.4,2.0,18.5,8.7,11.8
2026-01-30,Meghalaya,East Khasi Hills,Shillong,25.57,91.88,1513.0,0.2,0.2,0.6,1.3,17.4,8.3,14.1
2026-01-31,Meghalaya,East Khasi Hills,Shillong,25.57,91.88,1513.0,0.0,0.2,0.6,1.3,18.8,6.8,7.6
2026-02-01,Meghalaya,East Khasi Hills,Shillong,25.57,91.88,1513.0,0.0,0.2,0.6,1.3,19.4,6.3,8.3
2026-02-02,Meghalaya,East Khasi Hills,Shillong,25.57,91.88,1513.0,0.0,0.0,0.2,1.3,19.6,9.0,6.1
2026-02-03,Meghalaya,East Khasi Hills,Shillong,25.57,91.88,1513.0,0.0,0.0,0.2,0.8,20.8,8.5,4.9
2026-02-04,Meghalaya,East Khasi Hills,Shillong,25.57,91.88,1513.0,0.0,0.0,0.2,0.6,19.6,7.2,8.2
2026-02-05,Meghalaya,East Khasi Hills,Shillong,25.57,91.88,1513.0,0.0,0.0,0.2,0.6,18.8,6.1,9.4
2026-02-06,Meghalaya,East Khasi Hills,Shillong,25.57,91.88,1513.0,0.0,0.0,0.0,0.6,18.8,7.6,10.6
2026-02-07,Meghalaya,East Khasi Hills,Shillong,25.57,91.88,1513.0,0.1,0.1,0.1,0.7,19.3,8.1,12.1
2026-02-08,Meghalaya,East Khasi Hills,Shillong,25.57,91.88,1513.0,0.1,0.2,0.2,0.8,18.8,5.6,7.2
2026-02-09,Meghalaya,East Khasi Hills,Shillong,25.57,91.88,1513.0,0.0,0.2,0.2,0.4,19.9,7.6,11.4
2026-02-10,Meghalaya,East Khasi Hills,Shillong,25.57,91.88,1513.0,0.0,0.1,0.2,0.4,19.2,7.4,8.0
2026-02-11,Meghalaya,East Khasi Hills,Shillong,25.57,91.88,1513.0,0.0,0.0,0.2,0.4,19.3,7.7,13.5
2026-02-12,Meghalaya,East Khasi Hills,Shillong,25.57,91.88,1513.0,0.0,0.0,0.2,0.4,19.3,8.3,7.6
2026-02-13,Meghalaya,East Khasi Hills,Shillong,25.57,91.88,1513.0,0.0,0.0,0.2,0.2,19.7,9.7,14.2
2026-02-14,Meghalaya,East Khasi Hills,Shillong,25.57,91.88,1513.0,0.0,0.0,0.1,0.2,19.2,9.3,3.7
2026-02-15,Meghalaya,East Khasi Hills,Shillong,25.57,91.88,1513.0,0.0,0.0,0.0,0.2,19.9,8.3,6.7
2026-02-16,Meghalaya,East Khasi Hills,Shillong,25.57,91.88,1513.0,0.0,0.0,0.0,0.2,20.2,7.2,11.8
2026-02-17,Meghalaya,East Khasi Hills,Shillong,25.57,91.88,1513.0,0.0,0.0,0.0,0.2,22.6,10.7,8.5
2026-02-18,Meghalaya,East Khasi Hills,Shillong,25.57,91.88,1513.0,0.0,0.0,0.0,0.2,22.8,9.5,4.9
2026-02-19,Meghalaya,East Khasi Hills,Shillong,25.57,91.88,1513.0,0.0,0.0,0.0,0.2,23.1,11.7,6.2
2026-02-20,Meghalaya,East Khasi Hills,Shillong,25.57,91.88,1513.0,0.1,0.1,0.1,0.3,21.5,12.1,4.2
2026-02-21,Meghalaya,East Khasi Hills,Shillong,25.57,91.88,1513.0,0.0,0.1,0.1,0.2,21.9,11.7,15.2
2026-02-22,Meghalaya,East Khasi Hills,Shillong,25.57,91.88,1513.0,1.1,1.2,1.2,1.2,19.9,9.8,15.7
2026-02-23,Meghalaya,East Khasi Hills,Shillong,25.57,91.88,1513.0,0.0,1.1,1.2,1.2,21.0,9.8,14.8
2026-02-24,Meghalaya,East Khasi Hills,Shillong,25.57,91.88,1513.0,0.1,1.2,1.3,1.3,19.6,9.2,5.9
2026-02-25,Meghalaya,East Khasi Hills,Shillong,25.57,91.88,1513.0,2.9,3.0,4.2,4.2,17.9,9.3,8.1
2026-02-26,Meghalaya,East Khasi Hills,Shillong,25.57,91.88,1513.0,0.5,3.5,4.7,4.7,18.2,8.5,7.1
2026-02-27,Meghalaya,East Khasi Hills,Shillong,25.57,91.88,1513.0,0.5,3.9,5.1,5.2,18.6,10.1,11.1
2026-02-28,Meghalaya,East Khasi Hills,Shillong,25.57,91.88,1513.0,0.0,1.0,5.1,5.2,18.4,9.2,17.3
2026-03-01,Meghalaya,East Khasi Hills,Shillong,25.57,91.88,1513.0,0.3,0.8,4.3,5.5,19.9,11.3,21.1
2026-03-02,Meghalaya,East Khasi Hills,Shillong,25.57,91.88,1513.0,0.0,0.3,4.3,5.5,20.7,10.7,22.9
2026-03-03,Meghalaya,East Khasi Hills,Shillong,25.57,91.88,1513.0,0.0,0.3,4.2,5.5,20.2,9.5,10.3
2026-03-04,Meghalaya,East Khasi Hills,Shillong,25.57,91.88,1513.0,0.0,0.0,1.3,5.5,21.3,10.6,16.2
2026-03-05,Meghalaya,East Khasi Hills,Shillong,25.57,91.88,1513.0,0.0,0.0,0.8,5.5,24.6,11.5,10.8
2026-03-06,Meghalaya,East Khasi Hills,Shillong,25.57,91.88,1513.0,0.0,0.0,0.3,5.4,24.3,13.3,14.0
2026-03-07,Meghalaya,East Khasi Hills,Shillong,25.57,91.88,1513.0,0.0,0.0,0.3,5.4,24.0,12.5,13.7
2026-03-08,Meghalaya,East Khasi Hills,Shillong,25.57,91.88,1513.0,0.0,0.0,0.0,4.3,23.6,12.2,6.9
2026-03-09,Meghalaya,East Khasi Hills,Shillong,25.57,91.88,1513.0,0.1,0.1,0.1,4.4,21.7,12.6,6.8
2026-03-10,Meghalaya,East Khasi Hills,Shillong,25.57,91.88,1513.0,1.5,1.6,1.6,5.8,21.9,11.9,8.1
2026-03-11,Meghalaya,East Khasi Hills,Shillong,25.57,91.88,1513.0,4.3,5.9,5.9,7.2,21.8,13.2,11.3
2026-03-12,Meghalaya,East Khasi Hills,Shillong,25.57,91.88,1513.0,1.7,7.5,7.6,8.4,20.6,12.7,9.2
2026-03-13,Meghalaya,East Khasi Hills,Shillong,25.57,91.88,1513.0,2.0,8.0,9.6,9.9,17.4,13.5,23.9
2026-03-14,Meghalaya,East Khasi Hills,Shillong,25.57,91.88,1513.0,2.1,5.8,11.7,12.0,19.3,14.1,25.3
2026-03-15,Meghalaya,East Khasi Hills,Shillong,25.57,91.88,1513.0,1.5,5.6,13.2,13.2,18.1,13.4,31.0
2026-03-16,Meghalaya,East Khasi Hills,Shillong,25.57,91.88,1513.0,3.2,6.8,16.3,16.4,20.2,12.4,28.8
2026-03-17,Meghalaya,East Khasi Hills,Shillong,25.57,91.88,1513.0,1.0,5.7,15.8,17.4,20.5,13.6,26.7
2026-03-18,Meghalaya,East Khasi Hills,Shillong,25.57,91.88,1513.0,0.6,4.8,12.1,18.0,21.4,12.5,20.2
2026-03-19,Meghalaya,East Khasi Hills,Shillong,25.57,91.88,1513.0,1.9,3.5,12.3,19.9,21.4,12.3,16.5
2026-03-20,Meghalaya,East Khasi Hills,Shillong,25.57,91.88,1513.0,0.7,3.2,11.0,20.6,20.4,12.8,15.3
2026-03-21,Meghalaya,East Khasi Hills,Shillong,25.57,91.88,1513.0,2.0,4.6,10.9,22.6,20.0,11.1,13.0
2026-03-22,Meghalaya,East Khasi Hills,Shillong,25.57,91.88,1513.0,2.2,4.9,11.6,24.8,18.1,9.8,9.9
2026-03-23,Meghalaya,East Khasi Hills,Shillong,25.57,91.88,1513.0,2.9,7.1,11.3,27.6,18.1,9.7,9.6
2026-03-24,Meghalaya,East Khasi Hills,Shillong,25.57,91.88,1513.0,1.1,6.2,11.4,27.2,19.2,10.0,13.7
2026-03-25,Meghalaya,East Khasi Hills,Shillong,25.57,91.88,1513.0,0.0,4.0,10.8,22.9,21.6,12.9,22.0
2026-03-26,Meghalaya,East Khasi Hills,Shillong,25.57,91.88,1513.0,3.4,4.5,12.3,24.6,22.1,12.0,12.1
2026-03-27,Meghalaya,East Khasi Hills,Shillong,25.57,91.88,1513.0,2.2,5.6,13.8,24.8,20.7,11.5,14.4
2026-03-28,Meghalaya,East Khasi Hills,Shillong,25.57,91.88,1513.0,16.8,22.4,28.6,39.5,18.6,10.8,17.2
2026-03-29,Meghalaya,East Khasi Hills,Shillong,25.57,91.88,1513.0,0.7,19.7,27.1,38.7,17.9,11.1,19.8
2026-03-30,Meghalaya,East Khasi Hills,Shillong,25.57,91.88,1513.0,3.2,20.7,27.4,38.7,21.0,12.3,14.8
2026-03-31,Meghalaya,East Khasi Hills,Shillong,25.57,91.88,1513.0,2.0,5.9,28.3,39.7,21.4,14.0,15.2
2026-04-01,Meghalaya,East Khasi Hills,Shillong,25.57,91.88,1513.0,1.3,6.5,29.6,40.4,22.4,14.8,22.5
2026-04-02,Meghalaya,East Khasi Hills,Shillong,25.57,91.88,1513.0,0.0,3.3,26.2,38.5,23.1,15.9,25.8
2026-04-03,Meghalaya,East Khasi Hills,Shillong,25.57,91.88,1513.0,0.0,1.3,24.0,37.8,25.0,16.6,23.1
2026-04-04,Meghalaya,East Khasi Hills,Shillong,25.57,91.88,1513.0,0.5,0.5,7.7,36.3,25.5,17.0,22.5
2026-04-05,Meghalaya,East Khasi Hills,Shillong,25.57,91.88,1513.0,0.6,1.1,7.6,34.7,23.4,16.3,29.0
2026-04-06,Meghalaya,East Khasi Hills,Shillong,25.57,91.88,1513.0,0.9,2.0,5.3,32.7,23.0,15.3,24.6
2026-04-07,Meghalaya,East Khasi Hills,Shillong,25.57,91.88,1513.0,6.5,8.0,9.8,38.1,22.1,12.5,15.8
2026-04-08,Meghalaya,East Khasi Hills,Shillong,25.57,91.88,1513.0,1.1,8.5,9.6,39.2,20.5,11.5,13.6
2026-04-09,Meghalaya,East Khasi Hills,Shillong,25.57,91.88,1513.0,3.3,10.9,12.9,39.1,19.0,12.8,12.2
2026-04-10,Meghalaya,East Khasi Hills,Shillong,25.57,91.88,1513.0,0.6,5.0,13.5,37.5,19.8,11.7,19.2
2026-04-11,Meghalaya,East Khasi Hills,Shillong,25.57,91.88,1513.0,0.0,3.9,13.0,20.7,20.9,12.1,22.6
2026-04-12,Meghalaya,East Khasi Hills,Shillong,25.57,91.88,1513.0,0.1,0.7,12.5,20.1,20.3,13.0,21.7
2026-04-13,Meghalaya,East Khasi Hills,Shillong,25.57,91.88,1513.0,4.1,4.2,15.7,21.0,21.2,15.1,22.1
2026-04-14,Meghalaya,East Khasi Hills,Shillong,25.57,91.88,1513.0,0.0,4.2,9.2,19.0,23.9,14.4,13.9
2026-04-15,Meghalaya,East Khasi Hills,Shillong,25.57,91.88,1513.0,4.7,8.8,12.8,22.4,21.9,15.1,15.8
2026-04-16,Meghalaya,East Khasi Hills,Shillong,25.57,91.88,1513.0,2.9,7.6,12.4,25.3,23.5,14.0,16.2
2026-04-17,Meghalaya,East Khasi Hills,Shillong,25.57,91.88,1513.0,0.7,8.3,12.5,26.0,23.5,14.2,8.1
2026-04-18,Meghalaya,East Khasi Hills,Shillong,25.57,91.88,1513.0,2.3,5.9,14.8,27.8,23.1,14.3,9.0
2026-04-19,Meghalaya,East Khasi Hills,Shillong,25.57,91.88,1513.0,4.2,7.2,18.9,31.4,22.0,16.0,16.1
2026-04-20,Meghalaya,East Khasi Hills,Shillong,25.57,91.88,1513.0,6.9,13.4,21.7,37.4,24.1,16.9,25.8
2026-04-21,Meghalaya,East Khasi Hills,Shillong,25.57,91.88,1513.0,1.1,12.2,22.8,32.0,23.7,17.7,26.4
2026-04-22,Meghalaya,East Khasi Hills,Shillong,25.57,91.88,1513.0,0.3,8.3,18.4,31.2,25.0,16.7,25.0
2026-04-23,Meghalaya,East Khasi Hills,Shillong,25.57,91.88,1513.0,1.5,2.9,17.0,29.4,25.0,16.0,15.2
2026-04-24,Meghalaya,East Khasi Hills,Shillong,25.57,91.88,1513.0,0.7,2.5,17.0,29.5,25.2,16.4,11.5
2026-04-25,Meghalaya,East Khasi Hills,Shillong,25.57,91.88,1513.0,1.2,3.4,15.9,30.7,25.4,16.2,11.3
2026-04-26,Meghalaya,East Khasi Hills,Shillong,25.57,91.88,1513.0,7.4,9.3,19.1,38.0,24.4,14.0,14.9
2026-04-27,Meghalaya,East Khasi Hills,Shillong,25.57,91.88,1513.0,14.8,23.4,27.0,48.7,20.4,14.3,19.9
2026-04-28,Meghalaya,East Khasi Hills,Shillong,25.57,91.88,1513.0,6.0,28.2,31.9,54.7,20.9,15.6,15.2
2026-04-29,Meghalaya,East Khasi Hills,Shillong,25.57,91.88,1513.0,32.3,53.1,63.9,82.3,20.6,14.2,23.9
2026-04-30,Meghalaya,East Khasi Hills,Shillong,25.57,91.88,1513.0,5.6,43.9,68.0,85.0,19.8,13.9,13.1
2026-05-01,Meghalaya,East Khasi Hills,Shillong,25.57,91.88,1513.0,1.2,39.1,68.5,85.5,18.7,11.9,14.3
2026-05-02,Meghalaya,East Khasi Hills,Shillong,25.57,91.88,1513.0,12.1,18.9,79.4,95.3,16.8,12.7,13.1
2026-05-03,Meghalaya,East Khasi Hills,Shillong,25.57,91.88,1513.0,3.0,16.3,75.0,94.1,20.3,13.7,10.3
2026-05-04,Meghalaya,East Khasi Hills,Shillong,25.57,91.88,1513.0,5.7,20.8,65.9,92.9,20.1,12.9,10.4
2026-05-05,Meghalaya,East Khasi Hills,Shillong,25.57,91.88,1513.0,1.2,9.9,61.1,93.0,21.8,14.5,12.4
2026-05-06,Meghalaya,East Khasi Hills,Shillong,25.57,91.88,1513.0,5.6,12.5,34.4,98.3,22.2,14.6,13.0
2026-05-07,Meghalaya,East Khasi Hills,Shillong,25.57,91.88,1513.0,0.4,7.2,29.2,97.2,22.3,13.8,9.2
2026-05-08,Meghalaya,East Khasi Hills,Shillong,25.57,91.88,1513.0,0.5,6.5,28.5,97.0,23.4,13.4,9.3
2026-05-09,Meghalaya,East Khasi Hills,Shillong,25.57,91.88,1513.0,0.7,1.6,17.1,96.5,22.5,14.1,4.9
2026-05-10,Meghalaya,East Khasi Hills,Shillong,25.57,91.88,1513.0,7.0,8.2,21.1,96.1,22.6,14.8,11.8
2026-05-11,Meghalaya,East Khasi Hills,Shillong,25.57,91.88,1513.0,21.7,29.4,37.1,103.0,20.3,13.6,10.8
2026-05-12,Meghalaya,East Khasi Hills,Shillong,25.57,91.88,1513.0,3.4,32.1,39.3,100.4,21.6,12.8,10.7
2026-05-13,Meghalaya,East Khasi Hills,Shillong,25.57,91.88,1513.0,13.2,38.3,46.9,81.3,18.0,14.9,10.7
2026-05-14,Meghalaya,East Khasi Hills,Shillong,25.57,91.88,1513.0,2.0,18.6,48.5,77.7,24.1,15.4,12.8
2026-05-15,Meghalaya,East Khasi Hills,Shillong,25.57,91.88,1513.0,3.4,18.6,51.4,79.9,23.3,17.2,15.1
2026-05-16,Meghalaya,East Khasi Hills,Shillong,25.57,91.88,1513.0,5.0,10.4,55.7,72.8,23.6,18.1,17.1
2026-05-17,Meghalaya,East Khasi Hills,Shillong,25.57,91.88,1513.0,11.2,19.6,59.9,81.0,23.1,18.0,19.8
2026-05-18,Meghalaya,East Khasi Hills,Shillong,25.57,91.88,1513.0,1.3,17.5,39.5,76.6,24.4,18.0,18.5
2026-05-19,Meghalaya,East Khasi Hills,Shillong,25.57,91.88,1513.0,6.4,18.9,42.5,81.8,24.1,17.7,9.7
2026-05-20,Meghalaya,East Khasi Hills,Shillong,25.57,91.88,1513.0,2.6,10.3,31.9,78.8,25.1,16.2,9.2
2026-05-21,Meghalaya,East Khasi Hills,Shillong,25.57,91.88,1513.0,0.6,9.6,30.5,79.0,25.0,16.5,10.0
2026-05-22,Meghalaya,East Khasi Hills,Shillong,25.57,91.88,1513.0,2.7,5.9,29.8,81.2,24.4,17.7,11.3
2026-05-23,Meghalaya,East Khasi Hills,Shillong,25.57,91.88,1513.0,3.2,6.5,28.0,83.7,25.5,18.6,23.0
2026-05-24,Meghalaya,East Khasi Hills,Shillong,25.57,91.88,1513.0,2.4,8.3,19.2,79.1,25.4,19.2,22.8
2026-05-25,Meghalaya,East Khasi Hills,Shillong,25.57,91.88,1513.0,3.6,9.2,21.5,61.0,24.4,18.2,20.2
2026-05-26,Meghalaya,East Khasi Hills,Shillong,25.57,91.88,1513.0,2.8,8.8,17.9,60.4,25.4,16.7,18.5
2026-05-27,Meghalaya,East Khasi Hills,Shillong,25.57,91.88,1513.0,11.9,18.3,27.2,59.1,22.3,16.0,18.0
2026-05-28,Meghalaya,East Khasi Hills,Shillong,25.57,91.88,1513.0,1.3,16.0,27.9,58.4,24.1,15.3,8.1
2026-05-29,Meghalaya,East Khasi Hills,Shillong,25.57,91.88,1513.0,2.7,15.9,27.9,57.7,24.2,15.8,6.4
2026-05-30,Meghalaya,East Khasi Hills,Shillong,25.57,91.88,1513.0,1.9,5.9,26.6,54.6,25.7,17.2,10.0
2026-05-31,Meghalaya,East Khasi Hills,Shillong,25.57,91.88,1513.0,12.6,17.2,36.8,56.0,24.3,18.0,8.7
2026-06-01,Meghalaya,East Khasi Hills,Shillong,25.57,91.88,1513.0,6.5,21.0,39.7,61.2,25.1,17.0,9.1
2026-06-02,Meghalaya,East Khasi Hills,Shillong,25.57,91.88,1513.0,1.8,20.9,38.7,56.6,25.8,17.3,11.7
2026-06-03,Meghalaya,East Khasi Hills,Shillong,25.57,91.88,1513.0,5.1,13.4,31.9,59.1,26.1,18.3,12.6
2026-06-04,Meghalaya,East Khasi Hills,Shillong,25.57,91.88,1513.0,5.9,12.8,36.5,64.4,25.0,18.9,14.6
2026-06-05,Meghalaya,East Khasi Hills,Shillong,25.57,91.88,1513.0,6.8,17.8,40.6,68.5,24.8,18.3,11.2
2026-06-06,Meghalaya,East Khasi Hills,Shillong,25.57,91.88,1513.0,1.6,14.3,40.3,66.9,25.5,17.1,8.7
2026-06-07,Meghalaya,East Khasi Hills,Shillong,25.57,91.88,1513.0,2.1,10.5,29.8,66.6,25.2,18.2,11.1
2026-06-08,Meghalaya,East Khasi Hills,Shillong,25.57,91.88,1513.0,1.5,5.2,24.8,64.5,25.7,18.0,13.7
2026-06-09,Meghalaya,East Khasi Hills,Shillong,25.57,91.88,1513.0,4.7,8.3,27.7,66.4,24.1,17.8,12.6
2026-06-10,Meghalaya,East Khasi Hills,Shillong,25.57,91.88,1513.0,3.3,9.5,25.9,57.8,24.4,18.6,13.1
2026-06-11,Meghalaya,East Khasi Hills,Shillong,25.57,91.88,1513.0,2.6,10.6,22.6,59.1,24.2,18.1,8.2
2026-06-12,Meghalaya,East Khasi Hills,Shillong,25.57,91.88,1513.0,13.1,19.0,28.9,69.5,23.8,18.1,7.4
2026-06-13,Meghalaya,East Khasi Hills,Shillong,25.57,91.88,1513.0,15.7,31.4,43.0,83.3,24.9,18.4,8.9
2026-06-14,Meghalaya,East Khasi Hills,Shillong,25.57,91.88,1513.0,1.8,30.6,42.7,72.5,25.2,18.4,9.4
2026-06-15,Meghalaya,East Khasi Hills,Shillong,25.57,91.88,1513.0,3.5,21.0,44.7,69.5,24.7,18.1,9.9
2026-06-16,Meghalaya,East Khasi Hills,Shillong,25.57,91.88,1513.0,11.4,16.7,51.4,79.1,25.3,17.5,7.9
2026-06-17,Meghalaya,East Khasi Hills,Shillong,25.57,91.88,1513.0,14.2,29.1,62.3,88.2,24.9,17.8,10.3
2026-06-18,Meghalaya,East Khasi Hills,Shillong,25.57,91.88,1513.0,3.3,28.9,63.0,85.6,25.3,17.1,11.4
2026-06-19,Meghalaya,East Khasi Hills,Shillong,25.57,91.88,1513.0,4.3,21.8,54.2,83.1,24.4,18.9,13.4
2026-06-20,Meghalaya,East Khasi Hills,Shillong,25.57,91.88,1513.0,5.3,12.9,43.8,86.8,24.7,18.1,13.6
2026-06-21,Meghalaya,East Khasi Hills,Shillong,25.57,91.88,1513.0,13.6,23.2,55.6,98.3,24.4,19.2,16.9
2026-06-22,Meghalaya,East Khasi Hills,Shillong,25.57,91.88,1513.0,6.1,25.0,58.2,102.9,25.0,18.6,11.0
2026-06-23,Meghalaya,East Khasi Hills,Shillong,25.57,91.88,1513.0,5.0,24.7,51.8,103.2,24.7,18.9,10.6
2026-06-24,Meghalaya,East Khasi Hills,Shillong,25.57,91.88,1513.0,12.1,23.2,49.7,112.0,24.7,19.5,9.7
2026-06-25,Meghalaya,East Khasi Hills,Shillong,25.57,91.88,1513.0,1.8,18.9,48.2,111.2,26.4,18.7,6.3
2026-06-26,Meghalaya,East Khasi Hills,Shillong,25.57,91.88,1513.0,1.9,15.8,45.8,100.0,25.5,18.5,8.8
2026-06-27,Meghalaya,East Khasi Hills,Shillong,25.57,91.88,1513.0,6.6,10.3,47.1,90.9,25.8,19.3,11.4
2026-06-28,Meghalaya,East Khasi Hills,Shillong,25.57,91.88,1513.0,2.2,10.7,35.7,91.3,26.2,20.1,18.6
2026-06-29,Meghalaya,East Khasi Hills,Shillong,25.57,91.88,1513.0,7.4,16.2,37.0,95.2,24.1,19.6,10.6
2026-06-30,Meghalaya,East Khasi Hills,Shillong,25.57,91.88,1513.0,1.7,11.3,33.7,85.5,24.8,19.0,6.3
2026-07-01,Meghalaya,East Khasi Hills,Shillong,25.57,91.88,1513.0,2.5,11.6,24.1,73.8,24.2,18.7,7.7
2026-07-02,Meghalaya,East Khasi Hills,Shillong,25.57,91.88,1513.0,2.2,6.4,24.5,72.7,25.7,19.0,8.3
2026-07-03,Meghalaya,East Khasi Hills,Shillong,25.57,91.88,1513.0,5.1,9.8,27.7,73.5,25.5,18.5,11.4
2026-07-04,Meghalaya,East Khasi Hills,Shillong,25.57,91.88,1513.0,3.0,10.3,24.1,71.2,27.1,19.1,15.0
2026-07-05,Meghalaya,East Khasi Hills,Shillong,25.57,91.88,1513.0,5.2,13.3,27.1,62.8,24.9,19.7,13.7
2026-07-06,Meghalaya,East Khasi Hills,Shillong,25.57,91.88,1513.0,4.4,12.6,24.1,61.1,25.3,19.1,18.2
2026-07-07,Meghalaya,East Khasi Hills,Shillong,25.57,91.88,1513.0,2.9,12.5,25.3,59.0,25.3,19.8,12.8
2026-07-08,Meghalaya,East Khasi Hills,Shillong,25.57,91.88,1513.0,20.9,28.2,43.7,67.8,24.4,19.7,9.7
2026-07-09,Meghalaya,East Khasi Hills,Shillong,25.57,91.88,1513.0,10.6,34.4,52.1,76.6,23.5,19.8,15.3
2026-07-10,Meghalaya,East Khasi Hills,Shillong,25.57,91.88,1513.0,2.6,34.1,49.6,77.3,24.1,19.9,14.8
2026-07-11,Meghalaya,East Khasi Hills,Shillong,25.57,91.88,1513.0,11.9,25.1,58.5,82.6,24.5,20.2,12.6
2026-07-12,Meghalaya,East Khasi Hills,Shillong,25.57,91.88,1513.0,12.2,26.7,65.5,92.6,23.5,20.4,12.8
2026-07-13,Meghalaya,East Khasi Hills,Shillong,25.57,91.88,1513.0,17.7,41.8,78.8,102.9,24.5,19.3,9.7
2026-07-14,Meghalaya,East Khasi Hills,Shillong,25.57,91.88,1513.0,18.8,48.7,94.7,120.0,25.8,17.6,10.2
2026-07-15,Meghalaya,East Khasi Hills,Shillong,25.57,91.88,1513.0,6.7,43.2,80.5,124.2,25.6,19.6,10.6
2026-07-16,Meghalaya,East Khasi Hills,Shillong,25.57,91.88,1513.0,0.3,25.8,70.2,122.3,25.4,19.6,13.9
2026-07-17,Meghalaya,East Khasi Hills,Shillong,25.57,91.88,1513.0,6.0,13.0,73.6,123.2,24.0,20.1,18.0
2026-07-18,Meghalaya,East Khasi Hills,Shillong,25.57,91.88,1513.0,4.1,10.4,65.8,124.3,24.2,19.4,19.2
2026-07-19,Meghalaya,East Khasi Hills,Shillong,25.57,91.88,1513.0,7.5,17.6,61.1,126.6,22.9,19.4,14.9
2026-07-20,Meghalaya,East Khasi Hills,Shillong,25.57,91.88,1513.0,33.0,44.6,76.4,155.2,21.1,18.4,9.1
2026-07-21,Meghalaya,East Khasi Hills,Shillong,25.57,91.88,1513.0,4.4,44.9,62.0,156.7,25.1,18.8,9.0
2026-07-22,Meghalaya,East Khasi Hills,Shillong,25.57,91.88,1513.0,4.9,42.3,60.2,140.7,25.3,18.6,9.2
2026-07-23,Meghalaya,East Khasi Hills,Shillong,25.57,91.88,1513.0,4.1,13.4,64.0,134.2,24.7,19.3,9.4
2026-07-24,Meghalaya,East Khasi Hills,Shillong,25.57,91.88,1513.0,1.5,10.5,59.5,133.1,25.5,19.3,10.2
2026-07-25,Meghalaya,East Khasi Hills,Shillong,25.57,91.88,1513.0,2.2,7.8,57.6,123.4,26.2,18.9,12.5
2026-07-26,Meghalaya,East Khasi Hills,Shillong,25.57,91.88,1513.0,3.7,7.4,53.8,114.9,26.1,19.2,12.3
2026-07-27,Meghalaya,East Khasi Hills,Shillong,25.57,91.88,1513.0,0.4,6.3,21.2,97.6,26.3,19.4,10.6
2026-07-28,Meghalaya,East Khasi Hills,Shillong,25.57,91.88,1513.0,2.9,7.0,19.7,81.7,25.6,18.6,9.4
2026-07-29,Meghalaya,East Khasi Hills,Shillong,25.57,91.88,1513.0,2.6,5.9,17.4,77.6,25.6,19.2,10.6
2026-07-30,Meghalaya,East Khasi Hills,Shillong,25.57,91.88,1513.0,1.4,6.9,14.7,78.7,25.1,19.5,9.1
2026-07-31,Meghalaya,East Khasi Hills,Shillong,25.57,91.88,1513.0,3.5,7.5,16.7,76.2,25.4,19.2,8.0
2026-08-01,Meghalaya,East Khasi Hills,Shillong,25.57,91.88,1513.0,2.5,7.4,17.0,74.6,23.5,19.9,10.2
2026-08-02,Meghalaya,East Khasi Hills,Shillong,25.57,91.88,1513.0,3.5,9.5,16.8,70.6,24.4,19.8,10.2
2026-08-03,Meghalaya,East Khasi Hills,Shillong,25.57,91.88,1513.0,2.6,8.6,19.0,40.2,23.9,20.3,7.9
2026-08-04,Meghalaya,East Khasi Hills,Shillong,25.57,91.88,1513.0,6.0,12.1,22.1,41.8,22.9,20.1,7.3
2026-08-05,Meghalaya,East Khasi Hills,Shillong,25.57,91.88,1513.0,32.5,41.1,52.0,69.4,21.0,19.3,7.2
2026-08-06,Meghalaya,East Khasi Hills,Shillong,25.57,91.88,1513.0,2.4,40.9,53.0,67.7,25.0,18.6,10.8
2026-08-07,Meghalaya,East Khasi Hills,Shillong,25.57,91.88,1513.0,2.6,37.5,52.1,68.8,25.5,19.2,8.5
2026-08-08,Meghalaya,East Khasi Hills,Shillong,25.57,91.88,1513.0,1.8,6.8,51.4,68.4,24.8,19.0,8.5
2026-08-09,Meghalaya,East Khasi Hills,Shillong,25.57,91.88,1513.0,8.1,12.5,56.0,72.8,24.4,17.9,7.3
2026-08-10,Meghalaya,East Khasi Hills,Shillong,25.57,91.88,1513.0,9.0,18.9,62.4,81.4,25.9,18.1,11.4
2026-08-11,Meghalaya,East Khasi Hills,Shillong,25.57,91.88,1513.0,1.6,18.7,58.0,80.1,26.9,19.2,12.7
2026-08-12,Meghalaya,East Khasi Hills,Shillong,25.57,91.88,1513.0,2.6,13.2,28.1,80.1,27.0,19.2,14.4
2026-08-13,Meghalaya,East Khasi Hills,Shillong,25.57,91.88,1513.0,2.0,6.2,27.7,80.7,25.6,19.8,12.5
2026-08-14,Meghalaya,East Khasi Hills,Shillong,25.57,91.88,1513.0,0.6,5.2,25.7,77.8,27.0,19.4,8.6
2026-08-15,Meghalaya,East Khasi Hills,Shillong,25.57,91.88,1513.0,2.4,5.0,26.3,77.7,27.1,19.9,8.4
2026-08-16,Meghalaya,East Khasi Hills,Shillong,25.57,91.88,1513.0,4.8,7.8,23.0,79.0,26.6,19.7,13.7
2026-08-17,Meghalaya,East Khasi Hills,Shillong,25.57,91.88,1513.0,12.3,19.5,26.3,88.7,23.8,19.4,13.5
2026-08-18,Meghalaya,East Khasi Hills,Shillong,25.57,91.88,1513.0,4.8,21.9,29.5,87.5,25.3,19.5,10.3
2026-08-19,Meghalaya,East Khasi Hills,Shillong,25.57,91.88,1513.0,1.7,18.8,28.6,56.7,25.1,19.8,9.4
2026-08-20,Meghalaya,East Khasi Hills,Shillong,25.57,91.88,1513.0,8.5,15.0,35.1,62.8,25.1,18.7,5.9
2026-08-21,Meghalaya,East Khasi Hills,Shillong,25.57,91.88,1513.0,7.4,17.6,41.9,67.6,25.8,19.3,9.3
2026-08-22,Meghalaya,East Khasi Hills,Shillong,25.57,91.88,1513.0,2.1,18.0,41.6,67.9,26.2,18.6,7.9
2026-08-23,Meghalaya,East Khasi Hills,Shillong,25.57,91.88,1513.0,8.4,17.9,45.2,68.2,26.6,19.3,7.9
2026-08-24,Meghalaya,East Khasi Hills,Shillong,25.57,91.88,1513.0,2.3,12.8,35.2,61.5,24.6,20.1,15.7
2026-08-25,Meghalaya,East Khasi Hills,Shillong,25.57,91.88,1513.0,3.3,14.0,33.7,63.2,24.5,20.0,11.5
2026-08-26,Meghalaya,East Khasi Hills,Shillong,25.57,91.88,1513.0,4.0,9.6,36.0,64.6,26.0,19.8,7.6
2026-08-27,Meghalaya,East Khasi Hills,Shillong,25.57,91.88,1513.0,13.6,20.9,41.1,76.2,25.3,19.2,7.4
2026-08-28,Meghalaya,East Khasi Hills,Shillong,25.57,91.88,1513.0,7.3,24.9,41.0,82.9,25.5,19.1,9.3
2026-08-29,Meghalaya,East Khasi Hills,Shillong,25.57,91.88,1513.0,5.1,26.0,44.0,85.6,25.9,19.8,11.6
2026-08-30,Meghalaya,East Khasi Hills,Shillong,25.57,91.88,1513.0,5.7,18.1,41.3,86.5,26.4,19.2,12.3
2026-08-31,Meghalaya,East Khasi Hills,Shillong,25.57,91.88,1513.0,7.4,18.2,46.4,81.6,23.4,19.2,12.7
2026-09-01,Meghalaya,East Khasi Hills,Shillong,25.57,91.88,1513.0,12.8,25.9,55.9,89.6,22.0,18.5,10.2
2026-09-02,Meghalaya,East Khasi Hills,Shillong,25.57,91.88,1513.0,4.4,24.6,56.3,92.3,24.4,18.5,9.2
2026-09-03,Meghalaya,East Khasi Hills,Shillong,25.57,91.88,1513.0,12.2,29.4,54.9,96.0,24.3,17.8,8.8
2026-09-04,Meghalaya,East Khasi Hills,Shillong,25.57,91.88,1513.0,1.3,17.9,48.9,89.9,25.3,18.8,7.0
2026-09-05,Meghalaya,East Khasi Hills,Shillong,25.57,91.88,1513.0,2.2,15.7,46.0,90.0,24.3,18.8,6.1
2026-09-06,Meghalaya,East Khasi Hills,Shillong,25.57,91.88,1513.0,4.2,7.7,44.5,85.8,24.0,18.5,7.9
2026-09-07,Meghalaya,East Khasi Hills,Shillong,25.57,91.88,1513.0,2.5,8.9,39.6,86.0,25.3,18.2,8.4
2026-09-08,Meghalaya,East Khasi Hills,Shillong,25.57,91.88,1513.0,6.9,13.6,33.7,89.6,25.0,18.0,8.2
2025-01-01,Mizoram,Aizawl,Aizawl,23.73,92.72,973.0,0.0,0.0,0.0,0.0,20.4,5.2,7.1
2025-01-02,Mizoram,Aizawl,Aizawl,23.73,92.72,973.0,0.0,0.0,0.0,0.0,20.8,6.9,6.8
2025-01-03,Mizoram,Aizawl,Aizawl,23.73,92.72,973.0,0.0,0.0,0.0,0.0,21.5,6.1,5.3
2025-01-04,Mizoram,Aizawl,Aizawl,23.73,92.72,973.0,0.0,0.0,0.0,0.0,21.7,6.0,7.3
2025-01-05,Mizoram,Aizawl,Aizawl,23.73,92.72,973.0,0.0,0.0,0.0,0.0,22.0,7.5,7.0
2025-01-06,Mizoram,Aizawl,Aizawl,23.73,92.72,973.0,0.0,0.0,0.0,0.0,21.8,7.9,7.0
2025-01-07,Mizoram,Aizawl,Aizawl,23.73,92.72,973.0,0.6,0.6,0.6,0.6,20.5,7.7,11.6
2025-01-08,Mizoram,Aizawl,Aizawl,23.73,92.72,973.0,1.4,2.0,2.0,2.0,18.7,8.6,6.3
2025-01-09,Mizoram,Aizawl,Aizawl,23.73,92.72,973.0,0.0,2.0,2.0,2.0,20.2,4.9,7.1
2025-01-10,Mizoram,Aizawl,Aizawl,23.73,92.72,973.0,0.0,1.4,2.0,2.0,20.9,5.1,8.4
2025-01-11,Mizoram,Aizawl,Aizawl,23.73,92.72,973.0,0.0,0.0,2.0,2.0,21.7,3.9,5.9
2025-01-12,Mizoram,Aizawl,Aizawl,23.73,92.72,973.0,0.0,0.0,2.0,2.0,21.6,5.7,9.5
2025-01-13,Mizoram,Aizawl,Aizawl,23.73,92.72,973.0,0.0,0.0,2.0,2.0,20.9,5.8,10.8
2025-01-14,Mizoram,Aizawl,Aizawl,23.73,92.72,973.0,0.0,0.0,1.4,2.0,20.9,5.5,9.4
2025-01-15,Mizoram,Aizawl,Aizawl,23.73,92.72,973.0,0.0,0.0,0.0,2.0,22.3,5.8,5.1
2025-01-16,Mizoram,Aizawl,Aizawl,23.73,92.72,973.0,0.0,0.0,0.0,2.0,22.6,6.2,5.4
2025-01-17,Mizoram,Aizawl,Aizawl,23.73,92.72,973.0,0.0,0.0,0.0,2.0,22.3,6.7,6.7
2025-01-18,Mizoram,Aizawl,Aizawl,23.73,92.72,973.0,0.0,0.0,0.0,2.0,22.0,6.2,5.6
2025-01-19,Mizoram,Aizawl,Aizawl,23.73,92.72,973.0,0.0,0.0,0.0,2.0,21.9,6.0,7.3
2025-01-20,Mizoram,Aizawl,Aizawl,23.73,92.72,973.0,0.0,0.0,0.0,2.0,21.8,6.3,9.1
2025-01-21,Mizoram,Aizawl,Aizawl,23.73,92.72,973.0,0.0,0.0,0.0,1.4,21.8,4.3,8.5
2025-01-22,Mizoram,Aizawl,Aizawl,23.73,92.72,973.0,0.0,0.0,0.0,0.0,22.2,4.7,5.6
2025-01-23,Mizoram,Aizawl,Aizawl,23.73,92.72,973.0,0.0,0.0,0.0,0.0,22.7,6.0,8.6
2025-01-24,Mizoram,Aizawl,Aizawl,23.73,92.72,973.0,0.0,0.0,0.0,0.0,20.9,3.9,6.5
2025-01-25,Mizoram,Aizawl,Aizawl,23.73,92.72,973.0,0.0,0.0,0.0,0.0,20.1,6.0,9.4
2025-01-26,Mizoram,Aizawl,Aizawl,23.73,92.72,973.0,0.0,0.0,0.0,0.0,20.2,6.0,4.8
2025-01-27,Mizoram,Aizawl,Aizawl,23.73,92.72,973.0,0.0,0.0,0.0,0.0,19.8,4.3,8.5
2025-01-28,Mizoram,Aizawl,Aizawl,23.73,92.72,973.0,0.0,0.0,0.0,0.0,19.5,4.2,8.2
2025-01-29,Mizoram,Aizawl,Aizawl,23.73,92.72,973.0,0.0,0.0,0.0,0.0,19.7,4.9,7.1
2025-01-30,Mizoram,Aizawl,Aizawl,23.73,92.72,973.0,0.0,0.0,0.0,0.0,20.2,4.9,9.5
2025-01-31,Mizoram,Aizawl,Aizawl,23.73,92.72,973.0,0.4,0.4,0.4,0.4,21.2,9.7,12.6
2025-02-01,Mizoram,Aizawl,Aizawl,23.73,92.72,973.0,0.0,0.4,0.4,0.4,22.0,9.0,8.2
2025-02-02,Mizoram,Aizawl,Aizawl,23.73,92.72,973.0,0.0,0.4,0.4,0.4,22.5,7.6,11.1
2025-02-03,Mizoram,Aizawl,Aizawl,23.73,92.72,973.0,0.0,0.0,0.4,0.4,21.8,7.7,7.4
2025-02-04,Mizoram,Aizawl,Aizawl,23.73,92.72,973.0,0.0,0.0,0.4,0.4,21.9,5.6,8.7
2025-02-05,Mizoram,Aizawl,Aizawl,23.73,92.72,973.0,0.0,0.0,0.4,0.4,22.0,6.5,8.3
2025-02-06,Mizoram,Aizawl,Aizawl,23.73,92.72,973.0,0.0,0.0,0.4,0.4,23.5,7.3,11.3
2025-02-07,Mizoram,Aizawl,Aizawl,23.73,92.72,973.0,0.0,0.0,0.0,0.4,23.3,7.5,8.1
2025-02-08,Mizoram,Aizawl,Aizawl,23.73,92.72,973.0,0.0,0.0,0.0,0.4,22.3,4.1,8.6
2025-02-09,Mizoram,Aizawl,Aizawl,23.73,92.72,973.0,0.0,0.0,0.0,0.4,22.5,4.2,10.7
2025-02-10,Mizoram,Aizawl,Aizawl,23.73,92.72,973.0,0.0,0.0,0.0,0.4,21.8,4.7,10.3
2025-02-11,Mizoram,Aizawl,Aizawl,23.73,92.72,973.0,0.0,0.0,0.0,0.4,22.7,5.0,11.1
2025-02-12,Mizoram,Aizawl,Aizawl,23.73,92.72,973.0,0.0,0.0,0.0,0.4,23.4,9.4,10.9
2025-02-13,Mizoram,Aizawl,Aizawl,23.73,92.72,973.0,1.2,1.2,1.2,1.6,22.8,8.9,14.8
2025-02-14,Mizoram,Aizawl,Aizawl,23.73,92.72,973.0,0.5,1.7,1.7,1.7,22.6,10.5,12.5
2025-02-15,Mizoram,Aizawl,Aizawl,23.73,92.72,973.0,0.0,1.7,1.7,1.7,22.7,8.5,9.2
2025-02-16,Mizoram,Aizawl,Aizawl,23.73,92.72,973.0,0.0,0.5,1.7,1.7,22.7,6.6,12.3
2025-02-17,Mizoram,Aizawl,Aizawl,23.73,92.72,973.0,0.0,0.0,1.7,1.7,24.6,7.2,10.7
2025-02-18,Mizoram,Aizawl,Aizawl,23.73,92.72,973.0,0.7,0.7,2.4,2.4,24.9,10.3,12.8
2025-02-19,Mizoram,Aizawl,Aizawl,23.73,92.72,973.0,0.2,0.9,2.6,2.6,24.0,8.4,13.3
2025-02-20,Mizoram,Aizawl,Aizawl,23.73,92.72,973.0,0.0,0.9,1.4,2.6,25.4,7.3,11.7
2025-02-21,Mizoram,Aizawl,Aizawl,23.73,92.72,973.0,0.0,0.2,0.9,2.6,25.0,8.6,11.3
2025-02-22,Mizoram,Aizawl,Aizawl,23.73,92.72,973.0,0.0,0.0,0.9,2.6,25.6,8.9,10.3
2025-02-23,Mizoram,Aizawl,Aizawl,23.73,92.72,973.0,0.3,0.3,1.2,2.9,24.3,9.1,11.1
2025-02-24,Mizoram,Aizawl,Aizawl,23.73,92.72,973.0,0.0,0.3,1.2,2.9,25.5,7.9,10.7
2025-02-25,Mizoram,Aizawl,Aizawl,23.73,92.72,973.0,0.0,0.3,0.5,2.9,24.7,8.6,11.5
2025-02-26,Mizoram,Aizawl,Aizawl,23.73,92.72,973.0,0.0,0.0,0.3,2.9,26.4,6.6,9.9
2025-02-27,Mizoram,Aizawl,Aizawl,23.73,92.72,973.0,0.0,0.0,0.3,1.7,26.2,8.3,11.8
2025-02-28,Mizoram,Aizawl,Aizawl,23.73,92.72,973.0,0.0,0.0,0.3,1.2,25.7,8.7,12.8
2025-03-01,Mizoram,Aizawl,Aizawl,23.73,92.72,973.0,0.0,0.0,0.3,1.2,26.3,11.0,14.0
2025-03-02,Mizoram,Aizawl,Aizawl,23.73,92.72,973.0,4.7,4.7,4.7,5.9,26.4,13.3,16.4
2025-03-03,Mizoram,Aizawl,Aizawl,23.73,92.72,973.0,1.3,6.0,6.0,7.2,26.1,10.9,14.7
2025-03-04,Mizoram,Aizawl,Aizawl,23.73,92.72,973.0,0.0,6.0,6.0,6.5,27.4,10.7,15.1
2025-03-05,Mizoram,Aizawl,Aizawl,23.73,92.72,973.0,0.0,1.3,6.0,6.3,26.1,10.4,16.6
2025-03-06,Mizoram,Aizawl,Aizawl,23.73,92.72,973.0,0.0,0.0,6.0,6.3,27.5,11.3,12.5
2025-03-07,Mizoram,Aizawl,Aizawl,23.73,92.72,973.0,0.0,0.0,6.0,6.3,25.4,9.3,13.8
2025-03-08,Mizoram,Aizawl,Aizawl,23.73,92.72,973.0,0.0,0.0,6.0,6.3,25.8,7.9,12.3
2025-03-09,Mizoram,Aizawl,Aizawl,23.73,92.72,973.0,0.0,0.0,1.3,6.0,27.1,8.6,13.4
2025-03-10,Mizoram,Aizawl,Aizawl,23.73,92.72,973.0,0.0,0.0,0.0,6.0,28.1,8.1,8.9
2025-03-11,Mizoram,Aizawl,Aizawl,23.73,92.72,973.0,0.0,0.0,0.0,6.0,28.4,8.8,14.9
2025-03-12,Mizoram,Aizawl,Aizawl,23.73,92.72,973.0,0.0,0.0,0.0,6.0,26.5,12.0,17.9
2025-03-13,Mizoram,Aizawl,Aizawl,23.73,92.72,973.0,0.1,0.1,0.1,6.1,28.4,11.2,18.5
2025-03-14,Mizoram,Aizawl,Aizawl,23.73,92.72,973.0,1.4,1.5,1.5,7.5,27.9,15.5,15.5
2025-03-15,Mizoram,Aizawl,Aizawl,23.73,92.72,973.0,0.0,1.5,1.5,7.5,29.3,14.5,13.5
2025-03-16,Mizoram,Aizawl,Aizawl,23.73,92.72,973.0,0.4,1.8,1.9,3.2,29.2,13.8,16.8
2025-03-17,Mizoram,Aizawl,Aizawl,23.73,92.72,973.0,2.2,2.6,4.1,4.1,26.2,15.6,14.1
2025-03-18,Mizoram,Aizawl,Aizawl,23.73,92.72,973.0,0.6,3.2,4.7,4.7,24.8,16.0,13.9
2025-03-19,Mizoram,Aizawl,Aizawl,23.73,92.72,973.0,0.0,2.8,4.7,4.7,28.2,14.5,12.4
2025-03-20,Mizoram,Aizawl,Aizawl,23.73,92.72,973.0,8.3,8.9,12.9,13.0,28.6,13.8,14.1
2025-03-21,Mizoram,Aizawl,Aizawl,23.73,92.72,973.0,0.6,8.9,12.1,13.6,25.5,13.7,10.4
2025-03-22,Mizoram,Aizawl,Aizawl,23.73,92.72,973.0,0.0,8.9,12.1,13.6,25.7,14.5,11.8
2025-03-23,Mizoram,Aizawl,Aizawl,23.73,92.72,973.0,0.0,0.6,11.7,13.6,28.1,12.8,9.5
2025-03-24,Mizoram,Aizawl,Aizawl,23.73,92.72,973.0,0.0,0.0,9.5,13.6,27.5,11.3,10.1
2025-03-25,Mizoram,Aizawl,Aizawl,23.73,92.72,973.0,0.0,0.0,8.9,13.6,28.9,11.8,10.3
2025-03-26,Mizoram,Aizawl,Aizawl,23.73,92.72,973.0,0.0,0.0,8.9,13.6,29.0,11.5,11.1
2025-03-27,Mizoram,Aizawl,Aizawl,23.73,92.72,973.0,0.0,0.0,0.6,13.5,27.9,11.8,9.1
2025-03-28,Mizoram,Aizawl,Aizawl,23.73,92.72,973.0,0.0,0.0,0.0,12.1,29.6,13.3,13.3
2025-03-29,Mizoram,Aizawl,Aizawl,23.73,92.72,973.0,0.0,0.0,0.0,12.1,30.4,14.4,14.7
2025-03-30,Mizoram,Aizawl,Aizawl,23.73,92.72,973.0,0.0,0.0,0.0,11.7,30.2,12.8,11.8
2025-03-31,Mizoram,Aizawl,Aizawl,23.73,92.72,973.0,0.0,0.0,0.0,9.5,29.7,14.3,13.2
2025-04-01,Mizoram,Aizawl,Aizawl,23.73,92.72,973.0,0.0,0.0,0.0,8.9,28.9,14.5,12.4
2025-04-02,Mizoram,Aizawl,Aizawl,23.73,92.72,973.0,0.0,0.0,0.0,8.9,30.2,14.3,11.0
2025-04-03,Mizoram,Aizawl,Aizawl,23.73,92.72,973.0,0.0,0.0,0.0,0.6,31.2,15.2,11.5
2025-04-04,Mizoram,Aizawl,Aizawl,23.73,92.72,973.0,0.0,0.0,0.0,0.0,29.5,16.5,9.6
2025-04-05,Mizoram,Aizawl,Aizawl,23.73,92.72,973.0,5.8,5.8,5.8,5.8,28.3,18.4,15.9
2025-04-06,Mizoram,Aizawl,Aizawl,23.73,92.72,973.0,0.0,5.8,5.8,5.8,30.1,14.3,19.2
2025-04-07,Mizoram,Aizawl,Aizawl,23.73,92.72,973.0,0.0,5.8,5.8,5.8,30.3,13.6,9.3
2025-04-08,Mizoram,Aizawl,Aizawl,23.73,92.72,973.0,0.4,0.4,6.2,6.2,29.2,15.7,11.0
2025-04-09,Mizoram,Aizawl,Aizawl,23.73,92.72,973.0,0.2,0.6,6.4,6.4,28.9,14.3,10.6
2025-04-10,Mizoram,Aizawl,Aizawl,23.73,92.72,973.0,0.8,1.4,7.2,7.2,29.5,14.9,10.9
2025-04-11,Mizoram,Aizawl,Aizawl,23.73,92.72,973.0,1.8,2.8,9.0,9.0,27.7,15.8,12.3
2025-04-12,Mizoram,Aizawl,Aizawl,23.73,92.72,973.0,1.7,4.3,4.9,10.7,28.3,16.5,10.4
2025-04-13,Mizoram,Aizawl,Aizawl,23.73,92.72,973.0,0.0,3.5,4.9,10.7,30.6,14.3,10.2
2025-04-14,Mizoram,Aizawl,Aizawl,23.73,92.72,973.0,2.3,4.0,7.2,13.0,30.5,15.6,8.6
2025-04-15,Mizoram,Aizawl,Aizawl,23.73,92.72,973.0,10.4,12.7,17.2,23.4,29.1,15.6,16.0
2025-04-16,Mizoram,Aizawl,Aizawl,23.73,92.72,973.0,8.3,21.0,25.3,31.7,25.7,15.5,7.3
2025-04-17,Mizoram,Aizawl,Aizawl,23.73,92.72,973.0,0.0,18.7,24.5,31.7,27.4,15.1,9.0
2025-04-18,Mizoram,Aizawl,Aizawl,23.73,92.72,973.0,4.0,12.3,26.7,35.7,25.8,15.0,9.5
2025-04-19,Mizoram,Aizawl,Aizawl,23.73,92.72,973.0,8.0,12.0,33.0,37.9,25.9,14.6,10.9
2025-04-20,Mizoram,Aizawl,Aizawl,23.73,92.72,973.0,2.8,14.8,35.8,40.7,26.0,14.4,11.9
2025-04-21,Mizoram,Aizawl,Aizawl,23.73,92.72,973.0,6.5,17.3,40.0,47.2,26.1,16.6,11.4
2025-04-22,Mizoram,Aizawl,Aizawl,23.73,92.72,973.0,2.8,12.1,32.4,49.6,28.1,16.6,15.4
2025-04-23,Mizoram,Aizawl,Aizawl,23.73,92.72,973.0,0.0,9.3,24.1,49.4,28.2,19.0,20.4
2025-04-24,Mizoram,Aizawl,Aizawl,23.73,92.72,973.0,0.6,3.4,24.7,49.2,27.5,18.9,20.5
2025-04-25,Mizoram,Aizawl,Aizawl,23.73,92.72,973.0,1.1,1.7,21.8,48.5,29.1,19.4,17.4
2025-04-26,Mizoram,Aizawl,Aizawl,23.73,92.72,973.0,0.0,1.7,13.8,46.8,29.6,17.4,16.0
2025-04-27,Mizoram,Aizawl,Aizawl,23.73,92.72,973.0,0.1,1.2,11.1,46.9,31.2,17.5,8.0
2025-04-28,Mizoram,Aizawl,Aizawl,23.73,92.72,973.0,0.3,0.4,4.9,44.9,31.0,16.8,14.9
2025-04-29,Mizoram,Aizawl,Aizawl,23.73,92.72,973.0,0.1,0.5,2.2,34.6,30.0,14.5,13.4
2025-04-30,Mizoram,Aizawl,Aizawl,23.73,92.72,973.0,0.0,0.4,2.2,26.3,30.2,15.0,11.2
2025-05-01,Mizoram,Aizawl,Aizawl,23.73,92.72,973.0,8.9,9.0,10.5,35.2,26.1,16.3,13.4
2025-05-02,Mizoram,Aizawl,Aizawl,23.73,92.72,973.0,4.5,13.4,13.9,35.7,27.7,15.4,7.9
2025-05-03,Mizoram,Aizawl,Aizawl,23.73,92.72,973.0,1.7,15.1,15.6,29.4,25.1,15.6,8.3
2025-05-04,Mizoram,Aizawl,Aizawl,23.73,92.72,973.0,0.5,6.7,16.0,27.1,27.5,14.8,7.0
2025-05-05,Mizoram,Aizawl,Aizawl,23.73,92.72,973.0,1.8,4.0,17.5,22.4,28.4,15.4,11.6
2025-05-06,Mizoram,Aizawl,Aizawl,23.73,92.72,973.0,1.3,3.6,18.7,20.9,28.1,16.4,8.9
2025-05-07,Mizoram,Aizawl,Aizawl,23.73,92.72,973.0,0.3,3.4,19.0,21.2,28.4,16.8,10.6
2025-05-08,Mizoram,Aizawl,Aizawl,23.73,92.72,973.0,0.1,1.7,10.2,20.7,28.7,17.1,11.1
2025-05-09,Mizoram,Aizawl,Aizawl,23.73,92.72,973.0,0.0,0.4,5.7,19.6,29.8,18.3,9.7
2025-05-10,Mizoram,Aizawl,Aizawl,23.73,92.72,973.0,0.2,0.3,4.2,19.8,30.4,18.4,12.0
2025-05-11,Mizoram,Aizawl,Aizawl,23.73,92.72,973.0,0.3,0.5,4.0,20.0,31.1,18.3,10.1
2025-05-12,Mizoram,Aizawl,Aizawl,23.73,92.72,973.0,4.0,4.5,6.2,23.7,27.9,18.7,6.7
2025-05-13,Mizoram,Aizawl,Aizawl,23.73,92.72,973.0,0.7,5.0,5.6,24.3,28.6,17.7,13.1
2025-05-14,Mizoram,Aizawl,Aizawl,23.73,92.72,973.0,0.4,5.1,5.7,24.7,29.0,18.7,10.2
2025-05-15,Mizoram,Aizawl,Aizawl,23.73,92.72,973.0,6.3,7.4,11.9,22.1,29.7,19.4,8.8
2025-05-16,Mizoram,Aizawl,Aizawl,23.73,92.72,973.0,1.6,8.3,13.5,19.2,28.9,18.6,8.1
2025-05-17,Mizoram,Aizawl,Aizawl,23.73,92.72,973.0,1.4,9.3,14.7,18.9,29.1,18.0,9.6
2025-05-18,Mizoram,Aizawl,Aizawl,23.73,92.72,973.0,0.7,3.7,15.1,19.1,28.1,18.5,9.0
2025-05-19,Mizoram,Aizawl,Aizawl,23.73,92.72,973.0,0.0,2.1,11.1,17.3,28.8,17.3,10.4
2025-05-20,Mizoram,Aizawl,Aizawl,23.73,92.72,973.0,13.9,14.6,24.3,29.9,27.3,18.3,13.0
2025-05-21,Mizoram,Aizawl,Aizawl,23.73,92.72,973.0,1.4,15.3,25.3,31.0,27.2,17.8,10.8
2025-05-22,Mizoram,Aizawl,Aizawl,23.73,92.72,973.0,5.7,21.0,24.7,36.6,26.2,18.5,11.9
2025-05-23,Mizoram,Aizawl,Aizawl,23.73,92.72,973.0,2.6,9.7,25.7,39.2,27.0,18.6,9.1
2025-05-24,Mizoram,Aizawl,Aizawl,23.73,92.72,973.0,9.9,18.2,34.2,48.9,28.9,19.0,7.8
2025-05-25,Mizoram,Aizawl,Aizawl,23.73,92.72,973.0,27.7,40.2,61.2,76.3,30.7,20.0,13.4
2025-05-26,Mizoram,Aizawl,Aizawl,23.73,92.72,973.0,13.9,51.5,75.1,86.2,27.2,20.0,6.1
2025-05-27,Mizoram,Aizawl,Aizawl,23.73,92.72,973.0,23.8,65.4,85.0,109.3,29.9,20.2,7.2
2025-05-28,Mizoram,Aizawl,Aizawl,23.73,92.72,973.0,29.8,67.5,113.4,138.7,25.1,19.7,7.5
2025-05-29,Mizoram,Aizawl,Aizawl,23.73,92.72,973.0,33.4,87.0,141.1,165.8,22.4,19.7,6.9
2025-05-30,Mizoram,Aizawl,Aizawl,23.73,92.72,973.0,83.1,146.3,221.6,247.3,21.4,19.8,21.9
2025-05-31,Mizoram,Aizawl,Aizawl,23.73,92.72,973.0,20.3,136.8,232.0,266.2,25.5,19.4,17.3
2025-06-01,Mizoram,Aizawl,Aizawl,23.73,92.72,973.0,20.8,124.2,225.1,286.3,23.7,19.6,14.4
2025-06-02,Mizoram,Aizawl,Aizawl,23.73,92.72,973.0,16.0,57.1,227.2,302.3,24.4,19.2,13.0
2025-06-03,Mizoram,Aizawl,Aizawl,23.73,92.72,973.0,8.9,45.7,212.3,297.3,27.3,18.0,10.8
2025-06-04,Mizoram,Aizawl,Aizawl,23.73,92.72,973.0,3.0,27.9,185.5,298.9,27.5,17.2,12.9
2025-06-05,Mizoram,Aizawl,Aizawl,23.73,92.72,973.0,0.1,12.0,152.2,293.3,27.6,17.7,9.8
2025-06-06,Mizoram,Aizawl,Aizawl,23.73,92.72,973.0,1.5,4.6,70.6,292.2,25.9,18.8,7.2
2025-06-07,Mizoram,Aizawl,Aizawl,23.73,92.72,973.0,1.2,2.8,51.5,283.5,26.8,17.8,5.2
2025-06-08,Mizoram,Aizawl,Aizawl,23.73,92.72,973.0,1.6,4.3,32.3,257.4,28.8,18.3,6.8
2025-06-09,Mizoram,Aizawl,Aizawl,23.73,92.72,973.0,6.0,8.8,22.3,249.5,28.4,19.7,10.8
2025-06-10,Mizoram,Aizawl,Aizawl,23.73,92.72,973.0,13.3,20.9,26.7,239.0,30.1,19.6,8.9
2025-06-11,Mizoram,Aizawl,Aizawl,23.73,92.72,973.0,11.4,30.7,35.1,220.6,29.2,18.6,15.0
2025-06-12,Mizoram,Aizawl,Aizawl,23.73,92.72,973.0,3.7,28.4,38.7,190.9,29.0,19.1,6.0
2025-06-13,Mizoram,Aizawl,Aizawl,23.73,92.72,973.0,6.0,21.1,43.2,113.8,29.7,19.5,9.0
2025-06-14,Mizoram,Aizawl,Aizawl,23.73,92.72,973.0,23.8,33.5,65.8,117.3,27.1,19.4,6.0
2025-06-15,Mizoram,Aizawl,Aizawl,23.73,92.72,973.0,13.0,42.8,77.2,109.5,27.7,19.8,8.5
2025-06-16,Mizoram,Aizawl,Aizawl,23.73,92.72,973.0,24.3,61.1,95.5,117.8,26.8,20.1,7.4
2025-06-17,Mizoram,Aizawl,Aizawl,23.73,92.72,973.0,0.7,38.0,82.9,109.6,27.0,19.5,17.2
2025-06-18,Mizoram,Aizawl,Aizawl,23.73,92.72,973.0,6.9,31.9,78.4,113.5,24.5,20.4,17.8
2025-06-19,Mizoram,Aizawl,Aizawl,23.73,92.72,973.0,3.8,11.4,78.5,117.2,26.0,19.9,18.6
2025-06-20,Mizoram,Aizawl,Aizawl,23.73,92.72,973.0,4.1,14.8,76.6,119.8,26.0,20.6,17.6
2025-06-21,Mizoram,Aizawl,Aizawl,23.73,92.72,973.0,3.2,11.1,56.0,121.8,26.5,20.1,14.6
2025-06-22,Mizoram,Aizawl,Aizawl,23.73,92.72,973.0,3.9,11.2,46.9,124.1,26.9,19.4,9.2
2025-06-23,Mizoram,Aizawl,Aizawl,23.73,92.72,973.0,15.0,22.1,37.6,133.1,27.1,20.4,7.8
2025-06-24,Mizoram,Aizawl,Aizawl,23.73,92.72,973.0,12.8,31.7,49.7,132.6,26.8,19.8,7.2
2025-06-25,Mizoram,Aizawl,Aizawl,23.73,92.72,973.0,10.1,37.9,52.9,131.3,26.7,19.8,7.3
2025-06-26,Mizoram,Aizawl,Aizawl,23.73,92.72,973.0,13.9,36.8,63.0,141.5,26.8,20.2,7.2
2025-06-27,Mizoram,Aizawl,Aizawl,23.73,92.72,973.0,3.2,27.2,62.1,138.7,26.4,18.9,12.8
2025-06-28,Mizoram,Aizawl,Aizawl,23.73,92.72,973.0,1.1,18.2,60.0,116.0,27.7,18.6,16.9
2025-06-29,Mizoram,Aizawl,Aizawl,23.73,92.72,973.0,4.8,9.1,60.9,107.8,29.1,18.6,15.0
2025-06-30,Mizoram,Aizawl,Aizawl,23.73,92.72,973.0,9.4,15.3,55.3,92.9,27.5,20.2,5.4
2025-07-01,Mizoram,Aizawl,Aizawl,23.73,92.72,973.0,11.3,25.5,53.8,103.5,28.5,19.8,8.6
2025-07-02,Mizoram,Aizawl,Aizawl,23.73,92.72,973.0,12.7,33.4,56.4,109.3,25.8,19.5,9.9
2025-07-03,Mizoram,Aizawl,Aizawl,23.73,92.72,973.0,5.6,29.6,48.1,111.1,27.9,19.5,9.9
2025-07-04,Mizoram,Aizawl,Aizawl,23.73,92.72,973.0,3.7,22.0,48.6,110.7,26.1,20.3,16.8
2025-07-05,Mizoram,Aizawl,Aizawl,23.73,92.72,973.0,10.2,19.5,57.7,117.7,26.5,19.6,14.1
2025-07-06,Mizoram,Aizawl,Aizawl,23.73,92.72,973.0,1.5,15.4,54.4,115.3,26.5,20.0,13.1
2025-07-07,Mizoram,Aizawl,Aizawl,23.73,92.72,973.0,22.9,34.6,67.9,123.2,23.8,19.6,7.6
2025-07-08,Mizoram,Aizawl,Aizawl,23.73,92.72,973.0,35.8,60.2,92.4,146.2,23.4,19.6,13.5
2025-07-09,Mizoram,Aizawl,Aizawl,23.73,92.72,973.0,25.9,84.6,105.6,162.0,21.6,19.6,10.0
2025-07-10,Mizoram,Aizawl,Aizawl,23.73,92.72,973.0,6.4,68.1,106.4,154.5,23.3,19.5,10.3
2025-07-11,Mizoram,Aizawl,Aizawl,23.73,92.72,973.0,13.3,45.6,116.0,164.6,27.9,19.3,11.7
2025-07-12,Mizoram,Aizawl,Aizawl,23.73,92.72,973.0,10.0,29.7,115.8,173.5,28.2,19.0,7.6
2025-07-13,Mizoram,Aizawl,Aizawl,23.73,92.72,973.0,4.3,27.6,118.6,173.0,29.7,20.9,7.8
2025-07-14,Mizoram,Aizawl,Aizawl,23.73,92.72,973.0,19.5,33.8,115.2,183.1,25.5,19.7,9.0
2025-07-15,Mizoram,Aizawl,Aizawl,23.73,92.72,973.0,2.0,25.8,81.4,173.8,26.7,18.7,10.6
2025-07-16,Mizoram,Aizawl,Aizawl,23.73,92.72,973.0,1.2,22.7,56.7,162.3,25.8,19.0,8.3
2025-07-17,Mizoram,Aizawl,Aizawl,23.73,92.72,973.0,8.2,11.4,58.5,164.9,26.6,18.7,7.3
2025-07-18,Mizoram,Aizawl,Aizawl,23.73,92.72,973.0,15.8,25.2,61.0,177.0,25.8,19.3,6.5
2025-07-19,Mizoram,Aizawl,Aizawl,23.73,92.72,973.0,16.2,40.2,67.2,183.0,26.1,20.1,5.6
2025-07-20,Mizoram,Aizawl,Aizawl,23.73,92.72,973.0,25.7,57.7,88.6,207.2,25.4,20.2,5.0
2025-07-21,Mizoram,Aizawl,Aizawl,23.73,92.72,973.0,12.0,53.9,81.1,196.3,27.4,19.6,5.8
2025-07-22,Mizoram,Aizawl,Aizawl,23.73,92.72,973.0,15.6,53.3,94.7,176.1,27.9,19.8,8.0
2025-07-23,Mizoram,Aizawl,Aizawl,23.73,92.72,973.0,12.6,40.2,106.1,162.8,28.4,19.5,6.8
2025-07-24,Mizoram,Aizawl,Aizawl,23.73,92.72,973.0,5.0,33.2,102.9,161.4,28.2,20.1,7.7
2025-07-25,Mizoram,Aizawl,Aizawl,23.73,92.72,973.0,36.8,54.4,123.9,184.9,28.5,20.4,15.1
2025-07-26,Mizoram,Aizawl,Aizawl,23.73,92.72,973.0,2.2,44.0,109.9,177.1,25.2,20.6,17.2
2025-07-27,Mizoram,Aizawl,Aizawl,23.73,92.72,973.0,13.8,52.8,98.0,186.6,24.0,20.3,15.1
2025-07-28,Mizoram,Aizawl,Aizawl,23.73,92.72,973.0,14.1,30.1,100.1,181.2,23.2,19.9,9.7
2025-07-29,Mizoram,Aizawl,Aizawl,23.73,92.72,973.0,14.0,41.9,98.5,193.2,26.6,18.3,14.0
2025-07-30,Mizoram,Aizawl,Aizawl,23.73,92.72,973.0,3.2,31.3,89.1,195.2,27.3,19.8,13.1
2025-07-31,Mizoram,Aizawl,Aizawl,23.73,92.72,973.0,9.5,26.7,93.6,196.5,24.9,19.0,13.8
2025-08-01,Mizoram,Aizawl,Aizawl,23.73,92.72,973.0,2.9,15.6,59.7,183.6,25.2,20.1,12.6
2025-08-02,Mizoram,Aizawl,Aizawl,23.73,92.72,973.0,31.7,44.1,89.2,199.1,24.0,20.6,12.1
2025-08-03,Mizoram,Aizawl,Aizawl,23.73,92.72,973.0,15.5,50.1,90.9,188.9,24.0,19.9,16.5
2025-08-04,Mizoram,Aizawl,Aizawl,23.73,92.72,973.0,4.8,52.0,81.6,181.7,25.2,19.5,11.0
2025-08-05,Mizoram,Aizawl,Aizawl,23.73,92.72,973.0,6.5,26.8,74.1,172.6,25.5,19.1,9.3
2025-08-06,Mizoram,Aizawl,Aizawl,23.73,92.72,973.0,10.1,21.4,81.0,170.1,25.6,18.9,8.1
2025-08-07,Mizoram,Aizawl,Aizawl,23.73,92.72,973.0,1.7,18.3,73.2,166.8,25.0,19.9,11.1
2025-08-08,Mizoram,Aizawl,Aizawl,23.73,92.72,973.0,1.4,13.2,71.7,131.4,24.7,19.4,14.8
2025-08-09,Mizoram,Aizawl,Aizawl,23.73,92.72,973.0,1.7,4.8,41.7,130.9,25.6,19.3,11.1
2025-08-10,Mizoram,Aizawl,Aizawl,23.73,92.72,973.0,0.3,3.4,26.5,117.4,26.9,18.8,7.8
2025-08-11,Mizoram,Aizawl,Aizawl,23.73,92.72,973.0,0.9,2.9,22.6,104.2,27.0,19.0,5.6
2025-08-12,Mizoram,Aizawl,Aizawl,23.73,92.72,973.0,5.0,6.2,21.1,95.2,24.1,20.1,5.2
2025-08-13,Mizoram,Aizawl,Aizawl,23.73,92.72,973.0,14.1,20.0,25.1,106.1,24.8,19.5,4.0
2025-08-14,Mizoram,Aizawl,Aizawl,23.73,92.72,973.0,20.5,39.6,43.9,117.1,26.0,19.1,6.2
2025-08-15,Mizoram,Aizawl,Aizawl,23.73,92.72,973.0,10.5,45.1,53.0,124.7,26.6,19.0,6.9
2025-08-16,Mizoram,Aizawl,Aizawl,23.73,92.72,973.0,15.6,46.6,66.9,108.6,28.1,19.1,9.7
2025-08-17,Mizoram,Aizawl,Aizawl,23.73,92.72,973.0,4.0,30.1,70.6,97.1,29.2,19.9,7.8
2025-08-18,Mizoram,Aizawl,Aizawl,23.73,92.72,973.0,4.0,23.6,73.7,96.3,27.6,20.0,8.5
2025-08-19,Mizoram,Aizawl,Aizawl,23.73,92.72,973.0,6.0,14.0,74.7,95.8,27.2,19.3,8.9
2025-08-20,Mizoram,Aizawl,Aizawl,23.73,92.72,973.0,3.1,13.1,63.7,88.8,26.2,18.6,13.2
2025-08-21,Mizoram,Aizawl,Aizawl,23.73,92.72,973.0,6.5,15.6,49.7,93.6,26.5,18.5,15.2
2025-08-22,Mizoram,Aizawl,Aizawl,23.73,92.72,973.0,5.3,14.9,44.5,97.5,26.4,19.3,15.2
2025-08-23,Mizoram,Aizawl,Aizawl,23.73,92.72,973.0,6.6,18.4,35.5,102.4,26.9,18.5,12.4
2025-08-24,Mizoram,Aizawl,Aizawl,23.73,92.72,973.0,10.3,22.2,41.8,112.4,26.4,19.0,8.1
2025-08-25,Mizoram,Aizawl,Aizawl,23.73,92.72,973.0,5.0,21.9,42.8,116.5,27.8,18.7,4.9
2025-08-26,Mizoram,Aizawl,Aizawl,23.73,92.72,973.0,11.5,26.8,48.3,123.0,28.4,18.9,10.1
2025-08-27,Mizoram,Aizawl,Aizawl,23.73,92.72,973.0,14.0,30.5,59.2,122.9,27.1,18.4,13.0
2025-08-28,Mizoram,Aizawl,Aizawl,23.73,92.72,973.0,0.7,26.2,53.4,103.1,25.2,19.1,10.1
2025-08-29,Mizoram,Aizawl,Aizawl,23.73,92.72,973.0,11.8,26.5,59.9,104.4,26.8,18.8,7.6
2025-08-30,Mizoram,Aizawl,Aizawl,23.73,92.72,973.0,12.9,25.4,66.2,101.7,27.2,19.4,6.6
2025-08-31,Mizoram,Aizawl,Aizawl,23.73,92.72,973.0,8.1,32.8,64.0,105.8,27.9,19.3,5.5
2025-09-01,Mizoram,Aizawl,Aizawl,23.73,92.72,973.0,0.1,21.1,59.1,101.9,31.0,19.5,8.0
2025-09-02,Mizoram,Aizawl,Aizawl,23.73,92.72,973.0,0.3,8.5,47.9,96.2,29.0,19.5,7.9
2025-09-03,Mizoram,Aizawl,Aizawl,23.73,92.72,973.0,13.8,14.2,47.7,106.9,28.6,19.2,13.2
2025-09-04,Mizoram,Aizawl,Aizawl,23.73,92.72,973.0,8.5,22.6,55.5,108.9,28.4,19.2,7.9
2025-09-05,Mizoram,Aizawl,Aizawl,23.73,92.72,973.0,5.9,28.2,49.6,109.5,27.9,19.2,5.5
2025-09-06,Mizoram,Aizawl,Aizawl,23.73,92.72,973.0,10.7,25.1,47.4,113.6,28.1,19.8,6.1
2025-09-07,Mizoram,Aizawl,Aizawl,23.73,92.72,973.0,6.4,23.0,45.7,109.7,27.6,18.8,8.6
2025-09-08,Mizoram,Aizawl,Aizawl,23.73,92.72,973.0,3.1,20.2,48.7,107.8,27.1,19.5,7.9
2025-09-09,Mizoram,Aizawl,Aizawl,23.73,92.72,973.0,8.3,17.8,56.7,104.6,27.2,19.4,7.5
2025-09-10,Mizoram,Aizawl,Aizawl,23.73,92.72,973.0,2.8,14.2,45.7,93.4,26.5,19.2,6.2
2025-09-11,Mizoram,Aizawl,Aizawl,23.73,92.72,973.0,9.9,21.0,47.1,102.6,28.0,18.9,6.4
2025-09-12,Mizoram,Aizawl,Aizawl,23.73,92.72,973.0,10.5,23.2,51.7,101.3,26.4,19.6,6.2
2025-09-13,Mizoram,Aizawl,Aizawl,23.73,92.72,973.0,12.7,33.1,53.7,101.1,25.3,19.4,5.0
2025-09-14,Mizoram,Aizawl,Aizawl,23.73,92.72,973.0,14.1,37.3,61.4,107.1,22.2,19.3,7.0
2025-09-15,Mizoram,Aizawl,Aizawl,23.73,92.72,973.0,15.4,42.2,73.7,122.4,23.4,18.4,10.3
2025-09-16,Mizoram,Aizawl,Aizawl,23.73,92.72,973.0,0.6,30.1,66.0,122.7,26.1,18.4,9.4
2025-09-17,Mizoram,Aizawl,Aizawl,23.73,92.72,973.0,0.9,16.9,64.1,109.8,26.4,17.9,5.9
2025-09-18,Mizoram,Aizawl,Aizawl,23.73,92.72,973.0,2.9,4.4,57.1,104.2,24.9,19.1,4.6
2025-09-19,Mizoram,Aizawl,Aizawl,23.73,92.72,973.0,11.2,15.0,57.8,109.5,28.0,19.4,7.3
2025-09-20,Mizoram,Aizawl,Aizawl,23.73,92.72,973.0,3.1,17.2,48.2,101.9,28.7,18.9,7.3
2025-09-21,Mizoram,Aizawl,Aizawl,23.73,92.72,973.0,6.1,20.4,40.2,101.6,29.4,20.0,7.1
2025-09-22,Mizoram,Aizawl,Aizawl,23.73,92.72,973.0,12.1,21.3,36.9,110.6,26.8,20.3,6.1
2025-09-23,Mizoram,Aizawl,Aizawl,23.73,92.72,973.0,4.6,22.8,40.9,106.9,28.2,19.1,7.2
2025-09-24,Mizoram,Aizawl,Aizawl,23.73,92.72,973.0,6.3,23.0,46.3,110.4,28.9,19.1,5.5
2025-09-25,Mizoram,Aizawl,Aizawl,23.73,92.72,973.0,0.1,11.0,43.5,100.6,30.8,19.5,9.5
2025-09-26,Mizoram,Aizawl,Aizawl,23.73,92.72,973.0,0.2,6.6,32.5,90.3,31.7,18.9,9.6
2025-09-27,Mizoram,Aizawl,Aizawl,23.73,92.72,973.0,8.2,8.5,37.6,85.8,27.9,19.5,8.9
2025-09-28,Mizoram,Aizawl,Aizawl,23.73,92.72,973.0,9.2,17.6,40.7,80.9,28.2,19.4,6.2
2025-09-29,Mizoram,Aizawl,Aizawl,23.73,92.72,973.0,0.5,17.9,29.1,66.0,29.0,19.8,7.0
2025-09-30,Mizoram,Aizawl,Aizawl,23.73,92.72,973.0,19.7,29.4,44.2,85.1,30.9,19.2,6.5
2025-10-01,Mizoram,Aizawl,Aizawl,23.73,92.72,973.0,14.9,35.1,52.8,99.1,24.7,18.9,6.7
2025-10-02,Mizoram,Aizawl,Aizawl,23.73,92.72,973.0,8.3,42.9,61.0,104.5,25.0,19.0,10.0
2025-10-03,Mizoram,Aizawl,Aizawl,23.73,92.72,973.0,0.2,23.4,61.0,93.5,26.9,18.8,9.1
2025-10-04,Mizoram,Aizawl,Aizawl,23.73,92.72,973.0,0.4,8.9,53.2,90.8,27.8,19.1,11.4
2025-10-05,Mizoram,Aizawl,Aizawl,23.73,92.72,973.0,1.1,1.7,45.1,85.8,27.5,17.2,12.4
2025-10-06,Mizoram,Aizawl,Aizawl,23.73,92.72,973.0,3.7,5.2,48.3,77.4,26.6,17.8,7.6
2025-10-07,Mizoram,Aizawl,Aizawl,23.73,92.72,973.0,1.2,6.0,29.8,74.0,28.0,18.5,8.9
2025-10-08,Mizoram,Aizawl,Aizawl,23.73,92.72,973.0,3.3,8.2,18.2,71.0,26.2,18.2,6.7
2025-10-09,Mizoram,Aizawl,Aizawl,23.73,92.72,973.0,2.9,7.4,12.8,73.8,26.6,18.3,10.2
2025-10-10,Mizoram,Aizawl,Aizawl,23.73,92.72,973.0,17.0,23.2,29.6,90.6,27.5,18.6,4.8
2025-10-11,Mizoram,Aizawl,Aizawl,23.73,92.72,973.0,8.5,28.4,37.7,90.9,26.3,18.2,8.1
2025-10-12,Mizoram,Aizawl,Aizawl,23.73,92.72,973.0,7.3,32.8,43.9,89.0,26.1,17.8,6.3
2025-10-13,Mizoram,Aizawl,Aizawl,23.73,92.72,973.0,0.9,16.7,41.1,89.4,27.6,18.0,7.3
2025-10-14,Mizoram,Aizawl,Aizawl,23.73,92.72,973.0,4.3,12.5,44.2,74.0,30.1,18.0,7.9
2025-10-15,Mizoram,Aizawl,Aizawl,23.73,92.72,973.0,7.9,13.1,48.8,67.0,29.0,18.2,10.0
2025-10-16,Mizoram,Aizawl,Aizawl,23.73,92.72,973.0,4.4,16.6,50.3,63.1,27.8,18.0,9.0
2025-10-17,Mizoram,Aizawl,Aizawl,23.73,92.72,973.0,3.5,15.8,36.8,66.4,27.5,17.7,8.3
2025-10-18,Mizoram,Aizawl,Aizawl,23.73,92.72,973.0,7.2,15.1,35.5,73.2,28.5,17.7,8.4
2025-10-19,Mizoram,Aizawl,Aizawl,23.73,92.72,973.0,6.4,17.1,34.6,78.5,27.4,18.0,9.2
2025-10-20,Mizoram,Aizawl,Aizawl,23.73,92.72,973.0,0.3,13.9,34.0,75.1,29.4,18.7,8.9
2025-10-21,Mizoram,Aizawl,Aizawl,23.73,92.72,973.0,1.0,7.7,30.7,74.9,28.6,17.0,5.5
2025-10-22,Mizoram,Aizawl,Aizawl,23.73,92.72,973.0,0.3,1.6,23.1,71.9,29.5,17.3,9.6
2025-10-23,Mizoram,Aizawl,Aizawl,23.73,92.72,973.0,1.1,2.4,19.8,70.1,29.6,17.4,10.8
2025-10-24,Mizoram,Aizawl,Aizawl,23.73,92.72,973.0,2.5,3.9,18.8,55.6,27.4,16.9,5.5
2025-10-25,Mizoram,Aizawl,Aizawl,23.73,92.72,973.0,0.1,3.7,11.7,47.2,28.7,17.3,7.6
2025-10-26,Mizoram,Aizawl,Aizawl,23.73,92.72,973.0,0.3,2.9,5.6,40.2,29.3,16.2,6.7
2025-10-27,Mizoram,Aizawl,Aizawl,23.73,92.72,973.0,0.7,1.1,6.0,40.0,29.9,16.4,8.7
2025-10-28,Mizoram,Aizawl,Aizawl,23.73,92.72,973.0,1.4,2.4,6.4,37.1,28.2,17.3,6.7
2025-10-29,Mizoram,Aizawl,Aizawl,23.73,92.72,973.0,1.0,3.1,7.1,30.2,29.0,16.9,7.6
2025-10-30,Mizoram,Aizawl,Aizawl,23.73,92.72,973.0,3.1,5.5,9.1,28.9,29.3,18.2,7.9
2025-10-31,Mizoram,Aizawl,Aizawl,23.73,92.72,973.0,1.8,5.9,8.4,27.2,29.6,17.9,8.8
2025-11-01,Mizoram,Aizawl,Aizawl,23.73,92.72,973.0,0.2,5.1,8.5,20.2,27.5,16.8,7.9
2025-11-02,Mizoram,Aizawl,Aizawl,23.73,92.72,973.0,1.5,3.5,9.7,15.3,28.7,17.7,11.4
2025-11-03,Mizoram,Aizawl,Aizawl,23.73,92.72,973.0,1.5,3.2,10.5,16.5,26.7,18.3,10.6
2025-11-04,Mizoram,Aizawl,Aizawl,23.73,92.72,973.0,4.8,7.8,13.9,20.3,29.6,17.5,7.8
2025-11-05,Mizoram,Aizawl,Aizawl,23.73,92.72,973.0,6.4,12.7,19.3,26.4,24.6,18.5,7.1
2025-11-06,Mizoram,Aizawl,Aizawl,23.73,92.72,973.0,0.8,12.0,17.0,26.1,25.0,17.4,7.2
2025-11-07,Mizoram,Aizawl,Aizawl,23.73,92.72,973.0,0.0,7.2,15.2,23.6,25.7,17.2,9.2
2025-11-08,Mizoram,Aizawl,Aizawl,23.73,92.72,973.0,0.0,0.8,15.0,23.5,26.7,16.8,9.5
2025-11-09,Mizoram,Aizawl,Aizawl,23.73,92.72,973.0,0.0,0.0,13.5,23.2,26.7,14.9,9.5
2025-11-10,Mizoram,Aizawl,Aizawl,23.73,92.72,973.0,0.1,0.1,12.1,22.6,26.2,14.9,10.1
2025-11-11,Mizoram,Aizawl,Aizawl,23.73,92.72,973.0,0.0,0.1,7.3,21.2,25.4,12.7,7.6
2025-11-12,Mizoram,Aizawl,Aizawl,23.73,92.72,973.0,0.0,0.1,0.9,20.2,26.1,10.6,5.3
2025-11-13,Mizoram,Aizawl,Aizawl,23.73,92.72,973.0,0.0,0.0,0.1,17.1,26.5,10.4,6.7
2025-11-14,Mizoram,Aizawl,Aizawl,23.73,92.72,973.0,0.0,0.0,0.1,15.3,25.6,11.1,7.3
2025-11-15,Mizoram,Aizawl,Aizawl,23.73,92.72,973.0,0.0,0.0,0.1,15.1,26.7,9.7,4.5
2025-11-16,Mizoram,Aizawl,Aizawl,23.73,92.72,973.0,0.0,0.0,0.1,13.6,26.4,10.1,7.9
2025-11-17,Mizoram,Aizawl,Aizawl,23.73,92.72,973.0,0.0,0.0,0.0,12.1,27.4,9.9,5.8
2025-11-18,Mizoram,Aizawl,Aizawl,23.73,92.72,973.0,0.0,0.0,0.0,7.3,27.5,10.0,5.5
2025-11-19,Mizoram,Aizawl,Aizawl,23.73,92.72,973.0,0.2,0.2,0.2,1.1,27.4,10.6,8.4
2025-11-20,Mizoram,Aizawl,Aizawl,23.73,92.72,973.0,0.9,1.1,1.1,1.2,24.7,12.7,6.9
2025-11-21,Mizoram,Aizawl,Aizawl,23.73,92.72,973.0,0.0,1.1,1.1,1.2,25.1,11.3,10.4
2025-11-22,Mizoram,Aizawl,Aizawl,23.73,92.72,973.0,0.0,0.9,1.1,1.2,24.0,9.7,8.4
2025-11-23,Mizoram,Aizawl,Aizawl,23.73,92.72,973.0,0.0,0.0,1.1,1.2,24.3,8.5,10.1
2025-11-24,Mizoram,Aizawl,Aizawl,23.73,92.72,973.0,0.0,0.0,1.1,1.1,25.7,7.4,6.6
2025-11-25,Mizoram,Aizawl,Aizawl,23.73,92.72,973.0,0.0,0.0,1.1,1.1,25.5,7.2,7.8
2025-11-26,Mizoram,Aizawl,Aizawl,23.73,92.72,973.0,0.0,0.0,0.9,1.1,25.7,7.2,5.5
2025-11-27,Mizoram,Aizawl,Aizawl,23.73,92.72,973.0,0.0,0.0,0.0,1.1,26.3,7.1,10.2
2025-11-28,Mizoram,Aizawl,Aizawl,23.73,92.72,973.0,0.0,0.0,0.0,1.1,25.4,6.9,9.2
2025-11-29,Mizoram,Aizawl,Aizawl,23.73,92.72,973.0,0.0,0.0,0.0,1.1,24.1,8.3,8.8
2025-11-30,Mizoram,Aizawl,Aizawl,23.73,92.72,973.0,0.0,0.0,0.0,1.1,24.3,7.8,9.2
2025-12-01,Mizoram,Aizawl,Aizawl,23.73,92.72,973.0,0.0,0.0,0.0,1.1,23.9,8.1,8.8
2025-12-02,Mizoram,Aizawl,Aizawl,23.73,92.72,973.0,0.0,0.0,0.0,1.1,24.4,8.8,9.1
2025-12-03,Mizoram,Aizawl,Aizawl,23.73,92.72,973.0,0.0,0.0,0.0,0.9,25.5,8.4,9.6
2025-12-04,Mizoram,Aizawl,Aizawl,23.73,92.72,973.0,0.0,0.0,0.0,0.0,25.8,9.0,8.8
2025-12-05,Mizoram,Aizawl,Aizawl,23.73,92.72,973.0,0.0,0.0,0.0,0.0,26.2,6.3,9.1
2025-12-06,Mizoram,Aizawl,Aizawl,23.73,92.72,973.0,0.0,0.0,0.0,0.0,24.8,6.8,9.4
2025-12-07,Mizoram,Aizawl,Aizawl,23.73,92.72,973.0,0.0,0.0,0.0,0.0,24.6,6.8,9.3
2025-12-08,Mizoram,Aizawl,Aizawl,23.73,92.72,973.0,0.0,0.0,0.0,0.0,24.6,6.2,9.3
2025-12-09,Mizoram,Aizawl,Aizawl,23.73,92.72,973.0,0.0,0.0,0.0,0.0,24.3,7.2,8.9
2025-12-10,Mizoram,Aizawl,Aizawl,23.73,92.72,973.0,0.0,0.0,0.0,0.0,24.3,6.3,7.8
2025-12-11,Mizoram,Aizawl,Aizawl,23.73,92.72,973.0,0.0,0.0,0.0,0.0,24.5,6.3,5.6
2025-12-12,Mizoram,Aizawl,Aizawl,23.73,92.72,973.0,0.0,0.0,0.0,0.0,24.1,5.7,5.3
2025-12-13,Mizoram,Aizawl,Aizawl,23.73,92.72,973.0,0.0,0.0,0.0,0.0,24.5,6.3,6.8
2025-12-14,Mizoram,Aizawl,Aizawl,23.73,92.72,973.0,0.0,0.0,0.0,0.0,24.7,6.9,6.5
2025-12-15,Mizoram,Aizawl,Aizawl,23.73,92.72,973.0,0.0,0.0,0.0,0.0,23.3,7.6,10.0
2025-12-16,Mizoram,Aizawl,Aizawl,23.73,92.72,973.0,0.0,0.0,0.0,0.0,22.0,6.0,9.9
2025-12-17,Mizoram,Aizawl,Aizawl,23.73,92.72,973.0,0.0,0.0,0.0,0.0,23.5,7.0,8.1
2025-12-18,Mizoram,Aizawl,Aizawl,23.73,92.72,973.0,0.0,0.0,0.0,0.0,23.9,6.6,8.5
2025-12-19,Mizoram,Aizawl,Aizawl,23.73,92.72,973.0,0.0,0.0,0.0,0.0,23.3,6.9,11.6
2025-12-20,Mizoram,Aizawl,Aizawl,23.73,92.72,973.0,0.0,0.0,0.0,0.0,22.4,7.1,11.0
2025-12-21,Mizoram,Aizawl,Aizawl,23.73,92.72,973.0,0.0,0.0,0.0,0.0,22.6,7.0,8.8
2025-12-22,Mizoram,Aizawl,Aizawl,23.73,92.72,973.0,0.0,0.0,0.0,0.0,22.6,7.4,10.9
2025-12-23,Mizoram,Aizawl,Aizawl,23.73,92.72,973.0,0.0,0.0,0.0,0.0,21.9,8.0,12.7
2025-12-24,Mizoram,Aizawl,Aizawl,23.73,92.72,973.0,0.0,0.0,0.0,0.0,21.8,6.9,8.4
2025-12-25,Mizoram,Aizawl,Aizawl,23.73,92.72,973.0,0.0,0.0,0.0,0.0,21.3,6.0,9.0
2025-12-26,Mizoram,Aizawl,Aizawl,23.73,92.72,973.0,0.0,0.0,0.0,0.0,21.6,5.3,8.8
2025-12-27,Mizoram,Aizawl,Aizawl,23.73,92.72,973.0,0.0,0.0,0.0,0.0,21.4,4.4,9.0
2025-12-28,Mizoram,Aizawl,Aizawl,23.73,92.72,973.0,0.0,0.0,0.0,0.0,21.2,5.5,9.3
2025-12-29,Mizoram,Aizawl,Aizawl,23.73,92.72,973.0,0.0,0.0,0.0,0.0,20.3,5.7,8.8
2025-12-30,Mizoram,Aizawl,Aizawl,23.73,92.72,973.0,0.0,0.0,0.0,0.0,20.3,6.0,8.0
2025-12-31,Mizoram,Aizawl,Aizawl,23.73,92.72,973.0,0.0,0.0,0.0,0.0,19.5,7.9,8.1
2026-01-01,Mizoram,Aizawl,Aizawl,23.73,92.72,973.0,0.0,0.0,0.0,0.0,21.6,2.5,7.5
2026-01-02,Mizoram,Aizawl,Aizawl,23.73,92.72,973.0,0.0,0.0,0.0,0.0,21.9,3.2,11.2
2026-01-03,Mizoram,Aizawl,Aizawl,23.73,92.72,973.0,0.0,0.0,0.0,0.0,17.9,3.7,8.5
2026-01-04,Mizoram,Aizawl,Aizawl,23.73,92.72,973.0,0.0,0.0,0.0,0.0,18.7,3.0,8.4
2026-01-05,Mizoram,Aizawl,Aizawl,23.73,92.72,973.0,0.0,0.0,0.0,0.0,18.3,5.3,7.0
2026-01-06,Mizoram,Aizawl,Aizawl,23.73,92.72,973.0,0.0,0.0,0.0,0.0,20.2,8.5,7.3
2026-01-07,Mizoram,Aizawl,Aizawl,23.73,92.72,973.0,0.0,0.0,0.0,0.0,20.3,7.7,8.4
2026-01-08,Mizoram,Aizawl,Aizawl,23.73,92.72,973.0,0.0,0.0,0.0,0.0,21.0,5.6,6.8
2026-01-09,Mizoram,Aizawl,Aizawl,23.73,92.72,973.0,0.3,0.3,0.3,0.3,21.7,8.9,10.6
2026-01-10,Mizoram,Aizawl,Aizawl,23.73,92.72,973.0,0.5,0.8,0.8,0.8,22.1,10.0,9.3
2026-01-11,Mizoram,Aizawl,Aizawl,23.73,92.72,973.0,0.0,0.8,0.8,0.8,21.6,8.6,10.4
2026-01-12,Mizoram,Aizawl,Aizawl,23.73,92.72,973.0,0.0,0.5,0.8,0.8,23.3,10.7,6.9
2026-01-13,Mizoram,Aizawl,Aizawl,23.73,92.72,973.0,0.0,0.0,0.8,0.8,23.4,6.9,9.0
2026-01-14,Mizoram,Aizawl,Aizawl,23.73,92.72,973.0,0.0,0.0,0.8,0.8,22.8,7.9,8.7
2026-01-15,Mizoram,Aizawl,Aizawl,23.73,92.72,973.0,0.2,0.2,1.0,1.0,22.7,10.6,9.7
2026-01-16,Mizoram,Aizawl,Aizawl,23.73,92.72,973.0,0.0,0.2,0.7,1.0,22.7,8.3,6.8
2026-01-17,Mizoram,Aizawl,Aizawl,23.73,92.72,973.0,0.0,0.2,0.2,1.0,23.2,7.4,10.2
2026-01-18,Mizoram,Aizawl,Aizawl,23.73,92.72,973.0,0.0,0.0,0.2,1.0,22.7,6.9,8.6
2026-01-19,Mizoram,Aizawl,Aizawl,23.73,92.72,973.0,0.0,0.0,0.2,1.0,22.8,6.3,9.2
2026-01-20,Mizoram,Aizawl,Aizawl,23.73,92.72,973.0,0.0,0.0,0.2,1.0,23.2,6.1,9.4
2026-01-21,Mizoram,Aizawl,Aizawl,23.73,92.72,973.0,0.0,0.0,0.2,1.0,22.4,5.2,9.7
2026-01-22,Mizoram,Aizawl,Aizawl,23.73,92.72,973.0,0.0,0.0,0.0,1.0,22.8,5.7,7.8
2026-01-23,Mizoram,Aizawl,Aizawl,23.73,92.72,973.0,0.0,0.0,0.0,0.7,23.9,5.0,12.5
2026-01-24,Mizoram,Aizawl,Aizawl,23.73,92.72,973.0,0.0,0.0,0.0,0.2,23.2,6.5,11.3
2026-01-25,Mizoram,Aizawl,Aizawl,23.73,92.72,973.0,0.0,0.0,0.0,0.2,22.9,6.1,10.3
2026-01-26,Mizoram,Aizawl,Aizawl,23.73,92.72,973.0,0.0,0.0,0.0,0.2,22.9,7.7,10.3
2026-01-27,Mizoram,Aizawl,Aizawl,23.73,92.72,973.0,0.0,0.0,0.0,0.2,23.9,5.8,11.4
2026-01-28,Mizoram,Aizawl,Aizawl,23.73,92.72,973.0,0.0,0.0,0.0,0.2,23.8,5.7,11.2
2026-01-29,Mizoram,Aizawl,Aizawl,23.73,92.72,973.0,0.0,0.0,0.0,0.0,23.7,6.6,10.6
2026-01-30,Mizoram,Aizawl,Aizawl,23.73,92.72,973.0,0.0,0.0,0.0,0.0,23.0,7.6,8.8
2026-01-31,Mizoram,Aizawl,Aizawl,23.73,92.72,973.0,0.0,0.0,0.0,0.0,25.1,5.8,9.8
2026-02-01,Mizoram,Aizawl,Aizawl,23.73,92.72,973.0,0.0,0.0,0.0,0.0,25.1,5.4,10.2
2026-02-02,Mizoram,Aizawl,Aizawl,23.73,92.72,973.0,0.0,0.0,0.0,0.0,24.7,6.2,8.8
2026-02-03,Mizoram,Aizawl,Aizawl,23.73,92.72,973.0,0.0,0.0,0.0,0.0,25.0,6.2,10.3
2026-02-04,Mizoram,Aizawl,Aizawl,23.73,92.72,973.0,0.0,0.0,0.0,0.0,23.8,10.7,10.9
2026-02-05,Mizoram,Aizawl,Aizawl,23.73,92.72,973.0,0.0,0.0,0.0,0.0,22.9,7.2,9.4
2026-02-06,Mizoram,Aizawl,Aizawl,23.73,92.72,973.0,0.0,0.0,0.0,0.0,23.8,5.7,10.0
2026-02-07,Mizoram,Aizawl,Aizawl,23.73,92.72,973.0,0.0,0.0,0.0,0.0,23.2,6.2,9.2
2026-02-08,Mizoram,Aizawl,Aizawl,23.73,92.72,973.0,0.0,0.0,0.0,0.0,23.1,5.8,8.7
2026-02-09,Mizoram,Aizawl,Aizawl,23.73,92.72,973.0,0.0,0.0,0.0,0.0,24.9,4.4,11.7
2026-02-10,Mizoram,Aizawl,Aizawl,23.73,92.72,973.0,0.0,0.0,0.0,0.0,23.7,5.2,10.1
2026-02-11,Mizoram,Aizawl,Aizawl,23.73,92.72,973.0,0.0,0.0,0.0,0.0,25.4,5.3,8.6
2026-02-12,Mizoram,Aizawl,Aizawl,23.73,92.72,973.0,0.0,0.0,0.0,0.0,24.7,6.9,8.4
2026-02-13,Mizoram,Aizawl,Aizawl,23.73,92.72,973.0,0.0,0.0,0.0,0.0,25.2,6.9,7.7
2026-02-14,Mizoram,Aizawl,Aizawl,23.73,92.72,973.0,0.0,0.0,0.0,0.0,24.6,7.3,10.3
2026-02-15,Mizoram,Aizawl,Aizawl,23.73,92.72,973.0,0.0,0.0,0.0,0.0,24.6,6.0,9.4
2026-02-16,Mizoram,Aizawl,Aizawl,23.73,92.72,973.0,0.0,0.0,0.0,0.0,25.8,6.7,10.0
2026-02-17,Mizoram,Aizawl,Aizawl,23.73,92.72,973.0,0.0,0.0,0.0,0.0,28.1,6.4,8.3
2026-02-18,Mizoram,Aizawl,Aizawl,23.73,92.72,973.0,0.0,0.0,0.0,0.0,28.2,8.7,9.7
2026-02-19,Mizoram,Aizawl,Aizawl,23.73,92.72,973.0,0.0,0.0,0.0,0.0,28.6,7.2,13.5
2026-02-20,Mizoram,Aizawl,Aizawl,23.73,92.72,973.0,0.0,0.0,0.0,0.0,26.9,8.4,10.9
2026-02-21,Mizoram,Aizawl,Aizawl,23.73,92.72,973.0,0.0,0.0,0.0,0.0,27.0,9.7,10.9
2026-02-22,Mizoram,Aizawl,Aizawl,23.73,92.72,973.0,0.0,0.0,0.0,0.0,25.8,9.8,12.0
2026-02-23,Mizoram,Aizawl,Aizawl,23.73,92.72,973.0,0.0,0.0,0.0,0.0,25.4,10.6,11.8
2026-02-24,Mizoram,Aizawl,Aizawl,23.73,92.72,973.0,0.0,0.0,0.0,0.0,25.5,8.9,9.4
2026-02-25,Mizoram,Aizawl,Aizawl,23.73,92.72,973.0,0.0,0.0,0.0,0.0,25.2,12.4,12.4
2026-02-26,Mizoram,Aizawl,Aizawl,23.73,92.72,973.0,0.1,0.1,0.1,0.1,22.9,11.0,11.2
2026-02-27,Mizoram,Aizawl,Aizawl,23.73,92.72,973.0,0.0,0.1,0.1,0.1,24.3,10.2,11.7
2026-02-28,Mizoram,Aizawl,Aizawl,23.73,92.72,973.0,0.0,0.1,0.1,0.1,23.9,9.3,12.2
2026-03-01,Mizoram,Aizawl,Aizawl,23.73,92.72,973.0,0.0,0.0,0.1,0.1,26.3,8.1,12.7
2026-03-02,Mizoram,Aizawl,Aizawl,23.73,92.72,973.0,0.9,0.9,1.0,1.0,25.4,10.6,13.2
2026-03-03,Mizoram,Aizawl,Aizawl,23.73,92.72,973.0,1.0,1.9,2.0,2.0,26.7,13.3,11.5
2026-03-04,Mizoram,Aizawl,Aizawl,23.73,92.72,973.0,0.0,1.9,2.0,2.0,25.8,10.4,8.8
2026-03-05,Mizoram,Aizawl,Aizawl,23.73,92.72,973.0,0.0,1.0,1.9,2.0,28.2,10.9,11.3
2026-03-06,Mizoram,Aizawl,Aizawl,23.73,92.72,973.0,0.0,0.0,1.9,2.0,29.2,12.6,13.0
2026-03-07,Mizoram,Aizawl,Aizawl,23.73,92.72,973.0,0.0,0.0,1.9,2.0,28.4,15.7,13.4
2026-03-08,Mizoram,Aizawl,Aizawl,23.73,92.72,973.0,0.5,0.5,2.4,2.5,27.1,14.9,10.7
2026-03-09,Mizoram,Aizawl,Aizawl,23.73,92.72,973.0,0.3,0.8,1.8,2.8,24.9,14.8,10.0
2026-03-10,Mizoram,Aizawl,Aizawl,23.73,92.72,973.0,0.5,1.3,1.3,3.3,28.0,13.5,11.3
2026-03-11,Mizoram,Aizawl,Aizawl,23.73,92.72,973.0,2.9,3.7,4.2,6.2,27.4,13.1,12.0
2026-03-12,Mizoram,Aizawl,Aizawl,23.73,92.72,973.0,0.5,3.9,4.7,6.6,27.0,13.8,12.3
2026-03-13,Mizoram,Aizawl,Aizawl,23.73,92.72,973.0,0.4,3.8,5.1,7.0,25.6,13.5,18.0
2026-03-14,Mizoram,Aizawl,Aizawl,23.73,92.72,973.0,0.7,1.6,5.8,7.7,24.9,15.4,16.4
2026-03-15,Mizoram,Aizawl,Aizawl,23.73,92.72,973.0,10.3,11.4,15.6,18.0,26.5,13.6,16.5
2026-03-16,Mizoram,Aizawl,Aizawl,23.73,92.72,973.0,5.6,16.6,20.9,22.7,25.3,12.3,17.1
2026-03-17,Mizoram,Aizawl,Aizawl,23.73,92.72,973.0,0.5,16.4,20.9,22.2,25.2,13.2,16.5
2026-03-18,Mizoram,Aizawl,Aizawl,23.73,92.72,973.0,0.2,6.3,18.2,22.4,25.4,12.1,13.1
2026-03-19,Mizoram,Aizawl,Aizawl,23.73,92.72,973.0,0.0,0.7,17.7,22.4,27.1,13.7,11.0
2026-03-20,Mizoram,Aizawl,Aizawl,23.73,92.72,973.0,4.1,4.3,21.4,26.5,27.4,13.1,18.2
2026-03-21,Mizoram,Aizawl,Aizawl,23.73,92.72,973.0,1.9,6.0,22.6,28.4,24.3,11.5,8.3
2026-03-22,Mizoram,Aizawl,Aizawl,23.73,92.72,973.0,7.6,13.6,19.9,35.5,21.4,13.3,10.0
2026-03-23,Mizoram,Aizawl,Aizawl,23.73,92.72,973.0,0.0,9.5,14.3,35.2,23.2,11.3,9.7
2026-03-24,Mizoram,Aizawl,Aizawl,23.73,92.72,973.0,0.0,7.6,13.8,34.7,24.3,11.2,10.4
2026-03-25,Mizoram,Aizawl,Aizawl,23.73,92.72,973.0,0.1,0.1,13.7,31.9,25.4,11.4,7.4
2026-03-26,Mizoram,Aizawl,Aizawl,23.73,92.72,973.0,0.0,0.1,13.7,31.4,27.5,13.6,10.8
2026-03-27,Mizoram,Aizawl,Aizawl,23.73,92.72,973.0,0.0,0.1,9.6,31.0,28.7,11.7,13.2
2026-03-28,Mizoram,Aizawl,Aizawl,23.73,92.72,973.0,1.7,1.7,9.4,32.0,23.2,13.3,9.9
2026-03-29,Mizoram,Aizawl,Aizawl,23.73,92.72,973.0,2.9,4.6,4.7,24.6,25.3,11.4,13.9
2026-03-30,Mizoram,Aizawl,Aizawl,23.73,92.72,973.0,5.0,9.6,9.7,24.0,26.0,14.5,13.0
2026-03-31,Mizoram,Aizawl,Aizawl,23.73,92.72,973.0,0.7,8.6,10.4,24.2,26.3,15.1,12.2
2026-04-01,Mizoram,Aizawl,Aizawl,23.73,92.72,973.0,0.0,5.7,10.3,24.0,27.4,14.7,11.2
2026-04-02,Mizoram,Aizawl,Aizawl,23.73,92.72,973.0,1.6,2.3,11.9,25.6,28.4,15.5,15.7
2026-04-03,Mizoram,Aizawl,Aizawl,23.73,92.72,973.0,0.2,1.8,12.1,21.7,29.6,15.4,13.3
2026-04-04,Mizoram,Aizawl,Aizawl,23.73,92.72,973.0,1.2,3.0,11.6,21.0,29.6,15.4,13.2
2026-04-05,Mizoram,Aizawl,Aizawl,23.73,92.72,973.0,3.5,4.9,12.2,16.9,28.3,16.0,11.8
2026-04-06,Mizoram,Aizawl,Aizawl,23.73,92.72,973.0,0.1,4.8,7.3,17.0,27.6,14.1,10.3
2026-04-07,Mizoram,Aizawl,Aizawl,23.73,92.72,973.0,5.0,8.6,11.6,22.0,24.6,16.1,11.7
2026-04-08,Mizoram,Aizawl,Aizawl,23.73,92.72,973.0,1.8,6.9,13.4,23.7,25.6,14.5,8.7
2026-04-09,Mizoram,Aizawl,Aizawl,23.73,92.72,973.0,6.4,13.2,18.2,30.1,22.2,14.7,8.8
2026-04-10,Mizoram,Aizawl,Aizawl,23.73,92.72,973.0,7.2,15.4,25.2,37.3,23.0,13.2,9.1
2026-04-11,Mizoram,Aizawl,Aizawl,23.73,92.72,973.0,0.1,13.7,24.1,35.7,25.4,12.3,10.8
2026-04-12,Mizoram,Aizawl,Aizawl,23.73,92.72,973.0,0.0,7.3,20.6,32.8,27.5,13.6,14.1
2026-04-13,Mizoram,Aizawl,Aizawl,23.73,92.72,973.0,0.9,1.0,21.4,28.7,27.1,14.5,12.9
2026-04-14,Mizoram,Aizawl,Aizawl,23.73,92.72,973.0,0.3,1.2,16.7,28.3,27.5,13.5,13.9
2026-04-15,Mizoram,Aizawl,Aizawl,23.73,92.72,973.0,4.1,5.3,19.0,32.4,28.8,16.8,13.4
2026-04-16,Mizoram,Aizawl,Aizawl,23.73,92.72,973.0,15.8,20.2,28.4,46.6,29.7,17.1,13.2
2026-04-17,Mizoram,Aizawl,Aizawl,23.73,92.72,973.0,1.4,21.3,22.6,47.8,29.0,16.2,10.5
2026-04-18,Mizoram,Aizawl,Aizawl,23.73,92.72,973.0,0.2,17.4,22.7,46.8,28.4,17.8,10.8
2026-04-19,Mizoram,Aizawl,Aizawl,23.73,92.72,973.0,4.8,6.4,27.5,48.1,28.7,17.1,10.1
2026-04-20,Mizoram,Aizawl,Aizawl,23.73,92.72,973.0,0.2,5.2,26.8,48.2,29.1,19.3,17.4
2026-04-21,Mizoram,Aizawl,Aizawl,23.73,92.72,973.0,1.2,6.2,27.7,44.4,29.5,19.5,16.2
2026-04-22,Mizoram,Aizawl,Aizawl,23.73,92.72,973.0,1.5,2.9,25.1,44.1,29.7,18.2,16.6
2026-04-23,Mizoram,Aizawl,Aizawl,23.73,92.72,973.0,0.0,2.7,9.3,37.7,29.9,15.7,7.4
2026-04-24,Mizoram,Aizawl,Aizawl,23.73,92.72,973.0,0.0,1.5,7.9,30.5,31.9,17.8,9.6
2026-04-25,Mizoram,Aizawl,Aizawl,23.73,92.72,973.0,0.0,0.0,7.7,30.4,33.7,18.0,13.4
2026-04-26,Mizoram,Aizawl,Aizawl,23.73,92.72,973.0,3.4,3.4,6.3,33.8,29.4,17.7,10.0
2026-04-27,Mizoram,Aizawl,Aizawl,23.73,92.72,973.0,10.8,14.2,16.9,43.7,23.3,17.2,16.6
2026-04-28,Mizoram,Aizawl,Aizawl,23.73,92.72,973.0,6.7,20.9,22.4,50.1,22.0,17.4,15.4
2026-04-29,Mizoram,Aizawl,Aizawl,23.73,92.72,973.0,10.1,27.6,31.0,56.1,22.3,15.4,9.5
2026-04-30,Mizoram,Aizawl,Aizawl,23.73,92.72,973.0,3.5,20.3,34.5,43.8,23.9,14.3,14.8
2026-05-01,Mizoram,Aizawl,Aizawl,23.73,92.72,973.0,2.5,16.1,37.0,44.9,24.3,15.0,18.0
2026-05-02,Mizoram,Aizawl,Aizawl,23.73,92.72,973.0,5.8,11.8,42.8,50.5,24.3,15.5,17.7
2026-05-03,Mizoram,Aizawl,Aizawl,23.73,92.72,973.0,15.6,23.9,55.0,61.3,24.3,14.2,17.4
2026-05-04,Mizoram,Aizawl,Aizawl,23.73,92.72,973.0,0.1,21.5,44.3,61.2,26.2,15.1,7.7
2026-05-05,Mizoram,Aizawl,Aizawl,23.73,92.72,973.0,0.3,16.0,37.9,60.3,27.9,15.5,12.3
2026-05-06,Mizoram,Aizawl,Aizawl,23.73,92.72,973.0,2.5,2.9,30.3,61.3,26.4,16.2,6.3
2026-05-07,Mizoram,Aizawl,Aizawl,23.73,92.72,973.0,1.4,4.2,28.2,62.7,25.4,16.8,6.1
2026-05-08,Mizoram,Aizawl,Aizawl,23.73,92.72,973.0,0.2,4.1,25.9,62.9,27.1,16.3,8.7
2026-05-09,Mizoram,Aizawl,Aizawl,23.73,92.72,973.0,0.3,1.9,20.4,63.2,29.0,15.5,9.9
2026-05-10,Mizoram,Aizawl,Aizawl,23.73,92.72,973.0,0.1,0.6,4.9,59.9,26.4,15.4,4.6
2026-05-11,Mizoram,Aizawl,Aizawl,23.73,92.72,973.0,5.7,6.1,10.5,54.8,25.0,15.3,7.6
2026-05-12,Mizoram,Aizawl,Aizawl,23.73,92.72,973.0,0.5,6.3,10.7,48.6,26.4,15.0,7.4
2026-05-13,Mizoram,Aizawl,Aizawl,23.73,92.72,973.0,0.2,6.4,8.4,38.7,27.0,16.8,7.5
2026-05-14,Mizoram,Aizawl,Aizawl,23.73,92.72,973.0,0.8,1.5,7.8,36.0,28.1,17.6,11.3
2026-05-15,Mizoram,Aizawl,Aizawl,23.73,92.72,973.0,1.7,2.7,9.3,35.2,27.4,18.1,12.9
2026-05-16,Mizoram,Aizawl,Aizawl,23.73,92.72,973.0,2.2,4.7,11.2,31.6,27.4,17.3,10.7
2026-05-17,Mizoram,Aizawl,Aizawl,23.73,92.72,973.0,3.3,7.2,14.4,19.3,26.5,19.3,9.4
2026-05-18,Mizoram,Aizawl,Aizawl,23.73,92.72,973.0,2.6,8.1,11.3,21.8,27.5,19.2,11.0
2026-05-19,Mizoram,Aizawl,Aizawl,23.73,92.72,973.0,1.1,7.0,11.9,22.6,27.7,19.3,9.4
2026-05-20,Mizoram,Aizawl,Aizawl,23.73,92.72,973.0,0.8,4.5,12.5,20.9,29.1,19.6,6.4
2026-05-21,Mizoram,Aizawl,Aizawl,23.73,92.72,973.0,2.0,3.9,13.7,21.5,29.4,20.3,8.9
2026-05-22,Mizoram,Aizawl,Aizawl,23.73,92.72,973.0,6.3,9.1,18.3,27.6,29.2,20.0,10.0
2026-05-23,Mizoram,Aizawl,Aizawl,23.73,92.72,973.0,3.0,11.3,19.1,30.3,28.9,20.0,12.5
2026-05-24,Mizoram,Aizawl,Aizawl,23.73,92.72,973.0,4.9,14.2,20.7,35.1,28.3,19.8,13.1
2026-05-25,Mizoram,Aizawl,Aizawl,23.73,92.72,973.0,9.4,17.3,27.5,38.8,27.9,18.8,15.8
2026-05-26,Mizoram,Aizawl,Aizawl,23.73,92.72,973.0,10.9,25.2,37.3,49.2,24.0,17.3,13.0
2026-05-27,Mizoram,Aizawl,Aizawl,23.73,92.72,973.0,16.0,36.3,52.5,65.0,27.9,15.1,11.0
2026-05-28,Mizoram,Aizawl,Aizawl,23.73,92.72,973.0,2.2,29.1,52.7,66.4,28.4,16.0,10.6
2026-05-29,Mizoram,Aizawl,Aizawl,23.73,92.72,973.0,0.3,18.5,46.7,65.0,29.3,16.4,8.9
2026-05-30,Mizoram,Aizawl,Aizawl,23.73,92.72,973.0,6.6,9.1,50.3,69.4,26.9,20.4,7.4
2026-05-31,Mizoram,Aizawl,Aizawl,23.73,92.72,973.0,8.0,14.9,53.4,74.1,28.0,20.6,8.3
2026-06-01,Mizoram,Aizawl,Aizawl,23.73,92.72,973.0,13.8,28.4,57.8,85.3,24.8,19.1,5.4
2026-06-02,Mizoram,Aizawl,Aizawl,23.73,92.72,973.0,4.0,25.8,50.9,88.2,27.3,19.6,5.9
2026-06-03,Mizoram,Aizawl,Aizawl,23.73,92.72,973.0,1.1,18.9,36.0,88.5,28.4,19.5,7.3
2026-06-04,Mizoram,Aizawl,Aizawl,23.73,92.72,973.0,0.9,6.0,34.7,87.4,28.4,20.1,8.0
2026-06-05,Mizoram,Aizawl,Aizawl,23.73,92.72,973.0,2.0,4.0,36.4,83.1,28.5,19.8,8.0
2026-06-06,Mizoram,Aizawl,Aizawl,23.73,92.72,973.0,0.5,3.4,30.3,80.6,28.7,19.8,6.6
2026-06-07,Mizoram,Aizawl,Aizawl,23.73,92.72,973.0,9.8,12.3,32.1,85.5,27.1,19.5,10.2
2026-06-08,Mizoram,Aizawl,Aizawl,23.73,92.72,973.0,7.5,17.8,25.8,83.6,27.0,19.8,11.1
2026-06-09,Mizoram,Aizawl,Aizawl,23.73,92.72,973.0,0.9,18.2,22.7,73.6,25.3,19.7,11.8
2026-06-10,Mizoram,Aizawl,Aizawl,23.73,92.72,973.0,2.1,10.5,23.7,59.7,25.1,19.8,12.6
2026-06-11,Mizoram,Aizawl,Aizawl,23.73,92.72,973.0,13.4,16.4,36.2,70.9,27.6,18.4,11.2
2026-06-12,Mizoram,Aizawl,Aizawl,23.73,92.72,973.0,13.6,29.1,47.8,84.2,25.9,20.0,5.7
2026-06-13,Mizoram,Aizawl,Aizawl,23.73,92.72,973.0,12.1,39.1,59.4,89.7,24.5,19.3,8.6
2026-06-14,Mizoram,Aizawl,Aizawl,23.73,92.72,973.0,1.6,27.3,51.2,83.3,26.3,19.9,11.6
2026-06-15,Mizoram,Aizawl,Aizawl,23.73,92.72,973.0,1.2,14.9,44.9,70.7,26.8,20.1,7.4
2026-06-16,Mizoram,Aizawl,Aizawl,23.73,92.72,973.0,7.8,10.6,51.8,74.5,25.5,19.2,6.3
2026-06-17,Mizoram,Aizawl,Aizawl,23.73,92.72,973.0,2.2,11.2,51.9,75.6,26.1,19.9,9.2
2026-06-18,Mizoram,Aizawl,Aizawl,23.73,92.72,973.0,1.8,11.8,40.3,76.5,26.5,20.1,7.5
2026-06-19,Mizoram,Aizawl,Aizawl,23.73,92.72,973.0,4.6,8.6,31.3,79.1,25.5,19.7,11.0
2026-06-20,Mizoram,Aizawl,Aizawl,23.73,92.72,973.0,2.0,8.4,21.2,80.6,26.5,19.8,13.6
2026-06-21,Mizoram,Aizawl,Aizawl,23.73,92.72,973.0,7.5,14.1,27.1,78.3,26.8,20.3,10.8
2026-06-22,Mizoram,Aizawl,Aizawl,23.73,92.72,973.0,3.4,12.9,29.3,74.2,26.3,20.1,10.6
2026-06-23,Mizoram,Aizawl,Aizawl,23.73,92.72,973.0,5.4,16.3,26.9,78.7,27.9,19.6,9.6
2026-06-24,Mizoram,Aizawl,Aizawl,23.73,92.72,973.0,8.8,17.6,33.5,85.4,25.2,20.0,5.5
2026-06-25,Mizoram,Aizawl,Aizawl,23.73,92.72,973.0,14.2,28.4,45.9,86.2,24.7,20.2,7.2
2026-06-26,Mizoram,Aizawl,Aizawl,23.73,92.72,973.0,2.1,25.1,43.4,74.7,26.6,19.7,6.8
2026-06-27,Mizoram,Aizawl,Aizawl,23.73,92.72,973.0,1.6,17.9,43.0,64.2,27.4,20.3,8.2
2026-06-28,Mizoram,Aizawl,Aizawl,23.73,92.72,973.0,3.5,7.2,39.0,66.1,25.7,20.6,11.3
2026-06-29,Mizoram,Aizawl,Aizawl,23.73,92.72,973.0,20.2,25.3,55.8,85.1,26.6,20.2,11.3
2026-06-30,Mizoram,Aizawl,Aizawl,23.73,92.72,973.0,15.2,38.9,65.6,92.5,27.5,20.3,6.3
2026-07-01,Mizoram,Aizawl,Aizawl,23.73,92.72,973.0,6.3,41.7,63.1,96.6,26.8,20.6,9.3
2026-07-02,Mizoram,Aizawl,Aizawl,23.73,92.72,973.0,11.8,33.3,60.7,106.6,27.3,20.8,4.8
2026-07-03,Mizoram,Aizawl,Aizawl,23.73,92.72,973.0,7.1,25.2,65.7,109.1,29.0,21.2,9.2
2026-07-04,Mizoram,Aizawl,Aizawl,23.73,92.72,973.0,9.3,28.2,73.4,116.4,29.6,20.9,8.3
2026-07-05,Mizoram,Aizawl,Aizawl,23.73,92.72,973.0,17.6,34.0,87.5,126.5,28.0,21.0,9.0
2026-07-06,Mizoram,Aizawl,Aizawl,23.73,92.72,973.0,19.0,45.9,86.3,142.1,25.8,20.4,13.7
2026-07-07,Mizoram,Aizawl,Aizawl,23.73,92.72,973.0,26.5,63.1,97.6,163.2,22.3,20.0,17.0
2026-07-08,Mizoram,Aizawl,Aizawl,23.73,92.72,973.0,18.7,64.2,110.0,173.1,21.6,19.9,14.7
2026-07-09,Mizoram,Aizawl,Aizawl,23.73,92.72,973.0,14.0,59.2,112.2,172.9,23.8,19.9,14.2
2026-07-10,Mizoram,Aizawl,Aizawl,23.73,92.72,973.0,11.9,44.6,117.0,182.7,23.0,20.2,14.9
2026-07-11,Mizoram,Aizawl,Aizawl,23.73,92.72,973.0,11.3,37.2,119.0,192.4,24.6,20.3,14.7
2026-07-12,Mizoram,Aizawl,Aizawl,23.73,92.72,973.0,1.3,24.5,102.7,190.2,25.4,20.3,13.1
2026-07-13,Mizoram,Aizawl,Aizawl,23.73,92.72,973.0,8.6,21.2,92.3,178.6,27.2,20.2,6.3
2026-07-14,Mizoram,Aizawl,Aizawl,23.73,92.72,973.0,15.4,25.3,81.2,178.8,27.1,19.9,5.8
2026-07-15,Mizoram,Aizawl,Aizawl,23.73,92.72,973.0,7.7,31.7,70.2,180.2,29.0,19.7,11.0
2026-07-16,Mizoram,Aizawl,Aizawl,23.73,92.72,973.0,1.6,24.7,57.8,170.0,28.5,20.1,14.2
2026-07-17,Mizoram,Aizawl,Aizawl,23.73,92.72,973.0,8.9,18.2,54.8,171.8,23.8,19.8,14.6
2026-07-18,Mizoram,Aizawl,Aizawl,23.73,92.72,973.0,0.1,10.6,43.6,162.6,25.6,21.0,13.6
2026-07-19,Mizoram,Aizawl,Aizawl,23.73,92.72,973.0,3.6,12.6,45.9,148.6,24.9,19.5,14.2
2026-07-20,Mizoram,Aizawl,Aizawl,23.73,92.72,973.0,25.1,28.8,62.4,154.7,22.6,19.4,4.5
2026-07-21,Mizoram,Aizawl,Aizawl,23.73,92.72,973.0,22.0,50.7,69.0,150.2,26.4,19.7,7.0
2026-07-22,Mizoram,Aizawl,Aizawl,23.73,92.72,973.0,14.0,61.1,75.3,145.5,27.1,20.1,10.0
2026-07-23,Mizoram,Aizawl,Aizawl,23.73,92.72,973.0,7.8,43.8,81.5,139.3,24.4,19.8,15.5
2026-07-24,Mizoram,Aizawl,Aizawl,23.73,92.72,973.0,1.8,23.6,74.4,129.2,25.8,19.2,12.3
2026-07-25,Mizoram,Aizawl,Aizawl,23.73,92.72,973.0,7.5,17.1,81.8,125.4,28.3,19.3,5.6
2026-07-26,Mizoram,Aizawl,Aizawl,23.73,92.72,973.0,12.8,22.1,91.0,136.9,28.7,20.2,10.5
2026-07-27,Mizoram,Aizawl,Aizawl,23.73,92.72,973.0,5.7,26.0,71.6,134.0,28.0,20.7,10.7
2026-07-28,Mizoram,Aizawl,Aizawl,23.73,92.72,973.0,14.5,33.0,64.1,133.1,27.4,20.7,5.6
2026-07-29,Mizoram,Aizawl,Aizawl,23.73,92.72,973.0,18.6,38.8,68.7,144.0,27.3,20.4,11.3
2026-07-30,Mizoram,Aizawl,Aizawl,23.73,92.72,973.0,3.4,36.5,64.3,145.8,26.4,19.9,10.1
2026-07-31,Mizoram,Aizawl,Aizawl,23.73,92.72,973.0,1.0,23.0,63.5,137.9,27.9,20.1,7.1
2026-08-01,Mizoram,Aizawl,Aizawl,23.73,92.72,973.0,3.1,7.5,59.1,140.9,25.9,20.1,10.3
2026-08-02,Mizoram,Aizawl,Aizawl,23.73,92.72,973.0,5.2,9.3,51.5,142.5,26.3,19.8,10.1
2026-08-03,Mizoram,Aizawl,Aizawl,23.73,92.72,973.0,3.8,12.1,49.6,121.2,27.1,20.3,8.9
2026-08-04,Mizoram,Aizawl,Aizawl,23.73,92.72,973.0,3.4,12.4,38.5,102.6,24.5,20.4,9.4
2026-08-05,Mizoram,Aizawl,Aizawl,23.73,92.72,973.0,30.1,37.3,50.0,118.7,21.7,20.2,4.9
2026-08-06,Mizoram,Aizawl,Aizawl,23.73,92.72,973.0,58.8,92.3,105.4,169.7,21.7,19.9,8.0
2026-08-07,Mizoram,Aizawl,Aizawl,23.73,92.72,973.0,5.2,94.1,109.6,173.1,27.6,19.6,7.1
2026-08-08,Mizoram,Aizawl,Aizawl,23.73,92.72,973.0,18.2,82.2,124.7,183.8,27.3,19.6,9.5
2026-08-09,Mizoram,Aizawl,Aizawl,23.73,92.72,973.0,15.1,38.5,134.6,186.1,24.9,20.4,4.0
2026-08-10,Mizoram,Aizawl,Aizawl,23.73,92.72,973.0,9.3,42.6,140.1,189.7,28.3,19.7,7.1
2026-08-11,Mizoram,Aizawl,Aizawl,23.73,92.72,973.0,7.9,32.3,144.6,183.1,28.9,20.4,5.5
2026-08-12,Mizoram,Aizawl,Aizawl,23.73,92.72,973.0,9.0,26.2,123.5,173.5,29.7,21.0,9.1
2026-08-13,Mizoram,Aizawl,Aizawl,23.73,92.72,973.0,7.6,24.5,72.3,177.7,27.1,21.0,11.3
2026-08-14,Mizoram,Aizawl,Aizawl,23.73,92.72,973.0,3.2,19.8,70.3,179.9,28.7,20.1,6.2
2026-08-15,Mizoram,Aizawl,Aizawl,23.73,92.72,973.0,6.1,16.9,58.2,182.9,27.8,20.4,8.8
2026-08-16,Mizoram,Aizawl,Aizawl,23.73,92.72,973.0,16.4,25.7,59.5,194.1,27.5,20.2,11.1
2026-08-17,Mizoram,Aizawl,Aizawl,23.73,92.72,973.0,19.6,42.1,69.8,209.9,24.6,21.0,14.8
2026-08-18,Mizoram,Aizawl,Aizawl,23.73,92.72,973.0,8.4,44.4,70.3,214.9,26.8,20.5,13.9
2026-08-19,Mizoram,Aizawl,Aizawl,23.73,92.72,973.0,2.6,30.6,63.9,187.4,28.2,19.7,9.2
2026-08-20,Mizoram,Aizawl,Aizawl,23.73,92.72,973.0,17.1,28.1,73.4,145.7,27.3,20.7,5.1
2026-08-21,Mizoram,Aizawl,Aizawl,23.73,92.72,973.0,5.2,24.9,75.4,145.7,28.5,20.7,5.5
2026-08-22,Mizoram,Aizawl,Aizawl,23.73,92.72,973.0,10.6,32.9,79.9,138.1,28.3,20.1,8.8
2026-08-23,Mizoram,Aizawl,Aizawl,23.73,92.72,973.0,5.7,21.5,69.2,128.7,27.4,20.5,11.5
2026-08-24,Mizoram,Aizawl,Aizawl,23.73,92.72,973.0,0.7,17.0,50.3,120.1,27.1,20.5,14.5
2026-08-25,Mizoram,Aizawl,Aizawl,23.73,92.72,973.0,0.1,6.5,42.0,112.3,27.2,20.7,10.9
2026-08-26,Mizoram,Aizawl,Aizawl,23.73,92.72,973.0,4.2,5.0,43.6,107.5,28.2,20.4,9.1
2026-08-27,Mizoram,Aizawl,Aizawl,23.73,92.72,973.0,17.3,21.6,43.8,117.2,27.8,20.8,6.0
2026-08-28,Mizoram,Aizawl,Aizawl,23.73,92.72,973.0,16.1,37.6,54.7,130.1,28.2,20.5,6.5
2026-08-29,Mizoram,Aizawl,Aizawl,23.73,92.72,973.0,9.0,42.4,53.1,133.0,28.4,20.8,6.7
2026-08-30,Mizoram,Aizawl,Aizawl,23.73,92.72,973.0,15.2,40.3,62.6,131.8,27.4,20.9,5.6
2026-08-31,Mizoram,Aizawl,Aizawl,23.73,92.72,973.0,11.1,35.3,73.0,123.3,26.9,21.3,6.5
2026-09-01,Mizoram,Aizawl,Aizawl,23.73,92.72,973.0,30.5,56.8,103.4,145.4,23.5,20.8,5.2
2026-09-02,Mizoram,Aizawl,Aizawl,23.73,92.72,973.0,14.5,56.1,113.7,157.3,26.9,20.2,5.4
2026-09-03,Mizoram,Aizawl,Aizawl,23.73,92.72,973.0,13.0,58.0,109.4,153.2,25.5,19.5,14.2
2026-09-04,Mizoram,Aizawl,Aizawl,23.73,92.72,973.0,6.5,34.0,99.8,154.5,26.8,18.9,8.1
2026-09-05,Mizoram,Aizawl,Aizawl,23.73,92.72,973.0,2.1,21.6,92.9,146.0,26.2,19.1,7.9
2026-09-06,Mizoram,Aizawl,Aizawl,23.73,92.72,973.0,17.2,25.8,94.9,157.5,26.4,19.6,5.8
2026-09-07,Mizoram,Aizawl,Aizawl,23.73,92.72,973.0,7.6,26.9,91.4,164.4,26.5,19.3,7.8
2026-09-08,Mizoram,Aizawl,Aizawl,23.73,92.72,973.0,24.8,49.6,85.7,189.1,27.4,19.7,3.7
2025-01-01,Nagaland,Kohima,Kohima,25.67,94.12,1458.0,0.0,0.0,0.0,0.0,17.7,5.8,10.8
2025-01-02,Nagaland,Kohima,Kohima,25.67,94.12,1458.0,0.0,0.0,0.0,0.0,18.4,6.7,9.1
2025-01-03,Nagaland,Kohima,Kohima,25.67,94.12,1458.0,0.0,0.0,0.0,0.0,19.1,7.9,10.3
2025-01-04,Nagaland,Kohima,Kohima,25.67,94.12,1458.0,0.0,0.0,0.0,0.0,18.8,8.4,9.3
2025-01-05,Nagaland,Kohima,Kohima,25.67,94.12,1458.0,0.0,0.0,0.0,0.0,19.7,8.9,11.3
2025-01-06,Nagaland,Kohima,Kohima,25.67,94.12,1458.0,0.0,0.0,0.0,0.0,18.7,8.6,12.3
2025-01-07,Nagaland,Kohima,Kohima,25.67,94.12,1458.0,11.0,11.0,11.0,11.0,17.4,7.1,9.2
2025-01-08,Nagaland,Kohima,Kohima,25.67,94.12,1458.0,2.4,13.4,13.4,13.4,14.6,5.9,9.0
2025-01-09,Nagaland,Kohima,Kohima,25.67,94.12,1458.0,0.1,13.5,13.5,13.5,15.7,5.0,11.7
2025-01-10,Nagaland,Kohima,Kohima,25.67,94.12,1458.0,0.0,2.5,13.5,13.5,17.5,5.7,11.9
2025-01-11,Nagaland,Kohima,Kohima,25.67,94.12,1458.0,0.0,0.1,13.5,13.5,18.5,6.1,9.9
2025-01-12,Nagaland,Kohima,Kohima,25.67,94.12,1458.0,0.0,0.0,13.5,13.5,18.4,6.3,11.0
2025-01-13,Nagaland,Kohima,Kohima,25.67,94.12,1458.0,2.9,2.9,16.4,16.4,18.1,5.4,8.3
2025-01-14,Nagaland,Kohima,Kohima,25.67,94.12,1458.0,0.0,2.9,5.4,16.4,17.1,5.5,10.9
2025-01-15,Nagaland,Kohima,Kohima,25.67,94.12,1458.0,0.0,2.9,3.0,16.4,18.2,6.3,10.7
2025-01-16,Nagaland,Kohima,Kohima,25.67,94.12,1458.0,0.0,0.0,2.9,16.4,19.0,6.6,10.5
2025-01-17,Nagaland,Kohima,Kohima,25.67,94.12,1458.0,0.0,0.0,2.9,16.4,19.0,6.6,9.6
2025-01-18,Nagaland,Kohima,Kohima,25.67,94.12,1458.0,0.0,0.0,2.9,16.4,19.3,8.3,10.8
2025-01-19,Nagaland,Kohima,Kohima,25.67,94.12,1458.0,0.0,0.0,2.9,16.4,18.7,8.1,9.3
2025-01-20,Nagaland,Kohima,Kohima,25.67,94.12,1458.0,0.0,0.0,0.0,16.4,18.3,7.7,10.1
2025-01-21,Nagaland,Kohima,Kohima,25.67,94.12,1458.0,0.0,0.0,0.0,5.4,18.6,7.6,10.3
2025-01-22,Nagaland,Kohima,Kohima,25.67,94.12,1458.0,0.0,0.0,0.0,3.0,18.8,7.4,10.7
2025-01-23,Nagaland,Kohima,Kohima,25.67,94.12,1458.0,0.0,0.0,0.0,2.9,19.3,7.0,10.1
2025-01-24,Nagaland,Kohima,Kohima,25.67,94.12,1458.0,0.0,0.0,0.0,2.9,18.3,4.9,10.4
2025-01-25,Nagaland,Kohima,Kohima,25.67,94.12,1458.0,0.0,0.0,0.0,2.9,16.9,3.9,11.5
2025-01-26,Nagaland,Kohima,Kohima,25.67,94.12,1458.0,0.0,0.0,0.0,2.9,18.6,6.3,11.5
2025-01-27,Nagaland,Kohima,Kohima,25.67,94.12,1458.0,0.0,0.0,0.0,0.0,17.3,7.0,10.3
2025-01-28,Nagaland,Kohima,Kohima,25.67,94.12,1458.0,2.9,2.9,2.9,2.9,15.2,5.5,9.4
2025-01-29,Nagaland,Kohima,Kohima,25.67,94.12,1458.0,2.3,5.2,5.2,5.2,15.5,6.6,8.7
2025-01-30,Nagaland,Kohima,Kohima,25.67,94.12,1458.0,0.1,5.3,5.3,5.3,18.1,5.3,11.1
2025-01-31,Nagaland,Kohima,Kohima,25.67,94.12,1458.0,3.7,6.1,9.0,9.0,18.1,5.4,11.4
2025-02-01,Nagaland,Kohima,Kohima,25.67,94.12,1458.0,0.0,3.8,9.0,9.0,18.1,4.7,11.9
2025-02-02,Nagaland,Kohima,Kohima,25.67,94.12,1458.0,0.0,3.7,9.0,9.0,17.9,4.9,11.3
2025-02-03,Nagaland,Kohima,Kohima,25.67,94.12,1458.0,0.6,0.6,9.6,9.6,17.3,5.1,11.7
2025-02-04,Nagaland,Kohima,Kohima,25.67,94.12,1458.0,0.0,0.6,6.7,9.6,20.0,6.2,13.0
2025-02-05,Nagaland,Kohima,Kohima,25.67,94.12,1458.0,0.0,0.6,4.4,9.6,18.9,7.2,12.3
2025-02-06,Nagaland,Kohima,Kohima,25.67,94.12,1458.0,0.0,0.0,4.3,9.6,19.8,7.0,11.1
2025-02-07,Nagaland,Kohima,Kohima,25.67,94.12,1458.0,0.0,0.0,0.6,9.6,21.0,5.1,9.6
2025-02-08,Nagaland,Kohima,Kohima,25.67,94.12,1458.0,0.0,0.0,0.6,9.6,18.6,4.6,10.7
2025-02-09,Nagaland,Kohima,Kohima,25.67,94.12,1458.0,0.0,0.0,0.6,9.6,19.9,5.7,11.4
2025-02-10,Nagaland,Kohima,Kohima,25.67,94.12,1458.0,0.1,0.1,0.1,9.7,18.4,5.0,11.2
2025-02-11,Nagaland,Kohima,Kohima,25.67,94.12,1458.0,0.1,0.2,0.2,6.9,19.9,5.0,11.5
2025-02-12,Nagaland,Kohima,Kohima,25.67,94.12,1458.0,0.6,0.8,0.8,5.2,19.8,6.9,9.5
2025-02-13,Nagaland,Kohima,Kohima,25.67,94.12,1458.0,1.5,2.2,2.3,6.6,19.9,7.4,10.8
2025-02-14,Nagaland,Kohima,Kohima,25.67,94.12,1458.0,0.4,2.5,2.7,3.3,19.6,6.6,8.9
2025-02-15,Nagaland,Kohima,Kohima,25.67,94.12,1458.0,0.2,2.1,2.9,3.5,17.6,4.8,11.7
2025-02-16,Nagaland,Kohima,Kohima,25.67,94.12,1458.0,1.2,1.8,4.1,4.7,17.2,4.6,12.2
2025-02-17,Nagaland,Kohima,Kohima,25.67,94.12,1458.0,4.8,6.2,8.8,8.9,19.1,5.5,12.8
2025-02-18,Nagaland,Kohima,Kohima,25.67,94.12,1458.0,10.9,16.9,19.6,19.8,18.5,8.4,10.1
2025-02-19,Nagaland,Kohima,Kohima,25.67,94.12,1458.0,5.3,21.0,24.3,25.1,19.7,7.1,11.5
2025-02-20,Nagaland,Kohima,Kohima,25.67,94.12,1458.0,1.2,17.4,24.0,26.3,18.9,6.6,11.2
2025-02-21,Nagaland,Kohima,Kohima,25.67,94.12,1458.0,5.9,12.4,29.5,32.2,20.5,7.4,11.3
2025-02-22,Nagaland,Kohima,Kohima,25.67,94.12,1458.0,9.4,16.5,38.7,41.6,19.5,6.6,11.9
2025-02-23,Nagaland,Kohima,Kohima,25.67,94.12,1458.0,13.4,28.7,50.9,55.0,18.8,8.1,8.5
2025-02-24,Nagaland,Kohima,Kohima,25.67,94.12,1458.0,2.8,25.6,48.9,57.7,19.5,6.7,10.3
2025-02-25,Nagaland,Kohima,Kohima,25.67,94.12,1458.0,7.5,23.7,45.5,65.1,17.4,6.2,10.6
2025-02-26,Nagaland,Kohima,Kohima,25.67,94.12,1458.0,0.0,10.3,40.2,64.5,20.9,7.2,11.4
2025-02-27,Nagaland,Kohima,Kohima,25.67,94.12,1458.0,0.1,7.6,39.1,63.1,21.7,8.2,12.4
2025-02-28,Nagaland,Kohima,Kohima,25.67,94.12,1458.0,0.4,0.5,33.6,63.1,20.1,8.7,12.6
2025-03-01,Nagaland,Kohima,Kohima,25.67,94.12,1458.0,3.3,3.8,27.5,66.2,20.6,8.8,16.8
2025-03-02,Nagaland,Kohima,Kohima,25.67,94.12,1458.0,0.9,4.6,15.0,65.9,22.2,10.1,19.1
2025-03-03,Nagaland,Kohima,Kohima,25.67,94.12,1458.0,1.6,5.8,13.8,62.7,23.0,7.2,14.2
2025-03-04,Nagaland,Kohima,Kohima,25.67,94.12,1458.0,0.0,2.5,6.3,51.8,22.3,6.4,11.3
2025-03-05,Nagaland,Kohima,Kohima,25.67,94.12,1458.0,3.5,5.1,9.8,50.0,22.2,6.7,12.4
2025-03-06,Nagaland,Kohima,Kohima,25.67,94.12,1458.0,1.7,5.2,11.4,50.5,20.5,7.7,14.5
2025-03-07,Nagaland,Kohima,Kohima,25.67,94.12,1458.0,0.8,6.0,11.8,45.4,22.2,7.9,11.3
2025-03-08,Nagaland,Kohima,Kohima,25.67,94.12,1458.0,0.0,2.5,8.5,36.0,22.3,6.8,12.6
2025-03-09,Nagaland,Kohima,Kohima,25.67,94.12,1458.0,0.8,1.6,8.4,23.4,19.5,7.7,12.2
2025-03-10,Nagaland,Kohima,Kohima,25.67,94.12,1458.0,0.0,0.8,6.8,20.6,23.0,9.1,16.2
2025-03-11,Nagaland,Kohima,Kohima,25.67,94.12,1458.0,3.2,4.0,10.0,16.3,23.6,9.4,14.1
2025-03-12,Nagaland,Kohima,Kohima,25.67,94.12,1458.0,18.7,21.9,25.2,35.0,19.4,9.9,7.7
2025-03-13,Nagaland,Kohima,Kohima,25.67,94.12,1458.0,12.8,34.7,36.3,47.7,20.4,10.6,10.5
2025-03-14,Nagaland,Kohima,Kohima,25.67,94.12,1458.0,6.0,37.5,41.5,53.3,22.3,10.9,12.0
2025-03-15,Nagaland,Kohima,Kohima,25.67,94.12,1458.0,1.1,19.9,42.6,51.1,23.8,11.1,12.3
2025-03-16,Nagaland,Kohima,Kohima,25.67,94.12,1458.0,1.2,8.3,43.0,51.4,25.7,12.5,15.9
2025-03-17,Nagaland,Kohima,Kohima,25.67,94.12,1458.0,0.3,2.6,43.3,50.1,26.4,13.9,20.4
2025-03-18,Nagaland,Kohima,Kohima,25.67,94.12,1458.0,4.0,5.5,44.1,54.1,23.5,11.5,8.9
2025-03-19,Nagaland,Kohima,Kohima,25.67,94.12,1458.0,0.0,4.3,25.4,50.6,24.9,8.9,11.9
2025-03-20,Nagaland,Kohima,Kohima,25.67,94.12,1458.0,1.8,5.8,14.4,50.7,24.1,9.5,13.2
2025-03-21,Nagaland,Kohima,Kohima,25.67,94.12,1458.0,0.9,2.7,9.3,50.8,22.2,10.8,11.4
2025-03-22,Nagaland,Kohima,Kohima,25.67,94.12,1458.0,10.4,13.1,18.6,61.2,21.9,9.4,9.4
2025-03-23,Nagaland,Kohima,Kohima,25.67,94.12,1458.0,1.3,12.6,18.7,61.7,22.3,10.4,10.4
2025-03-24,Nagaland,Kohima,Kohima,25.67,94.12,1458.0,0.7,12.4,19.1,62.4,22.2,10.5,11.4
2025-03-25,Nagaland,Kohima,Kohima,25.67,94.12,1458.0,0.0,2.0,15.1,59.2,23.8,11.1,9.0
2025-03-26,Nagaland,Kohima,Kohima,25.67,94.12,1458.0,0.0,0.7,15.1,40.5,24.8,12.0,14.9
2025-03-27,Nagaland,Kohima,Kohima,25.67,94.12,1458.0,0.0,0.0,13.3,27.7,24.4,11.7,13.0
2025-03-28,Nagaland,Kohima,Kohima,25.67,94.12,1458.0,1.0,1.0,13.4,22.7,24.6,12.1,9.6
2025-03-29,Nagaland,Kohima,Kohima,25.67,94.12,1458.0,0.0,1.0,3.0,21.6,27.8,12.6,11.6
2025-03-30,Nagaland,Kohima,Kohima,25.67,94.12,1458.0,0.0,1.0,1.7,20.4,27.3,11.6,10.9
2025-03-31,Nagaland,Kohima,Kohima,25.67,94.12,1458.0,0.0,0.0,1.0,20.1,26.6,11.3,14.2
2025-04-01,Nagaland,Kohima,Kohima,25.67,94.12,1458.0,2.1,2.1,3.1,18.2,25.3,11.5,11.6
2025-04-02,Nagaland,Kohima,Kohima,25.67,94.12,1458.0,0.5,2.6,3.6,18.7,25.1,11.2,10.8
2025-04-03,Nagaland,Kohima,Kohima,25.67,94.12,1458.0,0.8,3.4,4.4,17.7,27.6,12.3,11.3
2025-04-04,Nagaland,Kohima,Kohima,25.67,94.12,1458.0,0.1,1.4,3.5,16.9,27.5,11.8,13.7
2025-04-05,Nagaland,Kohima,Kohima,25.67,94.12,1458.0,0.4,1.3,3.9,6.9,25.5,12.9,13.1
2025-04-06,Nagaland,Kohima,Kohima,25.67,94.12,1458.0,0.0,0.5,3.9,5.6,24.8,12.0,12.6
2025-04-07,Nagaland,Kohima,Kohima,25.67,94.12,1458.0,6.1,6.5,10.0,11.0,24.2,13.0,11.5
2025-04-08,Nagaland,Kohima,Kohima,25.67,94.12,1458.0,0.0,6.1,7.9,11.0,26.1,14.5,10.3
2025-04-09,Nagaland,Kohima,Kohima,25.67,94.12,1458.0,0.8,6.9,8.2,11.8,25.1,14.1,10.1
2025-04-10,Nagaland,Kohima,Kohima,25.67,94.12,1458.0,7.6,8.4,15.0,19.4,25.1,12.4,9.9
2025-04-11,Nagaland,Kohima,Kohima,25.67,94.12,1458.0,13.7,22.1,28.6,32.1,22.2,12.7,10.3
2025-04-12,Nagaland,Kohima,Kohima,25.67,94.12,1458.0,2.5,23.8,30.7,34.6,22.9,13.0,9.6
2025-04-13,Nagaland,Kohima,Kohima,25.67,94.12,1458.0,7.2,23.4,37.9,41.8,24.6,12.9,12.0
2025-04-14,Nagaland,Kohima,Kohima,25.67,94.12,1458.0,1.6,11.3,33.4,43.4,24.9,14.1,8.6
2025-04-15,Nagaland,Kohima,Kohima,25.67,94.12,1458.0,12.7,21.5,46.1,54.0,25.8,14.3,11.9
2025-04-16,Nagaland,Kohima,Kohima,25.67,94.12,1458.0,8.9,23.2,54.2,62.4,23.3,14.0,10.1
2025-04-17,Nagaland,Kohima,Kohima,25.67,94.12,1458.0,23.3,44.9,69.9,84.9,22.3,13.4,10.1
2025-04-18,Nagaland,Kohima,Kohima,25.67,94.12,1458.0,17.5,49.7,73.7,102.3,22.3,12.9,12.9
2025-04-19,Nagaland,Kohima,Kohima,25.67,94.12,1458.0,20.7,61.5,91.9,122.6,23.6,13.8,10.1
2025-04-20,Nagaland,Kohima,Kohima,25.67,94.12,1458.0,24.4,62.6,109.1,147.0,22.9,13.3,10.8
2025-04-21,Nagaland,Kohima,Kohima,25.67,94.12,1458.0,8.4,53.5,115.9,149.3,25.1,15.0,8.7
2025-04-22,Nagaland,Kohima,Kohima,25.67,94.12,1458.0,8.8,41.6,112.0,158.1,24.3,14.4,8.0
2025-04-23,Nagaland,Kohima,Kohima,25.67,94.12,1458.0,1.1,18.3,104.2,158.4,28.7,16.5,15.6
2025-04-24,Nagaland,Kohima,Kohima,25.67,94.12,1458.0,0.0,9.9,80.9,150.8,27.6,16.3,13.2
2025-04-25,Nagaland,Kohima,Kohima,25.67,94.12,1458.0,0.1,1.2,63.5,137.2,27.5,15.4,12.4
2025-04-26,Nagaland,Kohima,Kohima,25.67,94.12,1458.0,0.7,0.8,43.5,135.4,27.6,14.0,16.3
2025-04-27,Nagaland,Kohima,Kohima,25.67,94.12,1458.0,16.5,17.3,35.6,144.7,25.6,14.7,8.7
2025-04-28,Nagaland,Kohima,Kohima,25.67,94.12,1458.0,6.0,23.2,33.2,149.1,24.7,15.0,13.2
2025-04-29,Nagaland,Kohima,Kohima,25.67,94.12,1458.0,2.7,25.2,27.1,139.1,22.3,12.4,6.8
2025-04-30,Nagaland,Kohima,Kohima,25.67,94.12,1458.0,0.6,9.3,26.6,130.8,22.4,12.7,7.5
2025-05-01,Nagaland,Kohima,Kohima,25.67,94.12,1458.0,8.1,11.4,34.7,115.6,21.0,15.3,6.7
2025-05-02,Nagaland,Kohima,Kohima,25.67,94.12,1458.0,8.7,17.4,43.3,106.8,21.7,13.2,9.1
2025-05-03,Nagaland,Kohima,Kohima,25.67,94.12,1458.0,32.9,49.7,75.5,119.0,22.1,13.7,8.1
2025-05-04,Nagaland,Kohima,Kohima,25.67,94.12,1458.0,7.1,48.7,66.1,101.7,24.5,13.1,9.3
2025-05-05,Nagaland,Kohima,Kohima,25.67,94.12,1458.0,33.6,73.6,93.7,126.9,23.6,13.0,10.0
2025-05-06,Nagaland,Kohima,Kohima,25.67,94.12,1458.0,17.7,58.4,108.7,135.8,24.2,13.2,9.2
2025-05-07,Nagaland,Kohima,Kohima,25.67,94.12,1458.0,3.0,54.3,111.1,137.7,24.0,13.8,9.7
2025-05-08,Nagaland,Kohima,Kohima,25.67,94.12,1458.0,3.0,23.7,106.0,140.7,24.4,13.2,10.9
2025-05-09,Nagaland,Kohima,Kohima,25.67,94.12,1458.0,6.4,12.4,103.7,147.0,25.8,16.1,10.3
2025-05-10,Nagaland,Kohima,Kohima,25.67,94.12,1458.0,2.6,12.0,73.4,148.9,25.4,16.2,10.7
2025-05-11,Nagaland,Kohima,Kohima,25.67,94.12,1458.0,1.3,10.3,67.6,133.7,26.0,15.8,10.1
2025-05-12,Nagaland,Kohima,Kohima,25.67,94.12,1458.0,24.7,28.6,58.7,152.4,24.2,15.5,9.8
2025-05-13,Nagaland,Kohima,Kohima,25.67,94.12,1458.0,2.1,28.1,43.1,151.8,26.2,15.6,7.6
2025-05-14,Nagaland,Kohima,Kohima,25.67,94.12,1458.0,15.9,42.7,56.0,167.1,25.3,16.0,9.1
2025-05-15,Nagaland,Kohima,Kohima,25.67,94.12,1458.0,4.8,22.8,57.8,163.8,25.8,16.5,8.3
2025-05-16,Nagaland,Kohima,Kohima,25.67,94.12,1458.0,12.6,33.3,64.0,167.7,25.0,15.8,9.7
2025-05-17,Nagaland,Kohima,Kohima,25.67,94.12,1458.0,11.5,28.9,72.9,146.3,25.3,15.2,11.1
2025-05-18,Nagaland,Kohima,Kohima,25.67,94.12,1458.0,10.7,34.8,82.3,149.9,24.0,15.4,9.6
2025-05-19,Nagaland,Kohima,Kohima,25.67,94.12,1458.0,10.2,32.4,67.8,126.5,23.8,14.6,8.8
2025-05-20,Nagaland,Kohima,Kohima,25.67,94.12,1458.0,33.4,54.3,99.1,142.2,23.3,14.8,9.6
2025-05-21,Nagaland,Kohima,Kohima,25.67,94.12,1458.0,21.4,65.0,104.6,160.6,22.6,15.6,7.6
2025-05-22,Nagaland,Kohima,Kohima,25.67,94.12,1458.0,5.4,60.2,105.2,163.0,23.6,16.1,8.8
2025-05-23,Nagaland,Kohima,Kohima,25.67,94.12,1458.0,9.9,36.7,102.5,166.5,25.2,15.9,7.0
2025-05-24,Nagaland,Kohima,Kohima,25.67,94.12,1458.0,15.1,30.4,106.1,179.0,25.4,17.9,7.9
2025-05-25,Nagaland,Kohima,Kohima,25.67,94.12,1458.0,22.7,47.7,118.1,200.4,24.7,18.0,6.9
2025-05-26,Nagaland,Kohima,Kohima,25.67,94.12,1458.0,32.1,69.9,140.0,207.8,22.2,18.7,5.8
2025-05-27,Nagaland,Kohima,Kohima,25.67,94.12,1458.0,1.9,56.7,108.5,207.6,24.9,18.5,9.6
2025-05-28,Nagaland,Kohima,Kohima,25.67,94.12,1458.0,10.8,44.8,97.9,202.5,27.2,18.3,10.3
2025-05-29,Nagaland,Kohima,Kohima,25.67,94.12,1458.0,25.5,38.2,118.0,223.2,23.5,18.9,8.0
2025-05-30,Nagaland,Kohima,Kohima,25.67,94.12,1458.0,64.9,101.2,173.0,275.5,22.0,19.1,9.6
2025-05-31,Nagaland,Kohima,Kohima,25.67,94.12,1458.0,13.9,104.3,171.8,277.9,28.1,19.6,7.4
2025-06-01,Nagaland,Kohima,Kohima,25.67,94.12,1458.0,95.8,174.6,244.9,363.0,22.3,19.1,5.9
2025-06-02,Nagaland,Kohima,Kohima,25.67,94.12,1458.0,52.8,162.5,265.6,405.6,25.7,17.9,9.1
2025-06-03,Nagaland,Kohima,Kohima,25.67,94.12,1458.0,1.7,150.3,265.4,373.9,25.8,15.7,11.4
2025-06-04,Nagaland,Kohima,Kohima,25.67,94.12,1458.0,10.9,65.4,265.5,363.4,25.0,15.2,9.2
2025-06-05,Nagaland,Kohima,Kohima,25.67,94.12,1458.0,22.4,35.0,262.4,380.4,24.2,16.7,7.5
2025-06-06,Nagaland,Kohima,Kohima,25.67,94.12,1458.0,3.1,36.4,200.6,373.6,25.2,15.6,9.1
2025-06-07,Nagaland,Kohima,Kohima,25.67,94.12,1458.0,7.4,32.9,194.1,365.9,24.7,16.3,8.7
2025-06-08,Nagaland,Kohima,Kohima,25.67,94.12,1458.0,4.6,15.1,102.9,347.8,26.0,17.6,6.5
2025-06-09,Nagaland,Kohima,Kohima,25.67,94.12,1458.0,1.9,13.9,52.0,317.6,27.8,17.5,8.8
2025-06-10,Nagaland,Kohima,Kohima,25.67,94.12,1458.0,1.7,8.2,52.0,317.4,28.3,19.2,9.3
2025-06-11,Nagaland,Kohima,Kohima,25.67,94.12,1458.0,5.7,9.3,46.8,312.3,29.7,18.8,10.2
2025-06-12,Nagaland,Kohima,Kohima,25.67,94.12,1458.0,0.6,8.0,25.0,287.4,29.4,17.8,8.7
2025-06-13,Nagaland,Kohima,Kohima,25.67,94.12,1458.0,4.3,10.6,26.2,226.8,28.1,19.3,8.7
2025-06-14,Nagaland,Kohima,Kohima,25.67,94.12,1458.0,9.9,14.8,28.7,222.8,26.5,19.9,8.0
2025-06-15,Nagaland,Kohima,Kohima,25.67,94.12,1458.0,2.8,17.0,26.9,129.8,26.6,18.4,7.9
2025-06-16,Nagaland,Kohima,Kohima,25.67,94.12,1458.0,18.3,31.0,43.3,95.3,22.9,19.3,5.6
2025-06-17,Nagaland,Kohima,Kohima,25.67,94.12,1458.0,33.2,54.3,74.8,126.8,24.5,19.7,5.8
2025-06-18,Nagaland,Kohima,Kohima,25.67,94.12,1458.0,27.3,78.8,96.4,143.2,25.1,20.0,7.6
2025-06-19,Nagaland,Kohima,Kohima,25.67,94.12,1458.0,53.9,114.4,149.7,174.7,25.4,18.8,7.6
2025-06-20,Nagaland,Kohima,Kohima,25.67,94.12,1458.0,47.8,129.0,193.2,219.4,24.7,18.3,7.6
2025-06-21,Nagaland,Kohima,Kohima,25.67,94.12,1458.0,60.8,162.5,244.1,272.8,23.1,18.6,5.7
2025-06-22,Nagaland,Kohima,Kohima,25.67,94.12,1458.0,25.9,134.5,267.2,294.1,26.7,19.1,8.5
2025-06-23,Nagaland,Kohima,Kohima,25.67,94.12,1458.0,64.3,151.0,313.2,356.5,23.0,18.9,6.1
2025-06-24,Nagaland,Kohima,Kohima,25.67,94.12,1458.0,47.0,137.2,327.0,401.8,23.2,18.6,6.2
2025-06-25,Nagaland,Kohima,Kohima,25.67,94.12,1458.0,27.3,138.6,327.0,423.4,24.1,18.4,8.3
2025-06-26,Nagaland,Kohima,Kohima,25.67,94.12,1458.0,10.8,85.1,283.9,433.6,25.3,17.7,7.3
2025-06-27,Nagaland,Kohima,Kohima,25.67,94.12,1458.0,9.8,47.9,245.9,439.1,25.4,18.7,7.1
2025-06-28,Nagaland,Kohima,Kohima,25.67,94.12,1458.0,14.9,35.5,200.0,444.1,25.9,18.6,6.4
2025-06-29,Nagaland,Kohima,Kohima,25.67,94.12,1458.0,31.6,56.3,205.7,472.9,25.3,18.8,7.5
2025-06-30,Nagaland,Kohima,Kohima,25.67,94.12,1458.0,25.2,71.7,166.6,479.8,25.7,19.0,8.7
2025-07-01,Nagaland,Kohima,Kohima,25.67,94.12,1458.0,12.8,69.6,132.4,459.4,24.9,19.4,7.0
2025-07-02,Nagaland,Kohima,Kohima,25.67,94.12,1458.0,23.3,61.3,128.4,455.4,25.1,19.6,7.7
2025-07-03,Nagaland,Kohima,Kohima,25.67,94.12,1458.0,17.4,53.5,135.0,418.9,25.3,19.6,9.8
2025-07-04,Nagaland,Kohima,Kohima,25.67,94.12,1458.0,25.4,66.1,150.6,396.5,24.4,19.7,6.0
2025-07-05,Nagaland,Kohima,Kohima,25.67,94.12,1458.0,41.6,84.4,177.3,377.3,24.1,19.6,7.8
2025-07-06,Nagaland,Kohima,Kohima,25.67,94.12,1458.0,15.1,82.1,160.8,366.5,23.1,18.9,6.0
2025-07-07,Nagaland,Kohima,Kohima,25.67,94.12,1458.0,9.7,66.4,145.3,311.9,26.6,18.6,7.9
2025-07-08,Nagaland,Kohima,Kohima,25.67,94.12,1458.0,30.8,55.6,163.3,295.7,23.9,18.5,6.4
2025-07-09,Nagaland,Kohima,Kohima,25.67,94.12,1458.0,31.5,72.0,171.5,299.9,23.2,18.1,5.2
2025-07-10,Nagaland,Kohima,Kohima,25.67,94.12,1458.0,20.1,82.4,174.2,309.2,24.6,18.1,7.6
2025-07-11,Nagaland,Kohima,Kohima,25.67,94.12,1458.0,4.3,55.9,153.1,303.7,26.2,18.6,7.4
2025-07-12,Nagaland,Kohima,Kohima,25.67,94.12,1458.0,3.1,27.5,114.6,291.9,27.5,19.5,9.4
2025-07-13,Nagaland,Kohima,Kohima,25.67,94.12,1458.0,0.6,8.0,100.1,260.9,28.6,19.0,11.1
2025-07-14,Nagaland,Kohima,Kohima,25.67,94.12,1458.0,19.0,22.7,109.4,254.7,27.1,19.2,9.7
2025-07-15,Nagaland,Kohima,Kohima,25.67,94.12,1458.0,34.6,54.2,113.2,276.5,25.1,18.8,11.2
2025-07-16,Nagaland,Kohima,Kohima,25.67,94.12,1458.0,20.8,74.4,102.5,274.0,23.7,18.4,8.1
2025-07-17,Nagaland,Kohima,Kohima,25.67,94.12,1458.0,1.1,56.5,83.5,257.7,25.5,18.1,11.7
2025-07-18,Nagaland,Kohima,Kohima,25.67,94.12,1458.0,3.0,24.9,82.2,235.3,25.9,18.5,7.4
2025-07-19,Nagaland,Kohima,Kohima,25.67,94.12,1458.0,8.0,12.1,87.1,201.7,24.4,19.3,5.9
2025-07-20,Nagaland,Kohima,Kohima,25.67,94.12,1458.0,20.1,31.1,106.6,206.7,26.4,19.0,8.5
2025-07-21,Nagaland,Kohima,Kohima,25.67,94.12,1458.0,7.3,35.4,94.9,204.3,26.2,18.8,7.7
2025-07-22,Nagaland,Kohima,Kohima,25.67,94.12,1458.0,4.0,31.4,64.3,177.5,26.6,19.6,7.4
2025-07-23,Nagaland,Kohima,Kohima,25.67,94.12,1458.0,1.0,12.3,44.5,147.0,27.2,20.1,6.8
2025-07-24,Nagaland,Kohima,Kohima,25.67,94.12,1458.0,7.4,12.4,50.8,134.3,28.3,20.2,10.3
2025-07-25,Nagaland,Kohima,Kohima,25.67,94.12,1458.0,1.1,9.5,48.9,131.1,28.5,20.7,11.6
2025-07-26,Nagaland,Kohima,Kohima,25.67,94.12,1458.0,63.3,71.8,104.2,191.3,24.7,20.1,5.9
2025-07-27,Nagaland,Kohima,Kohima,25.67,94.12,1458.0,52.4,116.8,136.5,243.1,23.2,20.4,5.4
2025-07-28,Nagaland,Kohima,Kohima,25.67,94.12,1458.0,27.6,143.3,156.8,251.7,24.2,19.7,7.0
2025-07-29,Nagaland,Kohima,Kohima,25.67,94.12,1458.0,22.4,102.4,175.2,239.5,26.0,18.3,7.5
2025-07-30,Nagaland,Kohima,Kohima,25.67,94.12,1458.0,23.5,73.5,197.7,242.2,25.4,19.4,7.2
2025-07-31,Nagaland,Kohima,Kohima,25.67,94.12,1458.0,27.1,73.0,217.4,268.2,25.2,18.2,8.5
2025-08-01,Nagaland,Kohima,Kohima,25.67,94.12,1458.0,43.6,94.2,259.9,308.8,24.4,20.4,6.8
2025-08-02,Nagaland,Kohima,Kohima,25.67,94.12,1458.0,52.0,122.7,248.6,352.8,22.9,19.8,5.2
2025-08-03,Nagaland,Kohima,Kohima,25.67,94.12,1458.0,55.1,150.7,251.3,387.8,23.6,18.9,7.4
2025-08-04,Nagaland,Kohima,Kohima,25.67,94.12,1458.0,30.3,137.4,254.0,410.8,24.1,19.4,5.3
2025-08-05,Nagaland,Kohima,Kohima,25.67,94.12,1458.0,48.3,133.7,279.9,455.1,24.1,18.3,7.7
2025-08-06,Nagaland,Kohima,Kohima,25.67,94.12,1458.0,10.7,89.3,267.1,464.8,25.7,18.6,7.9
2025-08-07,Nagaland,Kohima,Kohima,25.67,94.12,1458.0,31.0,90.0,271.0,488.4,23.0,19.5,6.1
2025-08-08,Nagaland,Kohima,Kohima,25.67,94.12,1458.0,42.2,83.9,269.6,529.5,22.8,19.5,6.7
2025-08-09,Nagaland,Kohima,Kohima,25.67,94.12,1458.0,9.9,83.1,227.5,476.1,23.8,18.9,7.0
2025-08-10,Nagaland,Kohima,Kohima,25.67,94.12,1458.0,16.4,68.5,188.8,440.1,25.1,18.1,9.6
2025-08-11,Nagaland,Kohima,Kohima,25.67,94.12,1458.0,13.7,40.0,172.2,426.2,24.3,17.9,7.8
2025-08-12,Nagaland,Kohima,Kohima,25.67,94.12,1458.0,44.8,74.9,168.7,448.6,23.0,20.0,4.2
2025-08-13,Nagaland,Kohima,Kohima,25.67,94.12,1458.0,21.8,80.3,179.8,446.9,22.9,19.0,5.8
2025-08-14,Nagaland,Kohima,Kohima,25.67,94.12,1458.0,16.8,83.4,165.6,436.6,23.0,18.4,5.0
2025-08-15,Nagaland,Kohima,Kohima,25.67,94.12,1458.0,10.0,48.6,133.4,403.0,24.9,19.0,6.3
2025-08-16,Nagaland,Kohima,Kohima,25.67,94.12,1458.0,3.1,29.9,126.6,354.1,27.6,18.9,7.7
2025-08-17,Nagaland,Kohima,Kohima,25.67,94.12,1458.0,1.4,14.5,111.6,300.4,27.8,19.0,9.5
2025-08-18,Nagaland,Kohima,Kohima,25.67,94.12,1458.0,2.8,7.3,100.7,272.9,26.3,19.0,8.8
2025-08-19,Nagaland,Kohima,Kohima,25.67,94.12,1458.0,24.5,28.7,80.4,249.1,25.2,17.2,7.9
2025-08-20,Nagaland,Kohima,Kohima,25.67,94.12,1458.0,47.7,75.0,106.3,286.1,23.6,18.4,6.6
2025-08-21,Nagaland,Kohima,Kohima,25.67,94.12,1458.0,39.7,111.9,129.2,294.8,25.0,18.4,6.7
2025-08-22,Nagaland,Kohima,Kohima,25.67,94.12,1458.0,24.2,111.6,143.4,276.8,25.7,18.7,10.3
2025-08-23,Nagaland,Kohima,Kohima,25.67,94.12,1458.0,40.1,104.0,180.4,307.0,24.2,19.0,7.4
2025-08-24,Nagaland,Kohima,Kohima,25.67,94.12,1458.0,23.0,87.3,202.0,313.6,25.1,18.1,7.1
2025-08-25,Nagaland,Kohima,Kohima,25.67,94.12,1458.0,12.4,75.5,211.6,312.3,25.4,18.8,6.4
2025-08-26,Nagaland,Kohima,Kohima,25.67,94.12,1458.0,27.4,62.8,214.5,294.9,26.4,18.1,6.7
2025-08-27,Nagaland,Kohima,Kohima,25.67,94.12,1458.0,13.7,53.5,180.5,286.8,26.1,18.9,7.5
2025-08-28,Nagaland,Kohima,Kohima,25.67,94.12,1458.0,32.5,73.6,173.3,302.5,23.7,18.6,7.4
2025-08-29,Nagaland,Kohima,Kohima,25.67,94.12,1458.0,54.9,101.1,204.0,347.4,22.6,18.3,5.6
2025-08-30,Nagaland,Kohima,Kohima,25.67,94.12,1458.0,35.4,122.8,199.3,379.7,23.1,18.1,5.5
2025-08-31,Nagaland,Kohima,Kohima,25.67,94.12,1458.0,6.1,96.4,182.4,384.4,26.0,18.5,9.9
2025-09-01,Nagaland,Kohima,Kohima,25.67,94.12,1458.0,3.1,44.6,173.1,384.7,27.8,18.4,10.8
2025-09-02,Nagaland,Kohima,Kohima,25.67,94.12,1458.0,12.4,21.6,158.1,372.6,27.1,17.9,11.4
2025-09-03,Nagaland,Kohima,Kohima,25.67,94.12,1458.0,18.6,34.1,163.0,343.5,27.6,17.4,8.0
2025-09-04,Nagaland,Kohima,Kohima,25.67,94.12,1458.0,27.2,58.2,157.7,331.0,25.9,18.1,7.9
2025-09-05,Nagaland,Kohima,Kohima,25.67,94.12,1458.0,17.5,63.3,120.3,324.3,25.0,18.5,7.9
2025-09-06,Nagaland,Kohima,Kohima,25.67,94.12,1458.0,9.0,53.7,93.9,293.2,25.5,18.2,7.6
2025-09-07,Nagaland,Kohima,Kohima,25.67,94.12,1458.0,25.7,52.2,113.5,295.9,25.2,17.9,7.6
2025-09-08,Nagaland,Kohima,Kohima,25.67,94.12,1458.0,17.6,52.3,128.0,301.1,24.1,18.1,6.5
2025-09-09,Nagaland,Kohima,Kohima,25.67,94.12,1458.0,15.2,58.5,130.8,288.9,25.0,17.8,6.9
2025-09-10,Nagaland,Kohima,Kohima,25.67,94.12,1458.0,21.9,54.7,134.1,297.1,23.6,17.9,6.0
2025-09-11,Nagaland,Kohima,Kohima,25.67,94.12,1458.0,24.3,61.4,131.2,288.9,25.3,18.6,5.9
2025-09-12,Nagaland,Kohima,Kohima,25.67,94.12,1458.0,49.9,96.1,163.6,283.9,23.0,18.7,6.7
2025-09-13,Nagaland,Kohima,Kohima,25.67,94.12,1458.0,33.1,107.3,187.7,281.6,23.0,18.8,6.3
2025-09-14,Nagaland,Kohima,Kohima,25.67,94.12,1458.0,31.9,114.9,193.9,307.4,21.8,18.9,5.9
2025-09-15,Nagaland,Kohima,Kohima,25.67,94.12,1458.0,51.3,116.3,227.6,355.6,22.2,18.6,5.2
2025-09-16,Nagaland,Kohima,Kohima,25.67,94.12,1458.0,51.1,134.3,263.5,394.3,21.9,18.4,6.2
2025-09-17,Nagaland,Kohima,Kohima,25.67,94.12,1458.0,43.2,145.6,284.8,418.9,22.1,17.1,5.9
2025-09-18,Nagaland,Kohima,Kohima,25.67,94.12,1458.0,33.9,128.2,294.4,425.6,23.8,16.8,6.4
2025-09-19,Nagaland,Kohima,Kohima,25.67,94.12,1458.0,28.4,105.5,272.9,436.5,23.4,16.8,6.0
2025-09-20,Nagaland,Kohima,Kohima,25.67,94.12,1458.0,30.3,92.6,270.1,457.8,24.8,17.5,6.5
2025-09-21,Nagaland,Kohima,Kohima,25.67,94.12,1458.0,7.0,65.7,245.2,439.1,25.3,17.4,7.1
2025-09-22,Nagaland,Kohima,Kohima,25.67,94.12,1458.0,3.2,40.5,197.1,424.7,26.7,17.2,8.1
2025-09-23,Nagaland,Kohima,Kohima,25.67,94.12,1458.0,3.0,13.2,149.0,412.5,26.2,18.1,6.9
2025-09-24,Nagaland,Kohima,Kohima,25.67,94.12,1458.0,4.6,10.8,110.4,395.2,26.5,18.2,8.0
2025-09-25,Nagaland,Kohima,Kohima,25.67,94.12,1458.0,0.4,8.0,76.9,371.3,28.6,18.1,8.9
2025-09-26,Nagaland,Kohima,Kohima,25.67,94.12,1458.0,0.0,5.0,48.5,321.4,29.7,17.6,9.8
2025-09-27,Nagaland,Kohima,Kohima,25.67,94.12,1458.0,2.8,3.2,21.0,291.1,26.2,18.2,8.7
2025-09-28,Nagaland,Kohima,Kohima,25.67,94.12,1458.0,10.4,13.2,24.4,269.6,24.3,17.8,6.0
2025-09-29,Nagaland,Kohima,Kohima,25.67,94.12,1458.0,6.6,19.8,27.8,224.9,26.0,17.6,7.3
2025-09-30,Nagaland,Kohima,Kohima,25.67,94.12,1458.0,7.9,24.9,32.7,181.7,27.0,18.1,8.3
2025-10-01,Nagaland,Kohima,Kohima,25.67,94.12,1458.0,20.4,34.9,48.5,158.9,23.8,17.6,8.2
2025-10-02,Nagaland,Kohima,Kohima,25.67,94.12,1458.0,41.3,69.6,89.4,166.3,24.2,17.1,10.3
2025-10-03,Nagaland,Kohima,Kohima,25.67,94.12,1458.0,7.0,68.7,96.4,144.9,23.7,17.1,8.2
2025-10-04,Nagaland,Kohima,Kohima,25.67,94.12,1458.0,10.2,58.5,103.8,124.8,26.3,17.1,8.3
2025-10-05,Nagaland,Kohima,Kohima,25.67,94.12,1458.0,29.4,46.6,122.8,147.2,24.0,15.7,8.2
2025-10-06,Nagaland,Kohima,Kohima,25.67,94.12,1458.0,31.5,71.1,147.7,175.5,23.0,15.6,8.1
2025-10-07,Nagaland,Kohima,Kohima,25.67,94.12,1458.0,15.2,76.1,155.0,187.7,23.6,16.3,7.6
2025-10-08,Nagaland,Kohima,Kohima,25.67,94.12,1458.0,28.8,75.5,163.4,211.9,22.1,15.5,8.3
2025-10-09,Nagaland,Kohima,Kohima,25.67,94.12,1458.0,21.7,65.7,143.8,233.2,22.5,16.0,7.6
2025-10-10,Nagaland,Kohima,Kohima,25.67,94.12,1458.0,23.7,74.2,160.5,256.9,23.1,16.0,7.5
2025-10-11,Nagaland,Kohima,Kohima,25.67,94.12,1458.0,45.5,90.9,195.8,299.6,21.8,16.8,5.8
2025-10-12,Nagaland,Kohima,Kohima,25.67,94.12,1458.0,21.9,91.1,188.3,311.1,20.8,16.0,8.1
2025-10-13,Nagaland,Kohima,Kohima,25.67,94.12,1458.0,6.0,73.4,162.8,310.5,23.0,16.3,6.5
2025-10-14,Nagaland,Kohima,Kohima,25.67,94.12,1458.0,3.4,31.3,151.0,306.0,23.7,15.4,7.6
2025-10-15,Nagaland,Kohima,Kohima,25.67,94.12,1458.0,1.2,10.6,123.4,286.8,24.8,15.9,7.4
2025-10-16,Nagaland,Kohima,Kohima,25.67,94.12,1458.0,0.0,4.6,101.7,245.5,24.7,14.9,8.6
2025-10-17,Nagaland,Kohima,Kohima,25.67,94.12,1458.0,0.0,1.2,78.0,238.5,24.6,15.4,7.6
2025-10-18,Nagaland,Kohima,Kohima,25.67,94.12,1458.0,0.1,0.1,32.6,228.4,23.9,15.5,7.9
2025-10-19,Nagaland,Kohima,Kohima,25.67,94.12,1458.0,0.2,0.3,10.9,199.2,23.4,15.1,8.3
2025-10-20,Nagaland,Kohima,Kohima,25.67,94.12,1458.0,0.9,1.2,5.8,168.6,23.9,14.4,7.6
2025-10-21,Nagaland,Kohima,Kohima,25.67,94.12,1458.0,0.3,1.4,2.7,153.7,24.5,14.8,8.1
2025-10-22,Nagaland,Kohima,Kohima,25.67,94.12,1458.0,0.4,1.6,1.9,125.3,24.3,15.1,7.0
2025-10-23,Nagaland,Kohima,Kohima,25.67,94.12,1458.0,0.8,1.5,2.7,104.4,24.1,14.8,7.9
2025-10-24,Nagaland,Kohima,Kohima,25.67,94.12,1458.0,4.3,5.5,7.0,85.0,22.9,13.6,7.8
2025-10-25,Nagaland,Kohima,Kohima,25.67,94.12,1458.0,4.3,9.4,11.2,43.8,22.7,13.3,8.5
2025-10-26,Nagaland,Kohima,Kohima,25.67,94.12,1458.0,0.8,9.4,11.8,22.7,22.6,13.4,8.7
2025-10-27,Nagaland,Kohima,Kohima,25.67,94.12,1458.0,3.0,8.1,13.9,19.7,23.0,13.5,6.8
2025-10-28,Nagaland,Kohima,Kohima,25.67,94.12,1458.0,3.5,7.3,17.1,19.8,22.9,14.6,7.6
2025-10-29,Nagaland,Kohima,Kohima,25.67,94.12,1458.0,1.1,7.6,17.8,19.7,22.9,14.7,8.4
2025-10-30,Nagaland,Kohima,Kohima,25.67,94.12,1458.0,8.9,13.5,25.9,28.6,22.7,15.4,8.1
2025-10-31,Nagaland,Kohima,Kohima,25.67,94.12,1458.0,4.2,14.2,25.8,32.8,22.3,15.2,8.0
2025-11-01,Nagaland,Kohima,Kohima,25.67,94.12,1458.0,4.2,17.3,25.7,36.9,20.2,14.4,5.9
2025-11-02,Nagaland,Kohima,Kohima,25.67,94.12,1458.0,15.5,23.9,40.4,52.2,20.1,16.1,6.7
2025-11-03,Nagaland,Kohima,Kohima,25.67,94.12,1458.0,3.0,22.7,40.4,54.3,21.6,14.5,6.1
2025-11-04,Nagaland,Kohima,Kohima,25.67,94.12,1458.0,0.9,19.4,37.8,54.9,22.8,14.0,8.4
2025-11-05,Nagaland,Kohima,Kohima,25.67,94.12,1458.0,7.1,11.0,43.8,61.6,20.9,16.0,8.1
2025-11-06,Nagaland,Kohima,Kohima,25.67,94.12,1458.0,17.2,25.2,52.1,78.0,19.9,13.7,6.5
2025-11-07,Nagaland,Kohima,Kohima,25.67,94.12,1458.0,0.5,24.8,48.4,74.2,21.9,12.9,7.8
2025-11-08,Nagaland,Kohima,Kohima,25.67,94.12,1458.0,0.5,18.2,44.7,70.4,22.1,11.2,10.2
2025-11-09,Nagaland,Kohima,Kohima,25.67,94.12,1458.0,0.0,1.0,29.2,69.6,22.1,11.5,11.7
2025-11-10,Nagaland,Kohima,Kohima,25.67,94.12,1458.0,0.0,0.5,26.2,66.6,21.4,10.4,11.1
2025-11-11,Nagaland,Kohima,Kohima,25.67,94.12,1458.0,0.0,0.0,25.3,63.1,21.1,10.4,12.1
2025-11-12,Nagaland,Kohima,Kohima,25.67,94.12,1458.0,0.0,0.0,18.2,62.0,20.7,9.8,10.7
2025-11-13,Nagaland,Kohima,Kohima,25.67,94.12,1458.0,0.1,0.1,1.1,53.2,20.6,8.9,9.4
2025-11-14,Nagaland,Kohima,Kohima,25.67,94.12,1458.0,0.0,0.1,0.6,49.0,19.9,9.3,11.4
2025-11-15,Nagaland,Kohima,Kohima,25.67,94.12,1458.0,0.0,0.1,0.1,44.8,20.6,9.2,9.1
2025-11-16,Nagaland,Kohima,Kohima,25.67,94.12,1458.0,0.0,0.0,0.1,29.3,20.3,8.6,9.4
2025-11-17,Nagaland,Kohima,Kohima,25.67,94.12,1458.0,0.0,0.0,0.1,26.3,21.2,7.8,8.9
2025-11-18,Nagaland,Kohima,Kohima,25.67,94.12,1458.0,0.1,0.1,0.2,25.5,21.2,9.1,10.6
2025-11-19,Nagaland,Kohima,Kohima,25.67,94.12,1458.0,0.0,0.1,0.2,18.4,20.7,9.5,11.9
2025-11-20,Nagaland,Kohima,Kohima,25.67,94.12,1458.0,0.9,1.0,1.0,2.1,19.1,10.7,7.5
2025-11-21,Nagaland,Kohima,Kohima,25.67,94.12,1458.0,3.6,4.5,4.6,5.2,19.5,10.6,9.3
2025-11-22,Nagaland,Kohima,Kohima,25.67,94.12,1458.0,3.5,8.0,8.1,8.2,17.5,10.5,10.7
2025-11-23,Nagaland,Kohima,Kohima,25.67,94.12,1458.0,3.2,10.3,11.3,11.4,17.5,7.9,9.5
2025-11-24,Nagaland,Kohima,Kohima,25.67,94.12,1458.0,0.9,7.6,12.2,12.3,18.5,7.4,10.1
2025-11-25,Nagaland,Kohima,Kohima,25.67,94.12,1458.0,0.3,4.4,12.4,12.6,19.3,7.2,9.8
2025-11-26,Nagaland,Kohima,Kohima,25.67,94.12,1458.0,0.0,1.2,12.4,12.6,19.4,8.2,8.4
2025-11-27,Nagaland,Kohima,Kohima,25.67,94.12,1458.0,0.0,0.3,11.5,12.5,22.7,8.7,11.8
2025-11-28,Nagaland,Kohima,Kohima,25.67,94.12,1458.0,0.0,0.0,7.9,12.5,20.5,8.4,10.7
2025-11-29,Nagaland,Kohima,Kohima,25.67,94.12,1458.0,0.0,0.0,4.4,12.5,19.2,8.5,11.1
2025-11-30,Nagaland,Kohima,Kohima,25.67,94.12,1458.0,0.0,0.0,1.2,12.5,18.3,7.7,11.2
2025-12-01,Nagaland,Kohima,Kohima,25.67,94.12,1458.0,0.0,0.0,0.3,12.5,18.0,7.7,10.1
2025-12-02,Nagaland,Kohima,Kohima,25.67,94.12,1458.0,0.0,0.0,0.0,12.4,18.4,8.0,9.8
2025-12-03,Nagaland,Kohima,Kohima,25.67,94.12,1458.0,0.0,0.0,0.0,12.4,19.3,7.5,10.4
2025-12-04,Nagaland,Kohima,Kohima,25.67,94.12,1458.0,0.0,0.0,0.0,11.5,19.1,8.4,9.5
2025-12-05,Nagaland,Kohima,Kohima,25.67,94.12,1458.0,0.0,0.0,0.0,7.9,19.2,6.8,9.8
2025-12-06,Nagaland,Kohima,Kohima,25.67,94.12,1458.0,0.0,0.0,0.0,4.4,18.5,5.7,10.5
2025-12-07,Nagaland,Kohima,Kohima,25.67,94.12,1458.0,0.0,0.0,0.0,1.2,18.6,6.3,9.1
2025-12-08,Nagaland,Kohima,Kohima,25.67,94.12,1458.0,0.0,0.0,0.0,0.3,19.8,7.2,8.4
2025-12-09,Nagaland,Kohima,Kohima,25.67,94.12,1458.0,0.0,0.0,0.0,0.0,18.5,8.3,9.1
2025-12-10,Nagaland,Kohima,Kohima,25.67,94.12,1458.0,0.0,0.0,0.0,0.0,19.7,7.6,10.3
2025-12-11,Nagaland,Kohima,Kohima,25.67,94.12,1458.0,0.0,0.0,0.0,0.0,18.8,6.9,9.1
2025-12-12,Nagaland,Kohima,Kohima,25.67,94.12,1458.0,0.0,0.0,0.0,0.0,18.6,6.2,8.5
2025-12-13,Nagaland,Kohima,Kohima,25.67,94.12,1458.0,0.0,0.0,0.0,0.0,19.4,6.4,8.6
2025-12-14,Nagaland,Kohima,Kohima,25.67,94.12,1458.0,0.0,0.0,0.0,0.0,19.4,7.8,9.3
2025-12-15,Nagaland,Kohima,Kohima,25.67,94.12,1458.0,0.0,0.0,0.0,0.0,19.1,8.2,10.1
2025-12-16,Nagaland,Kohima,Kohima,25.67,94.12,1458.0,0.0,0.0,0.0,0.0,18.4,7.7,10.6
2025-12-17,Nagaland,Kohima,Kohima,25.67,94.12,1458.0,0.0,0.0,0.0,0.0,18.5,8.0,10.3
2025-12-18,Nagaland,Kohima,Kohima,25.67,94.12,1458.0,0.0,0.0,0.0,0.0,19.4,7.9,9.3
2025-12-19,Nagaland,Kohima,Kohima,25.67,94.12,1458.0,0.0,0.0,0.0,0.0,18.5,8.3,9.9
2025-12-20,Nagaland,Kohima,Kohima,25.67,94.12,1458.0,0.0,0.0,0.0,0.0,18.6,6.6,11.3
2025-12-21,Nagaland,Kohima,Kohima,25.67,94.12,1458.0,0.0,0.0,0.0,0.0,18.6,7.5,9.9
2025-12-22,Nagaland,Kohima,Kohima,25.67,94.12,1458.0,0.0,0.0,0.0,0.0,17.8,7.9,9.6
2025-12-23,Nagaland,Kohima,Kohima,25.67,94.12,1458.0,0.0,0.0,0.0,0.0,17.0,7.6,11.5
2025-12-24,Nagaland,Kohima,Kohima,25.67,94.12,1458.0,0.6,0.6,0.6,0.6,16.1,6.7,9.9
2025-12-25,Nagaland,Kohima,Kohima,25.67,94.12,1458.0,0.3,0.9,0.9,0.9,17.4,6.2,11.4
2025-12-26,Nagaland,Kohima,Kohima,25.67,94.12,1458.0,0.0,0.9,0.9,0.9,17.5,6.7,10.6
2025-12-27,Nagaland,Kohima,Kohima,25.67,94.12,1458.0,0.0,0.3,0.9,0.9,17.3,6.0,11.4
2025-12-28,Nagaland,Kohima,Kohima,25.67,94.12,1458.0,0.1,0.1,1.0,1.0,17.5,5.9,10.4
2025-12-29,Nagaland,Kohima,Kohima,25.67,94.12,1458.0,0.0,0.1,1.0,1.0,17.8,6.1,11.7
2025-12-30,Nagaland,Kohima,Kohima,25.67,94.12,1458.0,0.5,0.6,1.5,1.5,15.0,3.9,10.8
2025-12-31,Nagaland,Kohima,Kohima,25.67,94.12,1458.0,0.7,1.2,1.6,2.2,16.5,5.7,11.1
2026-01-01,Nagaland,Kohima,Kohima,25.67,94.12,1458.0,0.1,1.3,1.4,2.3,17.4,4.8,9.6
2026-01-02,Nagaland,Kohima,Kohima,25.67,94.12,1458.0,0.2,1.0,1.6,2.5,18.0,4.9,9.3
2026-01-03,Nagaland,Kohima,Kohima,25.67,94.12,1458.0,4.6,4.9,6.2,7.1,15.0,5.8,8.9
2026-01-04,Nagaland,Kohima,Kohima,25.67,94.12,1458.0,0.8,5.6,6.9,7.9,15.1,3.0,10.5
2026-01-05,Nagaland,Kohima,Kohima,25.67,94.12,1458.0,0.0,5.4,6.9,7.9,15.7,3.8,13.1
2026-01-06,Nagaland,Kohima,Kohima,25.67,94.12,1458.0,1.5,2.3,7.9,9.4,16.4,4.5,10.5
2026-01-07,Nagaland,Kohima,Kohima,25.67,94.12,1458.0,0.2,1.7,7.4,9.0,16.7,4.2,13.3
2026-01-08,Nagaland,Kohima,Kohima,25.67,94.12,1458.0,0.1,1.8,7.4,8.8,17.5,4.9,14.4
2026-01-09,Nagaland,Kohima,Kohima,25.67,94.12,1458.0,0.0,0.3,7.2,8.8,17.3,4.7,13.0
2026-01-10,Nagaland,Kohima,Kohima,25.67,94.12,1458.0,0.1,0.2,2.7,8.9,17.1,6.8,13.7
2026-01-11,Nagaland,Kohima,Kohima,25.67,94.12,1458.0,0.5,0.6,2.4,9.3,17.6,6.2,12.5
2026-01-12,Nagaland,Kohima,Kohima,25.67,94.12,1458.0,0.1,0.7,2.5,9.4,18.0,5.6,9.4
2026-01-13,Nagaland,Kohima,Kohima,25.67,94.12,1458.0,0.0,0.6,1.0,8.9,18.3,6.7,10.0
2026-01-14,Nagaland,Kohima,Kohima,25.67,94.12,1458.0,0.0,0.1,0.8,8.2,18.0,7.2,13.1
2026-01-15,Nagaland,Kohima,Kohima,25.67,94.12,1458.0,0.9,0.9,1.6,9.0,17.8,7.1,13.2
2026-01-16,Nagaland,Kohima,Kohima,25.67,94.12,1458.0,0.0,0.9,1.6,8.8,17.8,7.4,9.7
2026-01-17,Nagaland,Kohima,Kohima,25.67,94.12,1458.0,0.0,0.9,1.5,4.2,18.8,7.3,11.0
2026-01-18,Nagaland,Kohima,Kohima,25.67,94.12,1458.0,0.0,0.0,1.0,3.4,17.9,7.5,11.6
2026-01-19,Nagaland,Kohima,Kohima,25.67,94.12,1458.0,0.0,0.0,0.9,3.4,17.5,6.5,11.5
2026-01-20,Nagaland,Kohima,Kohima,25.67,94.12,1458.0,0.0,0.0,0.9,1.9,17.9,6.4,12.6
2026-01-21,Nagaland,Kohima,Kohima,25.67,94.12,1458.0,0.0,0.0,0.9,1.7,17.9,5.2,11.7
2026-01-22,Nagaland,Kohima,Kohima,25.67,94.12,1458.0,0.0,0.0,0.0,1.6,18.3,6.6,11.1
2026-01-23,Nagaland,Kohima,Kohima,25.67,94.12,1458.0,0.0,0.0,0.0,1.6,19.0,5.4,10.7
2026-01-24,Nagaland,Kohima,Kohima,25.67,94.12,1458.0,0.0,0.0,0.0,1.5,19.3,6.1,12.6
2026-01-25,Nagaland,Kohima,Kohima,25.67,94.12,1458.0,0.1,0.1,0.1,1.1,18.0,6.1,12.8
2026-01-26,Nagaland,Kohima,Kohima,25.67,94.12,1458.0,1.1,1.2,1.2,2.1,18.1,5.7,11.7
2026-01-27,Nagaland,Kohima,Kohima,25.67,94.12,1458.0,0.0,1.2,1.2,2.1,19.0,5.7,11.0
2026-01-28,Nagaland,Kohima,Kohima,25.67,94.12,1458.0,0.0,1.1,1.2,2.1,19.5,7.1,10.3
2026-01-29,Nagaland,Kohima,Kohima,25.67,94.12,1458.0,2.6,2.6,3.8,3.8,17.9,5.8,9.9
2026-01-30,Nagaland,Kohima,Kohima,25.67,94.12,1458.0,0.6,3.2,4.4,4.4,16.9,5.2,10.3
2026-01-31,Nagaland,Kohima,Kohima,25.67,94.12,1458.0,0.0,3.2,4.4,4.4,18.7,5.8,11.4
2026-02-01,Nagaland,Kohima,Kohima,25.67,94.12,1458.0,0.0,0.6,4.3,4.4,19.4,5.5,10.6
2026-02-02,Nagaland,Kohima,Kohima,25.67,94.12,1458.0,0.0,0.0,3.2,4.4,19.7,6.2,11.7
2026-02-03,Nagaland,Kohima,Kohima,25.67,94.12,1458.0,0.0,0.0,3.2,4.4,20.3,6.5,10.9
2026-02-04,Nagaland,Kohima,Kohima,25.67,94.12,1458.0,0.3,0.3,3.5,4.7,19.6,7.3,12.4
2026-02-05,Nagaland,Kohima,Kohima,25.67,94.12,1458.0,0.3,0.6,1.2,5.0,18.4,5.3,11.0
2026-02-06,Nagaland,Kohima,Kohima,25.67,94.12,1458.0,0.1,0.7,0.7,5.1,19.3,6.1,13.2
2026-02-07,Nagaland,Kohima,Kohima,25.67,94.12,1458.0,0.0,0.4,0.7,5.1,18.7,6.3,11.3
2026-02-08,Nagaland,Kohima,Kohima,25.67,94.12,1458.0,0.6,0.7,1.3,5.6,19.3,5.8,10.1
2026-02-09,Nagaland,Kohima,Kohima,25.67,94.12,1458.0,0.1,0.7,1.4,4.6,20.5,6.6,11.6
2026-02-10,Nagaland,Kohima,Kohima,25.67,94.12,1458.0,0.3,1.0,1.7,4.9,19.7,6.8,11.0
2026-02-11,Nagaland,Kohima,Kohima,25.67,94.12,1458.0,0.0,0.4,1.4,4.9,19.6,6.8,12.6
2026-02-12,Nagaland,Kohima,Kohima,25.67,94.12,1458.0,0.0,0.3,1.1,2.3,20.1,8.4,12.2
2026-02-13,Nagaland,Kohima,Kohima,25.67,94.12,1458.0,0.0,0.0,1.0,1.7,21.0,8.2,11.4
2026-02-14,Nagaland,Kohima,Kohima,25.67,94.12,1458.0,0.2,0.2,1.2,1.9,20.6,7.0,11.1
2026-02-15,Nagaland,Kohima,Kohima,25.67,94.12,1458.0,0.9,1.1,1.5,2.8,19.4,7.6,11.8
2026-02-16,Nagaland,Kohima,Kohima,25.67,94.12,1458.0,0.0,1.1,1.4,2.8,20.2,8.5,12.0
2026-02-17,Nagaland,Kohima,Kohima,25.67,94.12,1458.0,0.0,0.9,1.1,2.8,22.4,9.2,12.1
2026-02-18,Nagaland,Kohima,Kohima,25.67,94.12,1458.0,0.0,0.0,1.1,2.5,23.1,9.4,12.2
2026-02-19,Nagaland,Kohima,Kohima,25.67,94.12,1458.0,0.0,0.0,1.1,2.2,23.2,9.5,13.2
2026-02-20,Nagaland,Kohima,Kohima,25.67,94.12,1458.0,0.0,0.0,1.1,2.1,22.3,9.1,10.8
2026-02-21,Nagaland,Kohima,Kohima,25.67,94.12,1458.0,0.0,0.0,0.9,2.1,22.2,9.3,12.0
2026-02-22,Nagaland,Kohima,Kohima,25.67,94.12,1458.0,2.9,2.9,2.9,4.4,20.0,9.0,11.9
2026-02-23,Nagaland,Kohima,Kohima,25.67,94.12,1458.0,0.0,2.9,2.9,4.3,19.1,7.9,12.3
2026-02-24,Nagaland,Kohima,Kohima,25.67,94.12,1458.0,0.1,3.0,3.0,4.1,21.1,8.3,13.6
2026-02-25,Nagaland,Kohima,Kohima,25.67,94.12,1458.0,28.4,28.5,31.4,32.5,19.5,7.9,11.1
2026-02-26,Nagaland,Kohima,Kohima,25.67,94.12,1458.0,0.6,29.1,32.0,33.1,18.4,7.7,9.2
2026-02-27,Nagaland,Kohima,Kohima,25.67,94.12,1458.0,4.2,33.2,36.2,37.3,16.7,7.3,8.1
2026-02-28,Nagaland,Kohima,Kohima,25.67,94.12,1458.0,0.2,5.0,36.4,37.3,18.7,8.0,11.5
2026-03-01,Nagaland,Kohima,Kohima,25.67,94.12,1458.0,2.3,6.7,35.8,38.7,19.0,8.0,12.3
2026-03-02,Nagaland,Kohima,Kohima,25.67,94.12,1458.0,1.0,3.5,36.8,39.7,20.8,7.7,15.2
2026-03-03,Nagaland,Kohima,Kohima,25.67,94.12,1458.0,0.7,4.0,37.4,40.4,20.2,9.3,12.2
2026-03-04,Nagaland,Kohima,Kohima,25.67,94.12,1458.0,0.5,2.2,9.5,40.9,22.5,10.5,15.1
2026-03-05,Nagaland,Kohima,Kohima,25.67,94.12,1458.0,0.0,1.2,8.9,40.9,22.5,11.6,11.0
2026-03-06,Nagaland,Kohima,Kohima,25.67,94.12,1458.0,0.0,0.5,4.7,40.9,24.3,12.8,13.7
2026-03-07,Nagaland,Kohima,Kohima,25.67,94.12,1458.0,2.2,2.2,6.7,43.1,22.2,12.5,9.0
2026-03-08,Nagaland,Kohima,Kohima,25.67,94.12,1458.0,2.4,4.6,6.8,42.6,22.8,13.4,11.7
2026-03-09,Nagaland,Kohima,Kohima,25.67,94.12,1458.0,12.1,16.7,17.9,54.7,21.8,12.6,8.1
2026-03-10,Nagaland,Kohima,Kohima,25.67,94.12,1458.0,1.7,16.2,18.9,56.3,23.3,13.3,7.6
2026-03-11,Nagaland,Kohima,Kohima,25.67,94.12,1458.0,2.4,16.2,20.8,30.3,23.4,13.1,11.6
2026-03-12,Nagaland,Kohima,Kohima,25.67,94.12,1458.0,8.2,12.3,29.0,37.9,21.8,11.9,10.4
2026-03-13,Nagaland,Kohima,Kohima,25.67,94.12,1458.0,12.2,22.8,41.2,45.9,21.4,11.7,8.5
2026-03-14,Nagaland,Kohima,Kohima,25.67,94.12,1458.0,0.5,20.9,39.5,46.2,22.1,11.0,9.3
2026-03-15,Nagaland,Kohima,Kohima,25.67,94.12,1458.0,1.4,14.1,38.5,45.3,22.8,11.3,14.1
2026-03-16,Nagaland,Kohima,Kohima,25.67,94.12,1458.0,1.3,3.2,27.7,45.6,22.2,11.4,11.2
2026-03-17,Nagaland,Kohima,Kohima,25.67,94.12,1458.0,1.2,3.9,27.2,46.1,21.8,10.0,12.2
2026-03-18,Nagaland,Kohima,Kohima,25.67,94.12,1458.0,0.3,2.8,25.1,45.9,22.6,10.1,14.2
2026-03-19,Nagaland,Kohima,Kohima,25.67,94.12,1458.0,1.5,3.0,18.4,47.4,21.9,9.8,13.6
2026-03-20,Nagaland,Kohima,Kohima,25.67,94.12,1458.0,6.4,8.2,12.6,53.8,20.7,9.9,9.9
2026-03-21,Nagaland,Kohima,Kohima,25.67,94.12,1458.0,16.2,24.1,28.3,67.8,21.3,12.5,10.9
2026-03-22,Nagaland,Kohima,Kohima,25.67,94.12,1458.0,12.4,35.0,39.3,77.8,19.2,11.1,12.0
2026-03-23,Nagaland,Kohima,Kohima,25.67,94.12,1458.0,14.5,43.1,52.5,80.2,19.7,10.6,11.1
2026-03-24,Nagaland,Kohima,Kohima,25.67,94.12,1458.0,4.9,31.8,56.2,83.4,19.4,9.8,8.7
2026-03-25,Nagaland,Kohima,Kohima,25.67,94.12,1458.0,0.4,19.8,56.3,81.4,22.6,9.7,12.5
2026-03-26,Nagaland,Kohima,Kohima,25.67,94.12,1458.0,2.9,8.2,57.7,76.1,21.9,10.6,12.9
2026-03-27,Nagaland,Kohima,Kohima,25.67,94.12,1458.0,0.6,3.9,51.9,64.5,22.2,9.9,13.1
2026-03-28,Nagaland,Kohima,Kohima,25.67,94.12,1458.0,17.0,20.5,52.7,81.0,18.1,11.0,10.3
2026-03-29,Nagaland,Kohima,Kohima,25.67,94.12,1458.0,22.2,39.8,62.5,101.8,19.1,10.1,7.4
2026-03-30,Nagaland,Kohima,Kohima,25.67,94.12,1458.0,13.2,52.4,61.2,113.7,21.8,9.9,12.8
2026-03-31,Nagaland,Kohima,Kohima,25.67,94.12,1458.0,3.8,39.2,60.1,116.3,22.5,13.3,11.2
2026-04-01,Nagaland,Kohima,Kohima,25.67,94.12,1458.0,0.5,17.5,60.2,116.5,25.1,11.9,11.7
2026-04-02,Nagaland,Kohima,Kohima,25.67,94.12,1458.0,1.1,5.4,58.4,116.1,25.2,13.6,18.6
2026-04-03,Nagaland,Kohima,Kohima,25.67,94.12,1458.0,2.4,4.0,60.2,112.1,24.8,13.0,14.0
2026-04-04,Nagaland,Kohima,Kohima,25.67,94.12,1458.0,1.6,5.1,44.8,97.5,25.1,12.9,12.2
2026-04-05,Nagaland,Kohima,Kohima,25.67,94.12,1458.0,0.4,4.4,23.0,85.5,25.5,13.4,16.6
2026-04-06,Nagaland,Kohima,Kohima,25.67,94.12,1458.0,1.0,3.0,10.8,72.0,25.2,11.2,13.7
2026-04-07,Nagaland,Kohima,Kohima,25.67,94.12,1458.0,13.4,14.8,20.4,80.5,22.1,12.3,13.2
2026-04-08,Nagaland,Kohima,Kohima,25.67,94.12,1458.0,9.0,23.4,28.9,89.1,21.0,11.6,12.1
2026-04-09,Nagaland,Kohima,Kohima,25.67,94.12,1458.0,12.2,34.6,40.0,98.4,19.7,11.4,8.0
2026-04-10,Nagaland,Kohima,Kohima,25.67,94.12,1458.0,12.9,34.1,50.5,110.7,18.8,11.3,9.2
2026-04-11,Nagaland,Kohima,Kohima,25.67,94.12,1458.0,0.9,26.0,49.8,94.6,20.7,10.9,14.2
2026-04-12,Nagaland,Kohima,Kohima,25.67,94.12,1458.0,3.2,17.0,52.6,75.6,22.8,9.9,11.0
2026-04-13,Nagaland,Kohima,Kohima,25.67,94.12,1458.0,5.1,9.2,56.7,67.5,23.4,11.7,11.5
2026-04-14,Nagaland,Kohima,Kohima,25.67,94.12,1458.0,5.8,14.1,49.1,69.5,23.7,12.4,8.1
2026-04-15,Nagaland,Kohima,Kohima,25.67,94.12,1458.0,5.9,16.8,46.0,74.9,22.1,11.8,11.0
2026-04-16,Nagaland,Kohima,Kohima,25.67,94.12,1458.0,17.9,29.6,51.7,91.7,21.8,12.5,11.3
2026-04-17,Nagaland,Kohima,Kohima,25.67,94.12,1458.0,9.3,33.1,48.1,98.6,23.9,13.0,8.1
2026-04-18,Nagaland,Kohima,Kohima,25.67,94.12,1458.0,9.5,36.7,56.7,106.5,24.4,14.4,8.7
2026-04-19,Nagaland,Kohima,Kohima,25.67,94.12,1458.0,12.2,31.0,65.7,118.3,24.2,14.6,9.0
2026-04-20,Nagaland,Kohima,Kohima,25.67,94.12,1458.0,1.2,22.9,61.8,118.5,25.2,14.1,12.9
2026-04-21,Nagaland,Kohima,Kohima,25.67,94.12,1458.0,0.1,13.5,56.1,105.2,27.4,15.6,14.9
2026-04-22,Nagaland,Kohima,Kohima,25.67,94.12,1458.0,0.0,1.3,50.2,96.2,26.1,14.4,12.4
2026-04-23,Nagaland,Kohima,Kohima,25.67,94.12,1458.0,1.9,2.0,34.2,85.9,24.9,14.6,11.3
2026-04-24,Nagaland,Kohima,Kohima,25.67,94.12,1458.0,1.1,3.0,26.0,74.1,25.5,14.4,10.3
2026-04-25,Nagaland,Kohima,Kohima,25.67,94.12,1458.0,3.7,6.7,20.2,76.9,25.2,15.1,12.5
2026-04-26,Nagaland,Kohima,Kohima,25.67,94.12,1458.0,15.4,20.2,23.4,89.1,21.7,13.7,8.3
2026-04-27,Nagaland,Kohima,Kohima,25.67,94.12,1458.0,32.9,52.0,55.1,116.9,21.4,14.5,7.8
2026-04-28,Nagaland,Kohima,Kohima,25.67,94.12,1458.0,21.5,69.8,76.5,132.6,22.2,15.2,7.5
2026-04-29,Nagaland,Kohima,Kohima,25.67,94.12,1458.0,40.5,94.9,117.0,167.2,19.2,14.5,5.8
2026-04-30,Nagaland,Kohima,Kohima,25.67,94.12,1458.0,9.3,71.3,124.4,158.6,24.4,13.3,7.2
2026-05-01,Nagaland,Kohima,Kohima,25.67,94.12,1458.0,27.4,77.2,150.7,176.7,21.2,12.9,7.1
2026-05-02,Nagaland,Kohima,Kohima,25.67,94.12,1458.0,30.7,67.4,177.7,197.9,20.6,14.2,9.4
2026-05-03,Nagaland,Kohima,Kohima,25.67,94.12,1458.0,30.8,88.9,193.1,216.5,19.2,14.0,6.0
2026-05-04,Nagaland,Kohima,Kohima,25.67,94.12,1458.0,9.9,71.4,170.1,225.2,22.2,13.8,7.9
2026-05-05,Nagaland,Kohima,Kohima,25.67,94.12,1458.0,2.2,42.9,150.8,227.3,24.1,13.2,9.3
2026-05-06,Nagaland,Kohima,Kohima,25.67,94.12,1458.0,10.2,22.3,120.5,237.5,22.8,14.0,8.4
2026-05-07,Nagaland,Kohima,Kohima,25.67,94.12,1458.0,13.5,25.9,124.7,249.1,22.0,15.5,8.5
2026-05-08,Nagaland,Kohima,Kohima,25.67,94.12,1458.0,8.1,31.8,105.4,256.1,24.1,14.8,8.7
2026-05-09,Nagaland,Kohima,Kohima,25.67,94.12,1458.0,3.3,24.9,78.0,255.7,22.6,12.9,9.6
2026-05-10,Nagaland,Kohima,Kohima,25.67,94.12,1458.0,2.1,13.5,49.3,242.4,23.8,14.1,7.7
2026-05-11,Nagaland,Kohima,Kohima,25.67,94.12,1458.0,7.0,12.4,46.4,216.5,21.7,14.7,6.1
2026-05-12,Nagaland,Kohima,Kohima,25.67,94.12,1458.0,2.4,11.5,46.6,197.4,22.9,12.8,8.6
2026-05-13,Nagaland,Kohima,Kohima,25.67,94.12,1458.0,16.0,25.4,52.4,172.9,23.8,13.7,7.4
2026-05-14,Nagaland,Kohima,Kohima,25.67,94.12,1458.0,11.0,29.4,49.9,174.6,23.6,16.0,9.4
2026-05-15,Nagaland,Kohima,Kohima,25.67,94.12,1458.0,19.2,46.2,61.0,166.4,19.9,16.0,6.8
2026-05-16,Nagaland,Kohima,Kohima,25.67,94.12,1458.0,18.8,49.0,76.5,154.5,23.3,14.4,8.3
2026-05-17,Nagaland,Kohima,Kohima,25.67,94.12,1458.0,19.2,57.2,93.6,142.9,23.7,15.7,9.9
2026-05-18,Nagaland,Kohima,Kohima,25.67,94.12,1458.0,6.9,44.9,93.5,139.9,24.4,15.8,8.1
2026-05-19,Nagaland,Kohima,Kohima,25.67,94.12,1458.0,5.7,31.8,96.8,143.4,24.9,16.5,8.4
2026-05-20,Nagaland,Kohima,Kohima,25.67,94.12,1458.0,4.1,16.7,84.9,137.3,26.0,15.5,8.8
2026-05-21,Nagaland,Kohima,Kohima,25.67,94.12,1458.0,12.2,22.0,86.1,136.0,24.6,17.6,7.7
2026-05-22,Nagaland,Kohima,Kohima,25.67,94.12,1458.0,24.2,40.5,91.1,152.1,25.7,17.4,8.3
2026-05-23,Nagaland,Kohima,Kohima,25.67,94.12,1458.0,8.9,45.3,81.2,157.7,24.4,16.4,7.5
2026-05-24,Nagaland,Kohima,Kohima,25.67,94.12,1458.0,2.8,35.9,64.8,158.4,25.3,15.9,9.2
2026-05-25,Nagaland,Kohima,Kohima,25.67,94.12,1458.0,26.3,38.0,84.2,177.7,24.0,16.5,12.9
2026-05-26,Nagaland,Kohima,Kohima,25.67,94.12,1458.0,3.2,32.3,81.7,178.5,26.4,15.8,11.5
2026-05-27,Nagaland,Kohima,Kohima,25.67,94.12,1458.0,7.3,36.8,84.9,169.8,24.0,14.2,9.4
2026-05-28,Nagaland,Kohima,Kohima,25.67,94.12,1458.0,8.8,19.3,81.5,167.6,23.0,15.1,9.0
2026-05-29,Nagaland,Kohima,Kohima,25.67,94.12,1458.0,4.4,20.5,61.7,152.8,24.7,16.0,9.1
2026-05-30,Nagaland,Kohima,Kohima,25.67,94.12,1458.0,0.8,14.0,53.6,134.8,24.3,16.4,7.6
2026-05-31,Nagaland,Kohima,Kohima,25.67,94.12,1458.0,26.7,31.9,77.5,142.3,24.6,18.6,6.7
2026-06-01,Nagaland,Kohima,Kohima,25.67,94.12,1458.0,18.4,45.9,69.6,153.8,23.6,18.8,7.0
2026-06-02,Nagaland,Kohima,Kohima,25.67,94.12,1458.0,4.3,49.4,70.7,152.4,24.7,18.3,10.3
2026-06-03,Nagaland,Kohima,Kohima,25.67,94.12,1458.0,4.4,27.1,67.8,152.7,26.7,18.5,8.1
2026-06-04,Nagaland,Kohima,Kohima,25.67,94.12,1458.0,18.9,27.6,77.9,159.4,25.4,17.4,8.2
2026-06-05,Nagaland,Kohima,Kohima,25.67,94.12,1458.0,11.1,34.4,84.6,146.3,23.6,17.3,7.5
2026-06-06,Nagaland,Kohima,Kohima,25.67,94.12,1458.0,8.5,38.5,92.3,145.9,25.2,16.3,7.2
2026-06-07,Nagaland,Kohima,Kohima,25.67,94.12,1458.0,36.6,56.2,102.2,179.7,23.9,16.7,7.6
2026-06-08,Nagaland,Kohima,Kohima,25.67,94.12,1458.0,55.1,100.2,138.9,208.5,24.7,18.2,8.0
2026-06-09,Nagaland,Kohima,Kohima,25.67,94.12,1458.0,14.7,106.4,149.3,220.0,24.3,18.9,7.4
2026-06-10,Nagaland,Kohima,Kohima,25.67,94.12,1458.0,13.6,83.4,158.5,226.3,25.9,18.3,9.2
2026-06-11,Nagaland,Kohima,Kohima,25.67,94.12,1458.0,29.8,58.1,169.4,247.3,23.7,19.0,8.2
2026-06-12,Nagaland,Kohima,Kohima,25.67,94.12,1458.0,22.8,66.2,181.1,265.7,22.8,19.5,5.1
2026-06-13,Nagaland,Kohima,Kohima,25.67,94.12,1458.0,67.6,120.2,240.2,332.5,21.8,19.2,7.0
2026-06-14,Nagaland,Kohima,Kohima,25.67,94.12,1458.0,53.2,143.6,256.8,359.0,22.7,18.8,7.6
2026-06-15,Nagaland,Kohima,Kohima,25.67,94.12,1458.0,38.9,159.7,240.6,379.5,24.5,18.4,9.5
2026-06-16,Nagaland,Kohima,Kohima,25.67,94.12,1458.0,43.0,135.1,268.9,418.2,23.2,18.4,6.5
2026-06-17,Nagaland,Kohima,Kohima,25.67,94.12,1458.0,39.8,121.7,295.1,453.6,23.3,19.2,7.7
2026-06-18,Nagaland,Kohima,Kohima,25.67,94.12,1458.0,10.4,93.2,275.7,445.1,25.1,18.1,7.7
2026-06-19,Nagaland,Kohima,Kohima,25.67,94.12,1458.0,52.5,102.7,305.4,486.5,22.0,19.1,7.6
2026-06-20,Nagaland,Kohima,Kohima,25.67,94.12,1458.0,31.4,94.3,269.2,509.4,24.0,18.2,8.9
2026-06-21,Nagaland,Kohima,Kohima,25.67,94.12,1458.0,46.6,130.5,262.6,519.4,24.8,18.0,7.5
2026-06-22,Nagaland,Kohima,Kohima,25.67,94.12,1458.0,43.6,121.6,267.3,507.9,23.5,19.2,7.0
2026-06-23,Nagaland,Kohima,Kohima,25.67,94.12,1458.0,31.8,122.0,256.1,525.0,24.9,19.0,6.9
2026-06-24,Nagaland,Kohima,Kohima,25.67,94.12,1458.0,33.9,109.3,250.2,545.3,24.7,17.9,8.3
2026-06-25,Nagaland,Kohima,Kohima,25.67,94.12,1458.0,5.6,71.3,245.4,521.1,25.1,19.9,6.7
2026-06-26,Nagaland,Kohima,Kohima,25.67,94.12,1458.0,17.7,57.2,210.6,516.0,25.3,19.6,9.6
2026-06-27,Nagaland,Kohima,Kohima,25.67,94.12,1458.0,28.0,51.3,207.2,476.4,24.1,19.6,7.0
2026-06-28,Nagaland,Kohima,Kohima,25.67,94.12,1458.0,12.8,58.5,173.4,436.0,26.2,18.2,7.0
2026-06-29,Nagaland,Kohima,Kohima,25.67,94.12,1458.0,35.0,75.8,164.8,432.1,23.1,18.5,8.0
2026-06-30,Nagaland,Kohima,Kohima,25.67,94.12,1458.0,21.5,69.3,154.5,410.6,23.3,19.6,5.3
2026-07-01,Nagaland,Kohima,Kohima,25.67,94.12,1458.0,20.9,77.4,141.5,391.7,24.7,19.6,6.3
2026-07-02,Nagaland,Kohima,Kohima,25.67,94.12,1458.0,14.5,56.9,150.4,395.8,27.2,19.6,7.2
2026-07-03,Nagaland,Kohima,Kohima,25.67,94.12,1458.0,6.1,41.5,138.8,349.4,26.7,19.0,7.1
2026-07-04,Nagaland,Kohima,Kohima,25.67,94.12,1458.0,1.3,21.9,112.1,319.3,29.1,18.6,10.5
2026-07-05,Nagaland,Kohima,Kohima,25.67,94.12,1458.0,1.5,8.9,100.8,274.2,27.4,19.7,7.6
2026-07-06,Nagaland,Kohima,Kohima,25.67,94.12,1458.0,24.5,27.3,90.3,255.1,27.2,20.0,7.9
2026-07-07,Nagaland,Kohima,Kohima,25.67,94.12,1458.0,56.2,82.2,125.0,279.5,23.4,19.8,5.6
2026-07-08,Nagaland,Kohima,Kohima,25.67,94.12,1458.0,92.7,173.4,196.8,338.3,23.4,19.9,4.6
2026-07-09,Nagaland,Kohima,Kohima,25.67,94.12,1458.0,58.3,207.2,240.6,391.0,22.8,20.8,5.9
2026-07-10,Nagaland,Kohima,Kohima,25.67,94.12,1458.0,30.9,181.9,265.4,404.2,23.8,18.9,7.2
2026-07-11,Nagaland,Kohima,Kohima,25.67,94.12,1458.0,42.2,131.4,306.3,418.4,23.5,20.6,6.7
2026-07-12,Nagaland,Kohima,Kohima,25.67,94.12,1458.0,35.1,108.2,339.9,440.7,24.3,20.5,5.9
2026-07-13,Nagaland,Kohima,Kohima,25.67,94.12,1458.0,30.0,107.3,345.4,435.7,23.8,19.5,9.5
2026-07-14,Nagaland,Kohima,Kohima,25.67,94.12,1458.0,21.3,86.4,310.5,435.5,26.4,18.0,6.2
2026-07-15,Nagaland,Kohima,Kohima,25.67,94.12,1458.0,20.7,72.0,238.5,435.3,27.1,19.3,6.3
2026-07-16,Nagaland,Kohima,Kohima,25.67,94.12,1458.0,38.8,80.8,219.0,459.6,24.5,19.8,6.6
2026-07-17,Nagaland,Kohima,Kohima,25.67,94.12,1458.0,21.3,80.8,209.4,474.8,22.5,19.6,3.6
2026-07-18,Nagaland,Kohima,Kohima,25.67,94.12,1458.0,36.6,96.7,203.8,510.1,23.9,20.5,7.9
2026-07-19,Nagaland,Kohima,Kohima,25.67,94.12,1458.0,56.2,114.1,224.9,564.8,21.3,19.7,3.9
2026-07-20,Nagaland,Kohima,Kohima,25.67,94.12,1458.0,28.3,121.1,223.2,568.6,23.0,19.5,5.6
2026-07-21,Nagaland,Kohima,Kohima,25.67,94.12,1458.0,10.2,94.7,212.1,522.6,24.8,18.9,5.5
2026-07-22,Nagaland,Kohima,Kohima,25.67,94.12,1458.0,17.4,55.9,208.8,447.3,25.3,19.0,7.2
2026-07-23,Nagaland,Kohima,Kohima,25.67,94.12,1458.0,31.3,58.9,201.3,420.3,25.2,19.0,6.7
2026-07-24,Nagaland,Kohima,Kohima,25.67,94.12,1458.0,12.1,60.8,192.1,401.5,24.8,19.3,6.0
2026-07-25,Nagaland,Kohima,Kohima,25.67,94.12,1458.0,6.3,49.7,161.8,365.6,27.1,18.3,8.1
2026-07-26,Nagaland,Kohima,Kohima,25.67,94.12,1458.0,6.1,24.5,111.7,336.6,27.6,18.1,6.7
2026-07-27,Nagaland,Kohima,Kohima,25.67,94.12,1458.0,17.0,29.4,100.4,323.6,26.2,17.4,5.7
2026-07-28,Nagaland,Kohima,Kohima,25.67,94.12,1458.0,10.3,33.4,100.5,312.6,25.7,19.7,6.3
2026-07-29,Nagaland,Kohima,Kohima,25.67,94.12,1458.0,19.0,46.3,102.1,310.9,25.7,19.4,6.9
2026-07-30,Nagaland,Kohima,Kohima,25.67,94.12,1458.0,34.4,63.7,105.2,306.5,23.1,19.1,6.7
2026-07-31,Nagaland,Kohima,Kohima,25.67,94.12,1458.0,68.5,121.9,161.6,353.7,22.6,19.4,7.8
2026-08-01,Nagaland,Kohima,Kohima,25.67,94.12,1458.0,45.5,148.4,200.8,362.6,22.9,18.4,7.4
2026-08-02,Nagaland,Kohima,Kohima,25.67,94.12,1458.0,20.2,134.2,214.9,326.6,23.8,19.0,8.0
2026-08-03,Nagaland,Kohima,Kohima,25.67,94.12,1458.0,46.8,112.5,244.7,345.1,23.8,19.8,6.2
2026-08-04,Nagaland,Kohima,Kohima,25.67,94.12,1458.0,42.2,109.2,276.6,377.1,22.4,20.0,7.1
2026-08-05,Nagaland,Kohima,Kohima,25.67,94.12,1458.0,19.7,108.7,277.3,379.4,22.6,19.8,3.4
2026-08-06,Nagaland,Kohima,Kohima,25.67,94.12,1458.0,2.7,64.6,245.6,350.8,27.8,17.7,9.8
2026-08-07,Nagaland,Kohima,Kohima,25.67,94.12,1458.0,6.9,29.3,184.0,345.6,25.0,18.9,6.1
2026-08-08,Nagaland,Kohima,Kohima,25.67,94.12,1458.0,19.4,29.0,157.9,358.7,23.8,18.9,6.6
2026-08-09,Nagaland,Kohima,Kohima,25.67,94.12,1458.0,11.6,37.9,149.3,364.2,23.8,18.6,6.3
2026-08-10,Nagaland,Kohima,Kohima,25.67,94.12,1458.0,5.6,36.6,108.1,352.8,26.8,18.4,8.1
2026-08-11,Nagaland,Kohima,Kohima,25.67,94.12,1458.0,1.1,18.3,67.0,343.6,29.0,19.1,9.4
2026-08-12,Nagaland,Kohima,Kohima,25.67,94.12,1458.0,1.0,7.7,48.3,325.6,27.6,18.8,7.8
2026-08-13,Nagaland,Kohima,Kohima,25.67,94.12,1458.0,12.0,14.1,57.6,303.2,28.0,17.7,7.6
2026-08-14,Nagaland,Kohima,Kohima,25.67,94.12,1458.0,8.5,21.5,59.2,243.2,26.7,18.9,8.3
2026-08-15,Nagaland,Kohima,Kohima,25.67,94.12,1458.0,7.9,28.4,47.7,205.6,27.0,19.4,7.4
2026-08-16,Nagaland,Kohima,Kohima,25.67,94.12,1458.0,10.1,26.5,46.2,195.5,24.8,20.1,6.7
2026-08-17,Nagaland,Kohima,Kohima,25.67,94.12,1458.0,36.5,54.5,77.1,185.2,22.9,19.9,6.4
2026-08-18,Nagaland,Kohima,Kohima,25.67,94.12,1458.0,44.0,90.6,120.0,187.0,25.2,20.3,8.6
2026-08-19,Nagaland,Kohima,Kohima,25.67,94.12,1458.0,50.2,130.7,169.2,217.5,24.7,19.9,6.8
2026-08-20,Nagaland,Kohima,Kohima,25.67,94.12,1458.0,12.0,106.2,169.2,226.8,25.8,19.9,7.5
2026-08-21,Nagaland,Kohima,Kohima,25.67,94.12,1458.0,7.5,69.7,168.2,227.4,27.3,19.3,6.9
2026-08-22,Nagaland,Kohima,Kohima,25.67,94.12,1458.0,4.0,23.5,164.3,212.0,27.1,19.2,8.0
2026-08-23,Nagaland,Kohima,Kohima,25.67,94.12,1458.0,11.0,22.5,165.2,211.4,27.4,18.1,6.4
2026-08-24,Nagaland,Kohima,Kohima,25.67,94.12,1458.0,25.2,40.2,153.9,231.0,24.1,20.3,7.6
2026-08-25,Nagaland,Kohima,Kohima,25.67,94.12,1458.0,23.1,59.3,133.0,253.0,23.8,19.7,6.5
2026-08-26,Nagaland,Kohima,Kohima,25.67,94.12,1458.0,8.7,57.0,91.5,260.7,26.2,18.4,6.4
2026-08-27,Nagaland,Kohima,Kohima,25.67,94.12,1458.0,5.1,36.9,84.6,253.8,25.8,19.7,5.8
2026-08-28,Nagaland,Kohima,Kohima,25.67,94.12,1458.0,6.4,20.2,83.5,251.7,25.6,19.2,7.4
2026-08-29,Nagaland,Kohima,Kohima,25.67,94.12,1458.0,2.9,14.4,82.4,246.7,27.7,19.3,9.2
2026-08-30,Nagaland,Kohima,Kohima,25.67,94.12,1458.0,2.4,11.7,73.8,239.0,28.5,18.3,8.8
2026-08-31,Nagaland,Kohima,Kohima,25.67,94.12,1458.0,23.0,28.3,71.6,225.5,23.3,20.2,4.5
2026-09-01,Nagaland,Kohima,Kohima,25.67,94.12,1458.0,34.3,59.7,82.8,215.8,21.3,19.7,3.3
2026-09-02,Nagaland,Kohima,Kohima,25.67,94.12,1458.0,47.1,104.4,121.2,212.7,22.6,18.6,4.3
2026-09-03,Nagaland,Kohima,Kohima,25.67,94.12,1458.0,43.1,124.5,159.2,243.8,25.3,18.4,6.5
2026-09-04,Nagaland,Kohima,Kohima,25.67,94.12,1458.0,35.3,125.5,188.1,271.6,24.6,18.5,6.7
2026-09-05,Nagaland,Kohima,Kohima,25.67,94.12,1458.0,49.4,127.8,234.6,317.0,23.1,18.7,5.5
2026-09-06,Nagaland,Kohima,Kohima,25.67,94.12,1458.0,23.2,107.9,255.4,329.2,24.1,18.7,8.1
2026-09-07,Nagaland,Kohima,Kohima,25.67,94.12,1458.0,31.2,103.8,263.6,335.2,24.0,18.2,7.3
2026-09-08,Nagaland,Kohima,Kohima,25.67,94.12,1458.0,17.5,71.9,246.8,329.6,24.8,18.9,6.8
2025-01-01,Sikkim,East Sikkim,Gangtok,27.33,88.62,1588.0,0.0,0.0,0.0,0.0,15.5,2.1,7.7
2025-01-02,Sikkim,East Sikkim,Gangtok,27.33,88.62,1588.0,0.0,0.0,0.0,0.0,15.9,3.6,8.3
2025-01-03,Sikkim,East Sikkim,Gangtok,27.33,88.62,1588.0,0.0,0.0,0.0,0.0,16.3,4.9,7.7
2025-01-04,Sikkim,East Sikkim,Gangtok,27.33,88.62,1588.0,0.0,0.0,0.0,0.0,16.9,4.8,9.7
2025-01-05,Sikkim,East Sikkim,Gangtok,27.33,88.62,1588.0,0.0,0.0,0.0,0.0,17.0,4.8,7.9
2025-01-06,Sikkim,East Sikkim,Gangtok,27.33,88.62,1588.0,0.0,0.0,0.0,0.0,16.7,5.9,9.4
2025-01-07,Sikkim,East Sikkim,Gangtok,27.33,88.62,1588.0,19.9,19.9,19.9,19.9,12.9,3.9,6.5
2025-01-08,Sikkim,East Sikkim,Gangtok,27.33,88.62,1588.0,0.0,19.9,19.9,19.9,15.6,3.2,8.8
2025-01-09,Sikkim,East Sikkim,Gangtok,27.33,88.62,1588.0,4.4,24.3,24.3,24.3,12.5,4.2,9.7
2025-01-10,Sikkim,East Sikkim,Gangtok,27.33,88.62,1588.0,2.9,7.3,27.2,27.2,14.5,4.3,10.1
2025-01-11,Sikkim,East Sikkim,Gangtok,27.33,88.62,1588.0,0.0,7.3,27.2,27.2,15.7,2.3,9.3
2025-01-12,Sikkim,East Sikkim,Gangtok,27.33,88.62,1588.0,0.0,2.9,27.2,27.2,15.3,3.7,8.3
2025-01-13,Sikkim,East Sikkim,Gangtok,27.33,88.62,1588.0,7.1,7.1,34.3,34.3,12.5,2.3,6.5
2025-01-14,Sikkim,East Sikkim,Gangtok,27.33,88.62,1588.0,0.0,7.1,14.4,34.3,14.3,1.9,8.9
2025-01-15,Sikkim,East Sikkim,Gangtok,27.33,88.62,1588.0,0.0,7.1,14.4,34.3,15.8,3.1,9.6
2025-01-16,Sikkim,East Sikkim,Gangtok,27.33,88.62,1588.0,0.0,0.0,10.0,34.3,16.0,5.5,7.0
2025-01-17,Sikkim,East Sikkim,Gangtok,27.33,88.62,1588.0,0.0,0.0,7.1,34.3,16.4,5.6,8.0
2025-01-18,Sikkim,East Sikkim,Gangtok,27.33,88.62,1588.0,0.0,0.0,7.1,34.3,16.8,4.8,8.7
2025-01-19,Sikkim,East Sikkim,Gangtok,27.33,88.62,1588.0,0.0,0.0,7.1,34.3,17.2,4.4,8.5
2025-01-20,Sikkim,East Sikkim,Gangtok,27.33,88.62,1588.0,0.0,0.0,0.0,34.3,17.8,4.5,8.4
2025-01-21,Sikkim,East Sikkim,Gangtok,27.33,88.62,1588.0,0.0,0.0,0.0,14.4,17.3,5.7,9.4
2025-01-22,Sikkim,East Sikkim,Gangtok,27.33,88.62,1588.0,0.0,0.0,0.0,14.4,17.6,5.4,10.1
2025-01-23,Sikkim,East Sikkim,Gangtok,27.33,88.62,1588.0,0.0,0.0,0.0,10.0,16.6,5.1,9.8
2025-01-24,Sikkim,East Sikkim,Gangtok,27.33,88.62,1588.0,4.0,4.0,4.0,11.1,14.9,4.9,10.4
2025-01-25,Sikkim,East Sikkim,Gangtok,27.33,88.62,1588.0,7.0,11.0,11.0,18.1,12.5,3.6,10.2
2025-01-26,Sikkim,East Sikkim,Gangtok,27.33,88.62,1588.0,0.4,11.4,11.4,18.5,16.1,4.6,8.4
2025-01-27,Sikkim,East Sikkim,Gangtok,27.33,88.62,1588.0,0.0,7.4,11.4,11.4,16.6,2.7,8.6
2025-01-28,Sikkim,East Sikkim,Gangtok,27.33,88.62,1588.0,7.6,8.0,19.0,19.0,14.7,4.8,8.7
2025-01-29,Sikkim,East Sikkim,Gangtok,27.33,88.62,1588.0,8.7,16.3,27.7,27.7,14.8,6.7,6.4
2025-01-30,Sikkim,East Sikkim,Gangtok,27.33,88.62,1588.0,5.8,22.1,33.5,33.5,13.8,6.0,8.9
2025-01-31,Sikkim,East Sikkim,Gangtok,27.33,88.62,1588.0,1.6,16.1,31.1,35.1,15.8,3.9,11.5
2025-02-01,Sikkim,East Sikkim,Gangtok,27.33,88.62,1588.0,3.0,10.4,27.1,38.1,15.1,4.6,10.9
2025-02-02,Sikkim,East Sikkim,Gangtok,27.33,88.62,1588.0,1.1,5.7,27.8,39.2,16.2,4.7,10.9
2025-02-03,Sikkim,East Sikkim,Gangtok,27.33,88.62,1588.0,0.9,5.0,28.7,40.1,15.1,4.9,9.2
2025-02-04,Sikkim,East Sikkim,Gangtok,27.33,88.62,1588.0,0.0,2.0,21.1,40.1,17.6,5.1,10.0
2025-02-05,Sikkim,East Sikkim,Gangtok,27.33,88.62,1588.0,5.4,6.3,17.8,45.5,17.4,5.7,11.4
2025-02-06,Sikkim,East Sikkim,Gangtok,27.33,88.62,1588.0,0.1,5.5,12.1,45.6,17.6,6.4,9.6
2025-02-07,Sikkim,East Sikkim,Gangtok,27.33,88.62,1588.0,0.9,6.4,11.4,42.5,17.2,5.8,9.2
2025-02-08,Sikkim,East Sikkim,Gangtok,27.33,88.62,1588.0,8.0,9.0,16.4,43.5,15.1,5.1,10.6
2025-02-09,Sikkim,East Sikkim,Gangtok,27.33,88.62,1588.0,18.8,27.7,34.1,61.9,15.0,5.8,9.5
2025-02-10,Sikkim,East Sikkim,Gangtok,27.33,88.62,1588.0,22.9,49.7,56.1,84.8,13.2,6.2,4.9
2025-02-11,Sikkim,East Sikkim,Gangtok,27.33,88.62,1588.0,0.7,42.4,56.8,77.9,16.8,5.9,8.4
2025-02-12,Sikkim,East Sikkim,Gangtok,27.33,88.62,1588.0,4.0,27.6,55.4,73.2,12.6,5.8,5.1
2025-02-13,Sikkim,East Sikkim,Gangtok,27.33,88.62,1588.0,7.5,12.2,62.8,74.9,13.0,5.7,4.9
2025-02-14,Sikkim,East Sikkim,Gangtok,27.33,88.62,1588.0,15.0,26.5,76.9,88.3,11.9,4.6,7.1
2025-02-15,Sikkim,East Sikkim,Gangtok,27.33,88.62,1588.0,39.7,62.2,108.6,125.0,10.5,5.1,7.5
2025-02-16,Sikkim,East Sikkim,Gangtok,27.33,88.62,1588.0,21.7,76.4,111.5,145.6,14.6,5.3,10.1
2025-02-17,Sikkim,East Sikkim,Gangtok,27.33,88.62,1588.0,10.8,72.2,99.4,155.5,13.0,5.6,6.5
2025-02-18,Sikkim,East Sikkim,Gangtok,27.33,88.62,1588.0,22.8,55.3,121.5,178.3,15.8,5.5,9.7
2025-02-19,Sikkim,East Sikkim,Gangtok,27.33,88.62,1588.0,9.0,42.6,126.5,181.9,16.2,5.6,9.9
2025-02-20,Sikkim,East Sikkim,Gangtok,27.33,88.62,1588.0,13.7,45.5,132.7,195.5,15.8,5.2,7.6
2025-02-21,Sikkim,East Sikkim,Gangtok,27.33,88.62,1588.0,15.4,38.1,133.1,210.0,15.4,6.1,6.8
2025-02-22,Sikkim,East Sikkim,Gangtok,27.33,88.62,1588.0,7.1,36.2,100.5,209.1,16.0,5.5,6.8
2025-02-23,Sikkim,East Sikkim,Gangtok,27.33,88.62,1588.0,11.5,34.0,90.3,201.8,14.9,4.1,9.9
2025-02-24,Sikkim,East Sikkim,Gangtok,27.33,88.62,1588.0,3.8,22.4,83.3,182.7,15.3,3.6,7.9
2025-02-25,Sikkim,East Sikkim,Gangtok,27.33,88.62,1588.0,0.0,15.3,60.5,182.0,17.2,4.2,9.4
2025-02-26,Sikkim,East Sikkim,Gangtok,27.33,88.62,1588.0,0.0,3.8,51.5,178.0,19.5,1.0,11.1
2025-02-27,Sikkim,East Sikkim,Gangtok,27.33,88.62,1588.0,11.6,11.6,49.4,182.1,17.9,7.7,9.1
2025-02-28,Sikkim,East Sikkim,Gangtok,27.33,88.62,1588.0,27.9,39.5,61.9,195.0,15.3,7.8,4.7
2025-03-01,Sikkim,East Sikkim,Gangtok,27.33,88.62,1588.0,1.4,40.9,56.2,156.7,19.1,7.0,7.4
2025-03-02,Sikkim,East Sikkim,Gangtok,27.33,88.62,1588.0,0.0,29.3,44.7,135.0,20.6,2.7,9.9
2025-03-03,Sikkim,East Sikkim,Gangtok,27.33,88.62,1588.0,1.0,2.4,41.9,125.2,19.5,6.7,10.6
2025-03-04,Sikkim,East Sikkim,Gangtok,27.33,88.62,1588.0,9.5,10.5,51.4,111.9,18.0,7.5,10.8
2025-03-05,Sikkim,East Sikkim,Gangtok,27.33,88.62,1588.0,17.0,27.5,68.4,119.9,16.3,7.4,10.2
2025-03-06,Sikkim,East Sikkim,Gangtok,27.33,88.62,1588.0,5.3,31.8,62.1,111.5,17.1,4.6,10.5
2025-03-07,Sikkim,East Sikkim,Gangtok,27.33,88.62,1588.0,31.3,53.6,65.5,127.4,14.3,7.8,7.8
2025-03-08,Sikkim,East Sikkim,Gangtok,27.33,88.62,1588.0,34.0,70.6,98.1,154.3,11.7,7.1,3.8
2025-03-09,Sikkim,East Sikkim,Gangtok,27.33,88.62,1588.0,7.6,72.9,105.7,150.4,14.9,6.2,7.4
2025-03-10,Sikkim,East Sikkim,Gangtok,27.33,88.62,1588.0,8.6,50.2,113.3,155.2,19.6,6.4,9.7
2025-03-11,Sikkim,East Sikkim,Gangtok,27.33,88.62,1588.0,14.8,31.0,118.6,170.0,18.5,7.9,6.9
2025-03-12,Sikkim,East Sikkim,Gangtok,27.33,88.62,1588.0,14.0,37.4,115.6,184.0,18.4,9.1,8.2
2025-03-13,Sikkim,East Sikkim,Gangtok,27.33,88.62,1588.0,14.2,43.0,124.5,186.6,17.5,8.7,6.6
2025-03-14,Sikkim,East Sikkim,Gangtok,27.33,88.62,1588.0,5.2,33.4,98.4,163.9,20.5,8.2,8.5
2025-03-15,Sikkim,East Sikkim,Gangtok,27.33,88.62,1588.0,3.5,22.9,67.9,166.0,22.1,4.5,10.0
2025-03-16,Sikkim,East Sikkim,Gangtok,27.33,88.62,1588.0,2.4,11.1,62.7,168.4,22.9,9.1,10.6
2025-03-17,Sikkim,East Sikkim,Gangtok,27.33,88.62,1588.0,1.7,7.6,55.8,169.1,23.2,7.2,11.9
2025-03-18,Sikkim,East Sikkim,Gangtok,27.33,88.62,1588.0,0.0,4.1,41.0,159.6,22.1,7.9,9.6
2025-03-19,Sikkim,East Sikkim,Gangtok,27.33,88.62,1588.0,0.6,2.3,27.6,143.2,21.7,8.4,11.4
2025-03-20,Sikkim,East Sikkim,Gangtok,27.33,88.62,1588.0,0.8,1.4,14.2,138.7,20.8,7.2,10.7
2025-03-21,Sikkim,East Sikkim,Gangtok,27.33,88.62,1588.0,18.8,20.2,27.8,126.2,18.3,8.1,9.4
2025-03-22,Sikkim,East Sikkim,Gangtok,27.33,88.62,1588.0,20.6,40.2,44.9,112.8,19.7,7.1,11.0
2025-03-23,Sikkim,East Sikkim,Gangtok,27.33,88.62,1588.0,0.6,40.0,43.1,105.8,18.4,4.4,10.7
2025-03-24,Sikkim,East Sikkim,Gangtok,27.33,88.62,1588.0,0.1,21.3,41.5,97.3,20.6,3.7,9.1
2025-03-25,Sikkim,East Sikkim,Gangtok,27.33,88.62,1588.0,0.0,0.7,41.5,82.5,23.6,4.3,9.9
2025-03-26,Sikkim,East Sikkim,Gangtok,27.33,88.62,1588.0,2.0,2.1,42.9,70.5,23.1,8.3,10.5
2025-03-27,Sikkim,East Sikkim,Gangtok,27.33,88.62,1588.0,3.1,5.1,45.2,59.4,22.6,11.1,10.2
2025-03-28,Sikkim,East Sikkim,Gangtok,27.33,88.62,1588.0,16.3,21.4,42.7,70.5,20.2,11.5,4.6
2025-03-29,Sikkim,East Sikkim,Gangtok,27.33,88.62,1588.0,5.7,25.1,27.8,72.7,23.2,11.3,8.9
2025-03-30,Sikkim,East Sikkim,Gangtok,27.33,88.62,1588.0,11.9,33.9,39.1,82.2,21.1,11.7,8.2
2025-03-31,Sikkim,East Sikkim,Gangtok,27.33,88.62,1588.0,1.1,18.7,40.1,81.6,22.3,10.0,8.6
2025-04-01,Sikkim,East Sikkim,Gangtok,27.33,88.62,1588.0,0.2,13.2,40.3,81.8,22.6,9.9,10.7
2025-04-02,Sikkim,East Sikkim,Gangtok,27.33,88.62,1588.0,0.0,1.3,38.3,81.2,23.7,9.5,9.7
2025-04-03,Sikkim,East Sikkim,Gangtok,27.33,88.62,1588.0,0.1,0.3,35.3,80.5,23.9,10.4,9.6
2025-04-04,Sikkim,East Sikkim,Gangtok,27.33,88.62,1588.0,1.1,1.2,20.1,62.8,24.0,10.2,8.7
2025-04-05,Sikkim,East Sikkim,Gangtok,27.33,88.62,1588.0,2.5,3.7,16.9,44.7,23.7,6.4,10.4
2025-04-06,Sikkim,East Sikkim,Gangtok,27.33,88.62,1588.0,0.1,3.7,5.1,44.2,22.2,9.0,9.4
2025-04-07,Sikkim,East Sikkim,Gangtok,27.33,88.62,1588.0,1.2,3.8,5.2,45.3,22.8,7.2,6.5
2025-04-08,Sikkim,East Sikkim,Gangtok,27.33,88.62,1588.0,4.1,5.4,9.1,49.4,20.9,8.6,8.5
2025-04-09,Sikkim,East Sikkim,Gangtok,27.33,88.62,1588.0,0.1,5.4,9.2,47.5,22.5,11.5,8.3
2025-04-10,Sikkim,East Sikkim,Gangtok,27.33,88.62,1588.0,8.6,12.8,17.7,53.0,20.0,11.6,6.6
2025-04-11,Sikkim,East Sikkim,Gangtok,27.33,88.62,1588.0,13.6,22.3,30.2,50.3,19.4,10.9,7.6
2025-04-12,Sikkim,East Sikkim,Gangtok,27.33,88.62,1588.0,6.5,28.7,34.2,51.1,22.5,10.1,10.3
2025-04-13,Sikkim,East Sikkim,Gangtok,27.33,88.62,1588.0,0.3,20.4,34.4,39.5,23.5,10.0,8.5
2025-04-14,Sikkim,East Sikkim,Gangtok,27.33,88.62,1588.0,0.0,6.8,33.2,38.4,23.1,9.2,5.9
2025-04-15,Sikkim,East Sikkim,Gangtok,27.33,88.62,1588.0,0.1,0.4,29.2,38.3,22.4,8.9,9.4
2025-04-16,Sikkim,East Sikkim,Gangtok,27.33,88.62,1588.0,0.6,0.7,29.7,38.9,23.1,10.1,8.9
2025-04-17,Sikkim,East Sikkim,Gangtok,27.33,88.62,1588.0,3.6,4.3,24.7,42.4,21.2,11.2,8.8
2025-04-18,Sikkim,East Sikkim,Gangtok,27.33,88.62,1588.0,11.8,16.0,22.9,53.1,19.4,12.7,6.4
2025-04-19,Sikkim,East Sikkim,Gangtok,27.33,88.62,1588.0,12.0,27.4,28.4,62.6,24.0,11.8,8.2
2025-04-20,Sikkim,East Sikkim,Gangtok,27.33,88.62,1588.0,7.4,31.2,35.5,69.9,24.5,11.1,8.4
2025-04-21,Sikkim,East Sikkim,Gangtok,27.33,88.62,1588.0,20.0,39.4,55.5,88.7,23.4,12.3,9.2
2025-04-22,Sikkim,East Sikkim,Gangtok,27.33,88.62,1588.0,12.0,39.4,67.4,96.6,25.4,13.1,10.5
2025-04-23,Sikkim,East Sikkim,Gangtok,27.33,88.62,1588.0,4.4,36.4,71.2,100.9,25.3,13.5,8.4
2025-04-24,Sikkim,East Sikkim,Gangtok,27.33,88.62,1588.0,3.0,19.4,70.6,95.3,24.3,13.6,10.3
2025-04-25,Sikkim,East Sikkim,Gangtok,27.33,88.62,1588.0,0.4,7.8,59.2,82.1,25.0,11.0,9.6
2025-04-26,Sikkim,East Sikkim,Gangtok,27.33,88.62,1588.0,0.0,3.4,47.2,75.6,25.0,10.7,9.6
2025-04-27,Sikkim,East Sikkim,Gangtok,27.33,88.62,1588.0,4.8,5.2,44.6,80.1,24.3,10.4,8.9
2025-04-28,Sikkim,East Sikkim,Gangtok,27.33,88.62,1588.0,14.4,19.2,39.0,94.5,21.9,12.5,8.0
2025-04-29,Sikkim,East Sikkim,Gangtok,27.33,88.62,1588.0,4.1,23.3,31.1,98.5,18.9,10.8,8.2
2025-04-30,Sikkim,East Sikkim,Gangtok,27.33,88.62,1588.0,5.0,23.5,31.7,102.9,20.7,11.1,7.3
2025-05-01,Sikkim,East Sikkim,Gangtok,27.33,88.62,1588.0,17.1,26.2,45.8,116.4,18.5,12.2,6.5
2025-05-02,Sikkim,East Sikkim,Gangtok,27.33,88.62,1588.0,4.9,27.0,50.3,109.5,21.8,10.4,8.0
2025-05-03,Sikkim,East Sikkim,Gangtok,27.33,88.62,1588.0,0.2,22.2,50.5,97.7,22.5,9.3,7.1
2025-05-04,Sikkim,East Sikkim,Gangtok,27.33,88.62,1588.0,13.5,18.6,59.2,103.8,21.8,12.3,7.1
2025-05-05,Sikkim,East Sikkim,Gangtok,27.33,88.62,1588.0,4.5,18.2,49.3,88.3,21.6,12.0,8.5
2025-05-06,Sikkim,East Sikkim,Gangtok,27.33,88.62,1588.0,5.3,23.3,50.5,81.6,22.6,12.8,8.4
2025-05-07,Sikkim,East Sikkim,Gangtok,27.33,88.62,1588.0,10.6,20.4,56.1,87.8,22.0,12.9,9.5
2025-05-08,Sikkim,East Sikkim,Gangtok,27.33,88.62,1588.0,4.9,20.8,43.9,89.7,23.8,13.1,8.8
2025-05-09,Sikkim,East Sikkim,Gangtok,27.33,88.62,1588.0,1.0,16.5,40.0,90.3,24.7,11.5,7.6
2025-05-10,Sikkim,East Sikkim,Gangtok,27.33,88.62,1588.0,2.2,8.1,42.0,92.5,24.1,13.5,7.8
2025-05-11,Sikkim,East Sikkim,Gangtok,27.33,88.62,1588.0,4.2,7.4,32.7,91.9,23.6,14.1,7.2
2025-05-12,Sikkim,East Sikkim,Gangtok,27.33,88.62,1588.0,33.2,39.6,61.4,110.7,23.6,13.7,8.8
2025-05-13,Sikkim,East Sikkim,Gangtok,27.33,88.62,1588.0,35.8,73.2,91.9,142.4,23.1,14.3,7.6
2025-05-14,Sikkim,East Sikkim,Gangtok,27.33,88.62,1588.0,39.6,108.6,120.9,177.0,23.6,13.9,9.2
2025-05-15,Sikkim,East Sikkim,Gangtok,27.33,88.62,1588.0,24.3,99.7,140.3,184.2,23.6,14.1,7.7
2025-05-16,Sikkim,East Sikkim,Gangtok,27.33,88.62,1588.0,16.1,80.0,155.4,195.4,23.6,13.9,9.0
2025-05-17,Sikkim,East Sikkim,Gangtok,27.33,88.62,1588.0,37.8,78.2,191.0,233.0,23.2,13.9,8.2
2025-05-18,Sikkim,East Sikkim,Gangtok,27.33,88.62,1588.0,35.1,89.0,221.9,254.6,21.5,13.5,8.7
2025-05-19,Sikkim,East Sikkim,Gangtok,27.33,88.62,1588.0,57.5,130.4,246.2,307.6,18.7,14.9,7.1
2025-05-20,Sikkim,East Sikkim,Gangtok,27.33,88.62,1588.0,63.2,155.8,273.6,365.5,22.0,14.5,6.2
2025-05-21,Sikkim,East Sikkim,Gangtok,27.33,88.62,1588.0,13.5,134.2,247.5,368.4,21.4,14.1,6.1
2025-05-22,Sikkim,East Sikkim,Gangtok,27.33,88.62,1588.0,4.3,81.0,227.5,367.8,24.0,13.8,8.8
2025-05-23,Sikkim,East Sikkim,Gangtok,27.33,88.62,1588.0,4.3,22.1,215.7,371.1,22.6,13.4,8.0
2025-05-24,Sikkim,East Sikkim,Gangtok,27.33,88.62,1588.0,1.0,9.6,178.9,369.9,22.8,15.7,4.8
2025-05-25,Sikkim,East Sikkim,Gangtok,27.33,88.62,1588.0,2.1,7.4,145.9,367.8,24.1,16.0,5.1
2025-05-26,Sikkim,East Sikkim,Gangtok,27.33,88.62,1588.0,20.4,23.5,108.8,355.0,21.5,16.0,6.0
2025-05-27,Sikkim,East Sikkim,Gangtok,27.33,88.62,1588.0,11.3,33.8,56.9,330.5,26.4,15.2,9.4
2025-05-28,Sikkim,East Sikkim,Gangtok,27.33,88.62,1588.0,2.2,33.9,45.6,293.1,23.9,16.4,6.5
2025-05-29,Sikkim,East Sikkim,Gangtok,27.33,88.62,1588.0,4.5,18.0,45.8,273.3,22.8,14.6,7.2
2025-05-30,Sikkim,East Sikkim,Gangtok,27.33,88.62,1588.0,19.0,25.7,60.5,276.2,24.0,17.9,6.5
2025-05-31,Sikkim,East Sikkim,Gangtok,27.33,88.62,1588.0,71.2,94.7,130.7,309.6,25.1,17.5,8.3
2025-06-01,Sikkim,East Sikkim,Gangtok,27.33,88.62,1588.0,11.4,101.6,140.0,285.9,24.9,16.4,9.0
2025-06-02,Sikkim,East Sikkim,Gangtok,27.33,88.62,1588.0,14.0,96.6,133.6,242.4,24.3,14.8,9.2
2025-06-03,Sikkim,East Sikkim,Gangtok,27.33,88.62,1588.0,44.4,69.8,166.7,223.6,22.4,14.5,9.0
2025-06-04,Sikkim,East Sikkim,Gangtok,27.33,88.62,1588.0,28.8,87.2,193.3,238.9,21.1,14.3,3.3
2025-06-05,Sikkim,East Sikkim,Gangtok,27.33,88.62,1588.0,6.6,79.8,195.4,241.2,23.6,13.7,9.3
2025-06-06,Sikkim,East Sikkim,Gangtok,27.33,88.62,1588.0,6.2,41.6,182.6,243.1,23.9,13.2,8.1
2025-06-07,Sikkim,East Sikkim,Gangtok,27.33,88.62,1588.0,1.4,14.2,112.8,243.5,22.8,12.7,8.0
2025-06-08,Sikkim,East Sikkim,Gangtok,27.33,88.62,1588.0,1.3,8.9,102.7,242.7,26.4,16.1,9.2
2025-06-09,Sikkim,East Sikkim,Gangtok,27.33,88.62,1588.0,0.0,2.7,88.7,222.3,27.0,16.4,8.1
2025-06-10,Sikkim,East Sikkim,Gangtok,27.33,88.62,1588.0,1.4,2.7,45.7,212.4,26.2,16.2,7.5
2025-06-11,Sikkim,East Sikkim,Gangtok,27.33,88.62,1588.0,1.2,2.6,18.1,211.4,26.5,16.4,9.9
2025-06-12,Sikkim,East Sikkim,Gangtok,27.33,88.62,1588.0,1.5,4.1,13.0,208.4,25.4,17.5,5.8
2025-06-13,Sikkim,East Sikkim,Gangtok,27.33,88.62,1588.0,2.2,4.9,9.0,191.6,27.2,18.4,5.9
2025-06-14,Sikkim,East Sikkim,Gangtok,27.33,88.62,1588.0,4.8,8.5,12.4,125.2,27.3,17.5,7.7
2025-06-15,Sikkim,East Sikkim,Gangtok,27.33,88.62,1588.0,17.1,24.1,28.2,130.9,23.5,17.9,7.1
2025-06-16,Sikkim,East Sikkim,Gangtok,27.33,88.62,1588.0,5.9,27.8,34.1,122.8,25.5,16.9,7.9
2025-06-17,Sikkim,East Sikkim,Gangtok,27.33,88.62,1588.0,3.7,26.7,36.4,82.1,23.5,17.0,5.9
2025-06-18,Sikkim,East Sikkim,Gangtok,27.33,88.62,1588.0,24.0,33.6,59.2,77.3,21.9,17.4,6.1
2025-06-19,Sikkim,East Sikkim,Gangtok,27.33,88.62,1588.0,51.7,79.4,109.4,122.4,19.4,17.5,5.7
2025-06-20,Sikkim,East Sikkim,Gangtok,27.33,88.62,1588.0,15.1,90.8,122.3,131.3,22.9,17.3,5.8
2025-06-21,Sikkim,East Sikkim,Gangtok,27.33,88.62,1588.0,9.4,76.2,126.9,139.3,24.3,17.6,5.0
2025-06-22,Sikkim,East Sikkim,Gangtok,27.33,88.62,1588.0,6.5,31.0,116.3,144.5,25.1,18.1,7.0
2025-06-23,Sikkim,East Sikkim,Gangtok,27.33,88.62,1588.0,20.5,36.4,130.9,165.0,23.1,17.7,6.3
2025-06-24,Sikkim,East Sikkim,Gangtok,27.33,88.62,1588.0,14.4,41.4,141.6,178.0,21.7,17.5,6.5
2025-06-25,Sikkim,East Sikkim,Gangtok,27.33,88.62,1588.0,17.9,52.8,135.5,194.7,23.0,17.1,5.0
2025-06-26,Sikkim,East Sikkim,Gangtok,27.33,88.62,1588.0,14.4,46.7,98.2,207.6,22.9,18.2,3.6
2025-06-27,Sikkim,East Sikkim,Gangtok,27.33,88.62,1588.0,3.7,36.0,86.8,209.1,22.4,17.7,4.4
2025-06-28,Sikkim,East Sikkim,Gangtok,27.33,88.62,1588.0,5.1,23.2,82.5,209.4,23.5,17.0,7.8
2025-06-29,Sikkim,East Sikkim,Gangtok,27.33,88.62,1588.0,0.9,9.7,76.9,193.2,23.1,17.1,5.7
2025-06-30,Sikkim,East Sikkim,Gangtok,27.33,88.62,1588.0,12.4,18.4,68.8,199.7,23.8,16.5,5.8
2025-07-01,Sikkim,East Sikkim,Gangtok,27.33,88.62,1588.0,5.2,18.5,59.6,201.2,24.3,17.7,7.7
2025-07-02,Sikkim,East Sikkim,Gangtok,27.33,88.62,1588.0,11.4,29.0,53.1,188.6,23.8,17.5,7.3
2025-07-03,Sikkim,East Sikkim,Gangtok,27.33,88.62,1588.0,14.4,31.0,53.1,151.3,22.8,17.9,5.7
2025-07-04,Sikkim,East Sikkim,Gangtok,27.33,88.62,1588.0,14.9,40.7,64.3,151.1,23.0,17.2,7.8
2025-07-05,Sikkim,East Sikkim,Gangtok,27.33,88.62,1588.0,30.0,59.3,89.2,171.7,20.6,17.1,5.1
2025-07-06,Sikkim,East Sikkim,Gangtok,27.33,88.62,1588.0,18.1,63.0,106.4,183.3,22.5,16.2,6.8
2025-07-07,Sikkim,East Sikkim,Gangtok,27.33,88.62,1588.0,1.1,49.2,95.1,163.9,23.2,16.3,4.3
2025-07-08,Sikkim,East Sikkim,Gangtok,27.33,88.62,1588.0,21.7,40.9,111.6,171.2,21.4,17.2,3.6
2025-07-09,Sikkim,East Sikkim,Gangtok,27.33,88.62,1588.0,68.8,91.6,169.0,222.1,20.0,17.1,4.8
2025-07-10,Sikkim,East Sikkim,Gangtok,27.33,88.62,1588.0,25.7,116.2,180.3,233.4,22.5,16.7,5.2
2025-07-11,Sikkim,East Sikkim,Gangtok,27.33,88.62,1588.0,3.1,97.6,168.5,232.8,24.3,17.3,5.2
2025-07-12,Sikkim,East Sikkim,Gangtok,27.33,88.62,1588.0,4.6,33.4,143.1,232.3,27.4,16.6,4.0
2025-07-13,Sikkim,East Sikkim,Gangtok,27.33,88.62,1588.0,6.0,13.7,131.0,237.4,24.5,18.3,5.3
2025-07-14,Sikkim,East Sikkim,Gangtok,27.33,88.62,1588.0,17.4,28.0,147.3,242.4,22.6,17.4,4.6
2025-07-15,Sikkim,East Sikkim,Gangtok,27.33,88.62,1588.0,29.9,53.3,155.5,267.1,20.7,17.0,5.0
2025-07-16,Sikkim,East Sikkim,Gangtok,27.33,88.62,1588.0,17.5,64.8,104.2,273.2,21.1,16.9,4.5
2025-07-17,Sikkim,East Sikkim,Gangtok,27.33,88.62,1588.0,0.0,47.4,78.5,258.8,26.0,16.0,5.1
2025-07-18,Sikkim,East Sikkim,Gangtok,27.33,88.62,1588.0,0.2,17.7,75.6,244.1,25.0,16.5,6.4
2025-07-19,Sikkim,East Sikkim,Gangtok,27.33,88.62,1588.0,3.2,3.4,74.2,217.3,26.6,18.6,7.0
2025-07-20,Sikkim,East Sikkim,Gangtok,27.33,88.62,1588.0,74.8,78.2,143.0,274.0,22.7,18.8,5.3
2025-07-21,Sikkim,East Sikkim,Gangtok,27.33,88.62,1588.0,5.5,83.5,131.1,278.4,24.5,19.1,5.4
2025-07-22,Sikkim,East Sikkim,Gangtok,27.33,88.62,1588.0,6.7,87.0,107.9,263.4,25.3,18.9,4.4
2025-07-23,Sikkim,East Sikkim,Gangtok,27.33,88.62,1588.0,1.6,13.8,92.0,196.2,27.0,18.9,7.9
2025-07-24,Sikkim,East Sikkim,Gangtok,27.33,88.62,1588.0,8.3,16.6,100.3,178.8,28.2,18.8,5.4
2025-07-25,Sikkim,East Sikkim,Gangtok,27.33,88.62,1588.0,48.0,57.9,148.1,223.7,24.2,18.8,6.1
2025-07-26,Sikkim,East Sikkim,Gangtok,27.33,88.62,1588.0,33.2,89.5,178.1,252.3,20.8,17.6,6.0
2025-07-27,Sikkim,East Sikkim,Gangtok,27.33,88.62,1588.0,2.5,83.7,105.8,248.8,23.6,18.3,6.5
2025-07-28,Sikkim,East Sikkim,Gangtok,27.33,88.62,1588.0,45.9,81.6,146.2,277.3,21.6,18.6,4.0
2025-07-29,Sikkim,East Sikkim,Gangtok,27.33,88.62,1588.0,26.0,74.4,165.5,273.4,21.7,17.8,5.2
2025-07-30,Sikkim,East Sikkim,Gangtok,27.33,88.62,1588.0,5.8,77.7,169.7,261.7,21.1,16.8,5.4
2025-07-31,Sikkim,East Sikkim,Gangtok,27.33,88.62,1588.0,4.3,36.1,165.7,266.0,22.8,17.5,4.5
2025-08-01,Sikkim,East Sikkim,Gangtok,27.33,88.62,1588.0,1.9,12.0,119.6,267.7,24.2,17.5,7.0
2025-08-02,Sikkim,East Sikkim,Gangtok,27.33,88.62,1588.0,11.4,17.6,97.8,275.9,22.8,18.8,6.2
2025-08-03,Sikkim,East Sikkim,Gangtok,27.33,88.62,1588.0,9.2,22.5,104.5,210.3,20.9,18.0,4.9
2025-08-04,Sikkim,East Sikkim,Gangtok,27.33,88.62,1588.0,4.8,25.4,63.4,209.6,22.2,17.8,4.4
2025-08-05,Sikkim,East Sikkim,Gangtok,27.33,88.62,1588.0,2.4,16.4,39.8,205.3,21.6,17.4,5.6
2025-08-06,Sikkim,East Sikkim,Gangtok,27.33,88.62,1588.0,15.1,22.3,49.1,218.8,23.1,17.0,5.6
2025-08-07,Sikkim,East Sikkim,Gangtok,27.33,88.62,1588.0,7.6,25.1,52.4,218.1,22.0,18.2,6.5
2025-08-08,Sikkim,East Sikkim,Gangtok,27.33,88.62,1588.0,25.4,48.1,75.9,195.5,21.5,18.3,3.1
2025-08-09,Sikkim,East Sikkim,Gangtok,27.33,88.62,1588.0,12.3,45.3,76.8,174.6,23.0,17.9,4.6
2025-08-10,Sikkim,East Sikkim,Gangtok,27.33,88.62,1588.0,22.5,60.2,90.1,194.6,23.5,18.5,5.7
2025-08-11,Sikkim,East Sikkim,Gangtok,27.33,88.62,1588.0,25.7,60.5,111.0,174.4,25.0,18.7,6.2
2025-08-12,Sikkim,East Sikkim,Gangtok,27.33,88.62,1588.0,17.7,65.9,126.3,166.1,23.9,18.7,5.6
2025-08-13,Sikkim,East Sikkim,Gangtok,27.33,88.62,1588.0,76.2,119.6,187.4,236.5,20.0,18.1,3.8
2025-08-14,Sikkim,East Sikkim,Gangtok,27.33,88.62,1588.0,14.0,107.9,193.8,246.2,23.1,17.1,4.0
2025-08-15,Sikkim,East Sikkim,Gangtok,27.33,88.62,1588.0,0.5,90.7,168.9,244.8,23.3,16.2,5.5
2025-08-16,Sikkim,East Sikkim,Gangtok,27.33,88.62,1588.0,10.9,25.4,167.5,244.3,25.1,17.2,6.0
2025-08-17,Sikkim,East Sikkim,Gangtok,27.33,88.62,1588.0,16.8,28.2,161.8,251.9,24.8,18.0,6.5
2025-08-18,Sikkim,East Sikkim,Gangtok,27.33,88.62,1588.0,11.4,39.1,147.5,258.5,23.9,17.6,4.8
2025-08-19,Sikkim,East Sikkim,Gangtok,27.33,88.62,1588.0,5.0,33.2,134.8,261.1,24.1,16.5,7.1
2025-08-20,Sikkim,East Sikkim,Gangtok,27.33,88.62,1588.0,5.9,22.3,64.5,251.9,22.7,17.0,5.2
2025-08-21,Sikkim,East Sikkim,Gangtok,27.33,88.62,1588.0,3.6,14.5,54.1,247.9,23.6,16.9,6.8
2025-08-22,Sikkim,East Sikkim,Gangtok,27.33,88.62,1588.0,19.0,28.5,72.6,241.5,21.0,16.8,6.5
2025-08-23,Sikkim,East Sikkim,Gangtok,27.33,88.62,1588.0,23.0,45.6,84.7,252.2,20.7,16.7,6.4
2025-08-24,Sikkim,East Sikkim,Gangtok,27.33,88.62,1588.0,20.8,62.8,88.7,250.5,21.1,16.9,5.0
2025-08-25,Sikkim,East Sikkim,Gangtok,27.33,88.62,1588.0,1.2,45.0,78.5,226.0,21.9,16.8,5.3
2025-08-26,Sikkim,East Sikkim,Gangtok,27.33,88.62,1588.0,0.7,22.7,74.2,209.0,24.2,17.0,6.8
2025-08-27,Sikkim,East Sikkim,Gangtok,27.33,88.62,1588.0,8.8,10.7,77.1,141.6,23.6,17.4,4.7
2025-08-28,Sikkim,East Sikkim,Gangtok,27.33,88.62,1588.0,18.1,27.6,91.6,145.7,22.4,18.0,7.2
2025-08-29,Sikkim,East Sikkim,Gangtok,27.33,88.62,1588.0,23.2,50.1,95.8,168.4,22.5,17.2,6.3
2025-08-30,Sikkim,East Sikkim,Gangtok,27.33,88.62,1588.0,3.8,45.1,76.6,161.3,23.6,16.9,6.6
2025-08-31,Sikkim,East Sikkim,Gangtok,27.33,88.62,1588.0,2.4,29.4,58.2,146.9,24.4,17.4,9.0
2025-09-01,Sikkim,East Sikkim,Gangtok,27.33,88.62,1588.0,1.5,7.7,58.5,137.0,24.9,17.9,6.7
2025-09-02,Sikkim,East Sikkim,Gangtok,27.33,88.62,1588.0,0.9,4.8,58.7,132.9,24.2,17.1,7.1
2025-09-03,Sikkim,East Sikkim,Gangtok,27.33,88.62,1588.0,5.9,8.3,55.8,132.9,24.6,17.1,6.6
2025-09-04,Sikkim,East Sikkim,Gangtok,27.33,88.62,1588.0,2.4,9.2,40.1,131.7,25.6,16.6,6.7
2025-09-05,Sikkim,East Sikkim,Gangtok,27.33,88.62,1588.0,6.5,14.8,23.4,119.2,24.4,15.8,6.2
2025-09-06,Sikkim,East Sikkim,Gangtok,27.33,88.62,1588.0,6.1,15.0,25.7,102.3,22.8,17.4,5.8
2025-09-07,Sikkim,East Sikkim,Gangtok,27.33,88.62,1588.0,18.7,31.3,42.0,100.2,22.0,17.6,3.5
2025-09-08,Sikkim,East Sikkim,Gangtok,27.33,88.62,1588.0,18.4,43.2,58.9,117.4,23.4,17.0,5.4
2025-09-09,Sikkim,East Sikkim,Gangtok,27.33,88.62,1588.0,3.8,40.9,61.8,120.5,24.1,17.2,5.9
2025-09-10,Sikkim,East Sikkim,Gangtok,27.33,88.62,1588.0,3.3,25.5,59.2,115.0,24.2,17.2,7.1
2025-09-11,Sikkim,East Sikkim,Gangtok,27.33,88.62,1588.0,5.7,12.8,62.5,102.6,24.8,17.5,6.5
2025-09-12,Sikkim,East Sikkim,Gangtok,27.33,88.62,1588.0,1.5,10.5,57.5,80.9,23.0,17.3,5.9
2025-09-13,Sikkim,East Sikkim,Gangtok,27.33,88.62,1588.0,3.9,11.1,55.3,81.0,24.5,17.2,8.1
2025-09-14,Sikkim,East Sikkim,Gangtok,27.33,88.62,1588.0,7.1,12.5,43.7,85.7,21.4,17.3,4.7
2025-09-15,Sikkim,East Sikkim,Gangtok,27.33,88.62,1588.0,14.1,25.1,39.4,98.3,20.9,16.8,3.7
2025-09-16,Sikkim,East Sikkim,Gangtok,27.33,88.62,1588.0,9.5,30.7,45.1,106.9,20.0,17.1,3.7
2025-09-17,Sikkim,East Sikkim,Gangtok,27.33,88.62,1588.0,18.3,41.9,60.1,119.3,22.2,16.8,5.7
2025-09-18,Sikkim,East Sikkim,Gangtok,27.33,88.62,1588.0,3.4,31.2,57.8,120.3,23.6,16.1,7.3
2025-09-19,Sikkim,East Sikkim,Gangtok,27.33,88.62,1588.0,14.0,35.7,70.3,127.8,23.1,16.4,5.1
2025-09-20,Sikkim,East Sikkim,Gangtok,27.33,88.62,1588.0,8.8,26.2,75.2,130.5,23.8,16.0,5.1
2025-09-21,Sikkim,East Sikkim,Gangtok,27.33,88.62,1588.0,3.9,26.7,72.0,115.7,24.2,15.8,7.9
2025-09-22,Sikkim,East Sikkim,Gangtok,27.33,88.62,1588.0,0.0,12.7,57.9,97.3,25.3,15.2,7.5
2025-09-23,Sikkim,East Sikkim,Gangtok,27.33,88.62,1588.0,0.2,4.1,48.6,93.7,24.9,16.4,5.7
2025-09-24,Sikkim,East Sikkim,Gangtok,27.33,88.62,1588.0,1.3,1.5,31.6,91.7,25.6,15.6,9.3
2025-09-25,Sikkim,East Sikkim,Gangtok,27.33,88.62,1588.0,1.2,2.7,29.4,87.2,24.4,16.6,4.2
2025-09-26,Sikkim,East Sikkim,Gangtok,27.33,88.62,1588.0,1.2,3.7,16.6,86.9,25.0,14.2,4.8
2025-09-27,Sikkim,East Sikkim,Gangtok,27.33,88.62,1588.0,0.0,2.4,7.8,83.0,25.2,16.6,6.8
2025-09-28,Sikkim,East Sikkim,Gangtok,27.33,88.62,1588.0,0.7,1.9,4.6,76.6,24.4,14.9,6.5
2025-09-29,Sikkim,East Sikkim,Gangtok,27.33,88.62,1588.0,0.4,1.1,5.0,62.9,24.6,15.5,4.8
2025-09-30,Sikkim,East Sikkim,Gangtok,27.33,88.62,1588.0,0.6,1.7,5.4,54.0,25.1,13.8,7.2
2025-10-01,Sikkim,East Sikkim,Gangtok,27.33,88.62,1588.0,12.7,13.7,16.8,48.4,23.2,14.1,6.7
2025-10-02,Sikkim,East Sikkim,Gangtok,27.33,88.62,1588.0,10.5,23.8,26.1,55.5,21.3,15.9,6.1
2025-10-03,Sikkim,East Sikkim,Gangtok,27.33,88.62,1588.0,3.6,26.8,28.5,45.1,21.4,15.4,4.3
2025-10-04,Sikkim,East Sikkim,Gangtok,27.33,88.62,1588.0,18.7,32.8,47.2,55.0,22.6,15.2,8.1
2025-10-05,Sikkim,East Sikkim,Gangtok,27.33,88.62,1588.0,78.3,100.6,124.8,129.4,18.9,15.3,7.3
2025-10-06,Sikkim,East Sikkim,Gangtok,27.33,88.62,1588.0,1.2,98.2,125.6,130.6,22.1,14.5,8.1
2025-10-07,Sikkim,East Sikkim,Gangtok,27.33,88.62,1588.0,0.3,79.8,125.3,130.7,21.9,13.2,7.4
2025-10-08,Sikkim,East Sikkim,Gangtok,27.33,88.62,1588.0,2.2,3.7,114.8,131.6,23.3,13.3,7.5
2025-10-09,Sikkim,East Sikkim,Gangtok,27.33,88.62,1588.0,1.0,3.5,105.3,131.4,23.2,13.4,7.6
2025-10-10,Sikkim,East Sikkim,Gangtok,27.33,88.62,1588.0,0.2,3.4,101.9,130.4,22.7,11.9,7.7
2025-10-11,Sikkim,East Sikkim,Gangtok,27.33,88.62,1588.0,0.3,1.5,83.5,130.7,22.7,11.9,7.8
2025-10-12,Sikkim,East Sikkim,Gangtok,27.33,88.62,1588.0,0.0,0.5,5.2,130.0,23.1,11.3,9.0
2025-10-13,Sikkim,East Sikkim,Gangtok,27.33,88.62,1588.0,0.2,0.5,4.2,129.8,21.4,11.6,7.2
2025-10-14,Sikkim,East Sikkim,Gangtok,27.33,88.62,1588.0,0.0,0.2,3.9,129.2,21.2,10.2,6.8
2025-10-15,Sikkim,East Sikkim,Gangtok,27.33,88.62,1588.0,0.0,0.2,1.7,116.5,23.2,11.0,6.9
2025-10-16,Sikkim,East Sikkim,Gangtok,27.33,88.62,1588.0,0.0,0.0,0.7,106.0,23.7,10.2,7.8
2025-10-17,Sikkim,East Sikkim,Gangtok,27.33,88.62,1588.0,0.0,0.0,0.5,102.4,23.3,9.2,8.4
2025-10-18,Sikkim,East Sikkim,Gangtok,27.33,88.62,1588.0,0.4,0.4,0.6,84.1,23.5,9.6,9.0
2025-10-19,Sikkim,East Sikkim,Gangtok,27.33,88.62,1588.0,0.5,0.9,1.1,6.3,22.6,10.2,8.5
2025-10-20,Sikkim,East Sikkim,Gangtok,27.33,88.62,1588.0,0.2,1.1,1.1,5.3,22.9,8.7,6.4
2025-10-21,Sikkim,East Sikkim,Gangtok,27.33,88.62,1588.0,0.0,0.7,1.1,5.0,23.3,9.9,7.5
2025-10-22,Sikkim,East Sikkim,Gangtok,27.33,88.62,1588.0,0.0,0.2,1.1,2.8,23.1,9.7,8.4
2025-10-23,Sikkim,East Sikkim,Gangtok,27.33,88.62,1588.0,0.1,0.1,1.2,1.9,21.6,10.6,7.8
2025-10-24,Sikkim,East Sikkim,Gangtok,27.33,88.62,1588.0,0.1,0.2,1.3,1.8,21.8,8.3,9.4
2025-10-25,Sikkim,East Sikkim,Gangtok,27.33,88.62,1588.0,0.3,0.5,1.2,1.8,21.6,10.5,8.9
2025-10-26,Sikkim,East Sikkim,Gangtok,27.33,88.62,1588.0,0.8,1.2,1.5,2.6,22.2,9.3,8.3
2025-10-27,Sikkim,East Sikkim,Gangtok,27.33,88.62,1588.0,0.5,1.6,1.8,2.9,21.3,10.2,10.0
2025-10-28,Sikkim,East Sikkim,Gangtok,27.33,88.62,1588.0,3.9,5.2,5.7,6.8,18.2,13.1,3.7
2025-10-29,Sikkim,East Sikkim,Gangtok,27.33,88.62,1588.0,4.3,8.7,10.0,11.1,18.5,13.5,4.2
2025-10-30,Sikkim,East Sikkim,Gangtok,27.33,88.62,1588.0,11.0,19.2,20.9,22.1,16.7,13.5,4.0
2025-10-31,Sikkim,East Sikkim,Gangtok,27.33,88.62,1588.0,51.3,66.6,72.1,73.4,16.1,13.4,6.9
2025-11-01,Sikkim,East Sikkim,Gangtok,27.33,88.62,1588.0,12.6,74.9,84.4,85.6,16.7,13.1,4.2
2025-11-02,Sikkim,East Sikkim,Gangtok,27.33,88.62,1588.0,17.6,81.5,101.2,102.7,18.5,12.0,6.3
2025-11-03,Sikkim,East Sikkim,Gangtok,27.33,88.62,1588.0,0.1,30.3,100.8,102.6,19.3,11.2,6.4
2025-11-04,Sikkim,East Sikkim,Gangtok,27.33,88.62,1588.0,0.8,18.5,97.7,103.4,20.9,10.0,7.8
2025-11-05,Sikkim,East Sikkim,Gangtok,27.33,88.62,1588.0,0.0,0.9,93.4,103.4,22.9,9.7,8.0
2025-11-06,Sikkim,East Sikkim,Gangtok,27.33,88.62,1588.0,0.2,1.0,82.6,103.5,21.1,9.5,7.6
2025-11-07,Sikkim,East Sikkim,Gangtok,27.33,88.62,1588.0,1.4,1.6,32.7,104.8,20.9,11.4,7.5
2025-11-08,Sikkim,East Sikkim,Gangtok,27.33,88.62,1588.0,1.8,3.4,21.9,106.3,20.1,10.3,7.9
2025-11-09,Sikkim,East Sikkim,Gangtok,27.33,88.62,1588.0,0.4,3.6,4.7,105.9,20.6,9.6,8.4
2025-11-10,Sikkim,East Sikkim,Gangtok,27.33,88.62,1588.0,0.0,2.2,4.6,105.4,19.7,8.6,8.3
2025-11-11,Sikkim,East Sikkim,Gangtok,27.33,88.62,1588.0,0.2,0.6,4.0,101.7,19.0,8.7,9.2
2025-11-12,Sikkim,East Sikkim,Gangtok,27.33,88.62,1588.0,0.0,0.2,4.0,97.4,18.5,7.8,8.4
2025-11-13,Sikkim,East Sikkim,Gangtok,27.33,88.62,1588.0,0.0,0.2,3.8,86.4,18.4,7.5,9.3
2025-11-14,Sikkim,East Sikkim,Gangtok,27.33,88.62,1588.0,1.8,1.8,4.2,36.9,18.4,7.1,9.8
2025-11-15,Sikkim,East Sikkim,Gangtok,27.33,88.62,1588.0,0.5,2.3,2.9,24.8,18.4,7.4,9.3
2025-11-16,Sikkim,East Sikkim,Gangtok,27.33,88.62,1588.0,0.0,2.3,2.5,7.2,18.2,7.5,10.1
2025-11-17,Sikkim,East Sikkim,Gangtok,27.33,88.62,1588.0,0.1,0.6,2.6,7.2,19.0,6.2,7.3
2025-11-18,Sikkim,East Sikkim,Gangtok,27.33,88.62,1588.0,0.0,0.1,2.4,6.4,19.2,5.5,8.4
2025-11-19,Sikkim,East Sikkim,Gangtok,27.33,88.62,1588.0,0.0,0.1,2.4,6.4,18.4,8.0,8.1
2025-11-20,Sikkim,East Sikkim,Gangtok,27.33,88.62,1588.0,0.0,0.0,2.4,6.2,17.2,7.2,6.9
2025-11-21,Sikkim,East Sikkim,Gangtok,27.33,88.62,1588.0,3.0,3.0,3.6,7.8,16.3,5.6,5.7
2025-11-22,Sikkim,East Sikkim,Gangtok,27.33,88.62,1588.0,10.6,13.6,13.7,16.6,15.0,7.3,5.0
2025-11-23,Sikkim,East Sikkim,Gangtok,27.33,88.62,1588.0,3.3,16.9,17.0,19.5,15.4,6.2,8.2
2025-11-24,Sikkim,East Sikkim,Gangtok,27.33,88.62,1588.0,2.3,16.2,19.2,21.8,14.8,5.6,8.3
2025-11-25,Sikkim,East Sikkim,Gangtok,27.33,88.62,1588.0,1.9,7.5,21.1,23.5,17.6,5.0,8.6
2025-11-26,Sikkim,East Sikkim,Gangtok,27.33,88.62,1588.0,0.9,5.1,22.0,24.4,16.2,5.1,8.6
2025-11-27,Sikkim,East Sikkim,Gangtok,27.33,88.62,1588.0,0.0,2.8,22.0,24.4,18.0,5.2,7.0
2025-11-28,Sikkim,East Sikkim,Gangtok,27.33,88.62,1588.0,0.0,0.9,19.0,22.6,18.0,6.5,9.0
2025-11-29,Sikkim,East Sikkim,Gangtok,27.33,88.62,1588.0,0.0,0.0,8.4,22.1,16.9,6.5,8.8
2025-11-30,Sikkim,East Sikkim,Gangtok,27.33,88.62,1588.0,0.3,0.3,5.4,22.4,16.4,5.6,9.5
2025-12-01,Sikkim,East Sikkim,Gangtok,27.33,88.62,1588.0,0.0,0.3,3.1,22.3,17.7,6.7,8.9
2025-12-02,Sikkim,East Sikkim,Gangtok,27.33,88.62,1588.0,0.0,0.3,1.2,22.3,17.2,6.8,8.9
2025-12-03,Sikkim,East Sikkim,Gangtok,27.33,88.62,1588.0,0.0,0.0,0.3,22.3,16.8,4.3,8.4
2025-12-04,Sikkim,East Sikkim,Gangtok,27.33,88.62,1588.0,0.2,0.2,0.5,22.5,16.5,4.3,8.5
2025-12-05,Sikkim,East Sikkim,Gangtok,27.33,88.62,1588.0,0.0,0.2,0.5,19.5,16.8,5.5,7.9
2025-12-06,Sikkim,East Sikkim,Gangtok,27.33,88.62,1588.0,0.0,0.2,0.5,8.9,16.3,4.6,8.6
2025-12-07,Sikkim,East Sikkim,Gangtok,27.33,88.62,1588.0,0.0,0.0,0.2,5.6,17.0,5.4,8.5
2025-12-08,Sikkim,East Sikkim,Gangtok,27.33,88.62,1588.0,0.0,0.0,0.2,3.3,17.1,6.3,8.5
2025-12-09,Sikkim,East Sikkim,Gangtok,27.33,88.62,1588.0,0.0,0.0,0.2,1.4,16.3,6.2,9.7
2025-12-10,Sikkim,East Sikkim,Gangtok,27.33,88.62,1588.0,0.0,0.0,0.2,0.5,16.3,3.9,7.9
2025-12-11,Sikkim,East Sikkim,Gangtok,27.33,88.62,1588.0,0.0,0.0,0.0,0.5,17.2,5.3,9.3
2025-12-12,Sikkim,East Sikkim,Gangtok,27.33,88.62,1588.0,0.0,0.0,0.0,0.5,17.3,4.7,8.1
2025-12-13,Sikkim,East Sikkim,Gangtok,27.33,88.62,1588.0,0.0,0.0,0.0,0.5,18.1,5.4,7.2
2025-12-14,Sikkim,East Sikkim,Gangtok,27.33,88.62,1588.0,0.0,0.0,0.0,0.2,18.4,4.7,9.1
2025-12-15,Sikkim,East Sikkim,Gangtok,27.33,88.62,1588.0,0.0,0.0,0.0,0.2,17.8,3.9,8.0
2025-12-16,Sikkim,East Sikkim,Gangtok,27.33,88.62,1588.0,0.0,0.0,0.0,0.2,16.5,3.7,7.7
2025-12-17,Sikkim,East Sikkim,Gangtok,27.33,88.62,1588.0,0.0,0.0,0.0,0.2,17.0,4.1,7.1
2025-12-18,Sikkim,East Sikkim,Gangtok,27.33,88.62,1588.0,0.0,0.0,0.0,0.0,18.5,6.0,7.6
2025-12-19,Sikkim,East Sikkim,Gangtok,27.33,88.62,1588.0,0.0,0.0,0.0,0.0,16.9,5.3,7.5
2025-12-20,Sikkim,East Sikkim,Gangtok,27.33,88.62,1588.0,0.0,0.0,0.0,0.0,15.2,3.4,7.3
2025-12-21,Sikkim,East Sikkim,Gangtok,27.33,88.62,1588.0,0.0,0.0,0.0,0.0,16.2,5.7,7.4
2025-12-22,Sikkim,East Sikkim,Gangtok,27.33,88.62,1588.0,0.0,0.0,0.0,0.0,15.7,5.7,7.5
2025-12-23,Sikkim,East Sikkim,Gangtok,27.33,88.62,1588.0,0.0,0.0,0.0,0.0,15.5,5.0,9.2
2025-12-24,Sikkim,East Sikkim,Gangtok,27.33,88.62,1588.0,0.0,0.0,0.0,0.0,14.2,2.7,9.6
2025-12-25,Sikkim,East Sikkim,Gangtok,27.33,88.62,1588.0,3.3,3.3,3.3,3.3,14.3,4.0,9.2
2025-12-26,Sikkim,East Sikkim,Gangtok,27.33,88.62,1588.0,0.0,3.3,3.3,3.3,15.5,4.3,8.7
2025-12-27,Sikkim,East Sikkim,Gangtok,27.33,88.62,1588.0,0.0,3.3,3.3,3.3,16.1,5.2,9.8
2025-12-28,Sikkim,East Sikkim,Gangtok,27.33,88.62,1588.0,0.0,0.0,3.3,3.3,15.6,3.4,9.4
2025-12-29,Sikkim,East Sikkim,Gangtok,27.33,88.62,1588.0,4.1,4.1,7.4,7.4,14.9,4.5,9.0
2025-12-30,Sikkim,East Sikkim,Gangtok,27.33,88.62,1588.0,0.7,4.8,8.1,8.1,14.6,4.4,8.6
2025-12-31,Sikkim,East Sikkim,Gangtok,27.33,88.62,1588.0,0.1,4.9,8.2,8.2,15.2,4.1,8.2
2026-01-01,Sikkim,East Sikkim,Gangtok,27.33,88.62,1588.0,0.0,0.8,4.9,8.2,15.3,5.2,9.3
2026-01-02,Sikkim,East Sikkim,Gangtok,27.33,88.62,1588.0,10.9,11.0,15.8,19.1,13.4,3.9,6.9
2026-01-03,Sikkim,East Sikkim,Gangtok,27.33,88.62,1588.0,3.7,14.6,19.5,22.8,11.6,2.4,5.8
2026-01-04,Sikkim,East Sikkim,Gangtok,27.33,88.62,1588.0,1.6,16.2,21.1,24.4,9.9,3.0,7.2
2026-01-05,Sikkim,East Sikkim,Gangtok,27.33,88.62,1588.0,7.0,12.3,24.0,31.4,12.8,2.9,9.4
2026-01-06,Sikkim,East Sikkim,Gangtok,27.33,88.62,1588.0,7.1,15.7,30.4,38.5,12.2,3.4,10.2
2026-01-07,Sikkim,East Sikkim,Gangtok,27.33,88.62,1588.0,3.1,17.2,33.4,41.6,12.2,3.2,10.2
2026-01-08,Sikkim,East Sikkim,Gangtok,27.33,88.62,1588.0,0.0,10.2,33.4,38.3,13.6,1.7,10.1
2026-01-09,Sikkim,East Sikkim,Gangtok,27.33,88.62,1588.0,0.0,3.1,22.5,38.3,14.4,1.8,9.7
2026-01-10,Sikkim,East Sikkim,Gangtok,27.33,88.62,1588.0,0.0,0.0,18.8,38.3,13.8,2.4,9.9
2026-01-11,Sikkim,East Sikkim,Gangtok,27.33,88.62,1588.0,0.0,0.0,17.2,38.3,13.6,3.3,10.3
2026-01-12,Sikkim,East Sikkim,Gangtok,27.33,88.62,1588.0,0.0,0.0,10.2,34.2,16.2,1.7,7.3
2026-01-13,Sikkim,East Sikkim,Gangtok,27.33,88.62,1588.0,0.0,0.0,3.1,33.5,17.0,2.9,8.7
2026-01-14,Sikkim,East Sikkim,Gangtok,27.33,88.62,1588.0,0.0,0.0,0.0,33.4,15.8,4.2,8.9
2026-01-15,Sikkim,East Sikkim,Gangtok,27.33,88.62,1588.0,0.0,0.0,0.0,33.4,14.6,2.2,9.1
2026-01-16,Sikkim,East Sikkim,Gangtok,27.33,88.62,1588.0,0.0,0.0,0.0,22.5,15.8,2.3,8.2
2026-01-17,Sikkim,East Sikkim,Gangtok,27.33,88.62,1588.0,0.0,0.0,0.0,18.8,17.2,3.6,8.3
2026-01-18,Sikkim,East Sikkim,Gangtok,27.33,88.62,1588.0,0.0,0.0,0.0,17.2,15.9,4.6,9.4
2026-01-19,Sikkim,East Sikkim,Gangtok,27.33,88.62,1588.0,0.0,0.0,0.0,10.2,15.7,4.5,9.0
2026-01-20,Sikkim,East Sikkim,Gangtok,27.33,88.62,1588.0,0.8,0.8,0.8,3.9,14.9,4.7,9.4
2026-01-21,Sikkim,East Sikkim,Gangtok,27.33,88.62,1588.0,5.6,6.4,6.4,6.4,15.2,5.2,9.1
2026-01-22,Sikkim,East Sikkim,Gangtok,27.33,88.62,1588.0,3.9,10.3,10.3,10.3,15.1,5.0,9.1
2026-01-23,Sikkim,East Sikkim,Gangtok,27.33,88.62,1588.0,0.1,9.6,10.4,10.4,15.9,3.5,8.8
2026-01-24,Sikkim,East Sikkim,Gangtok,27.33,88.62,1588.0,0.0,4.0,10.4,10.4,16.9,2.6,9.4
2026-01-25,Sikkim,East Sikkim,Gangtok,27.33,88.62,1588.0,1.2,1.3,11.6,11.6,16.1,3.5,10.9
2026-01-26,Sikkim,East Sikkim,Gangtok,27.33,88.62,1588.0,0.0,1.2,11.6,11.6,15.5,3.1,9.3
2026-01-27,Sikkim,East Sikkim,Gangtok,27.33,88.62,1588.0,0.0,1.2,10.8,11.6,16.5,4.2,9.0
2026-01-28,Sikkim,East Sikkim,Gangtok,27.33,88.62,1588.0,0.3,0.3,5.5,11.9,16.1,4.8,4.9
2026-01-29,Sikkim,East Sikkim,Gangtok,27.33,88.62,1588.0,0.6,0.9,2.2,12.5,16.4,4.3,8.8
2026-01-30,Sikkim,East Sikkim,Gangtok,27.33,88.62,1588.0,0.0,0.9,2.1,12.5,16.5,1.0,8.8
2026-01-31,Sikkim,East Sikkim,Gangtok,27.33,88.62,1588.0,0.0,0.6,2.1,12.5,16.3,3.9,9.0
2026-02-01,Sikkim,East Sikkim,Gangtok,27.33,88.62,1588.0,0.0,0.0,0.9,12.5,16.8,3.3,8.8
2026-02-02,Sikkim,East Sikkim,Gangtok,27.33,88.62,1588.0,0.0,0.0,0.9,12.5,17.7,4.1,9.7
2026-02-03,Sikkim,East Sikkim,Gangtok,27.33,88.62,1588.0,1.3,1.3,2.2,13.0,17.5,5.1,9.1
2026-02-04,Sikkim,East Sikkim,Gangtok,27.33,88.62,1588.0,3.1,4.4,5.0,10.5,17.2,3.0,9.6
2026-02-05,Sikkim,East Sikkim,Gangtok,27.33,88.62,1588.0,0.1,4.5,4.5,6.7,17.8,2.8,9.7
2026-02-06,Sikkim,East Sikkim,Gangtok,27.33,88.62,1588.0,0.3,3.5,4.8,6.9,15.7,4.2,9.4
2026-02-07,Sikkim,East Sikkim,Gangtok,27.33,88.62,1588.0,2.1,2.5,6.9,9.0,15.5,3.8,9.9
2026-02-08,Sikkim,East Sikkim,Gangtok,27.33,88.62,1588.0,1.4,3.8,8.3,9.2,15.0,3.9,9.4
2026-02-09,Sikkim,East Sikkim,Gangtok,27.33,88.62,1588.0,5.0,8.5,13.3,14.2,15.2,5.3,9.0
2026-02-10,Sikkim,East Sikkim,Gangtok,27.33,88.62,1588.0,19.2,25.6,31.2,33.4,15.7,5.4,7.0
2026-02-11,Sikkim,East Sikkim,Gangtok,27.33,88.62,1588.0,3.9,28.1,32.0,37.0,16.7,5.5,6.8
2026-02-12,Sikkim,East Sikkim,Gangtok,27.33,88.62,1588.0,13.3,36.4,45.2,49.7,16.0,5.8,7.8
2026-02-13,Sikkim,East Sikkim,Gangtok,27.33,88.62,1588.0,0.0,17.2,44.9,49.7,18.1,3.1,8.9
2026-02-14,Sikkim,East Sikkim,Gangtok,27.33,88.62,1588.0,0.3,13.6,43.1,50.0,17.0,3.6,8.7
2026-02-15,Sikkim,East Sikkim,Gangtok,27.33,88.62,1588.0,3.3,3.6,45.0,53.3,15.6,4.9,9.0
2026-02-16,Sikkim,East Sikkim,Gangtok,27.33,88.62,1588.0,1.0,4.6,41.0,54.3,17.5,3.4,10.3
2026-02-17,Sikkim,East Sikkim,Gangtok,27.33,88.62,1588.0,0.0,4.3,21.8,53.0,20.0,4.7,9.7
2026-02-18,Sikkim,East Sikkim,Gangtok,27.33,88.62,1588.0,0.0,1.0,17.9,49.9,20.7,6.1,9.1
2026-02-19,Sikkim,East Sikkim,Gangtok,27.33,88.62,1588.0,0.0,0.0,4.6,49.8,20.5,4.6,9.7
2026-02-20,Sikkim,East Sikkim,Gangtok,27.33,88.62,1588.0,0.0,0.0,4.6,49.5,20.7,3.7,10.5
2026-02-21,Sikkim,East Sikkim,Gangtok,27.33,88.62,1588.0,0.0,0.0,4.3,47.4,19.1,3.6,8.2
2026-02-22,Sikkim,East Sikkim,Gangtok,27.33,88.62,1588.0,14.7,14.7,15.7,60.7,18.5,7.2,7.1
2026-02-23,Sikkim,East Sikkim,Gangtok,27.33,88.62,1588.0,4.8,19.5,19.5,60.5,17.5,6.7,9.5
2026-02-24,Sikkim,East Sikkim,Gangtok,27.33,88.62,1588.0,19.9,39.4,39.4,61.2,16.3,4.6,7.3
2026-02-25,Sikkim,East Sikkim,Gangtok,27.33,88.62,1588.0,0.1,24.8,39.5,57.4,17.2,3.8,7.5
2026-02-26,Sikkim,East Sikkim,Gangtok,27.33,88.62,1588.0,5.9,25.9,45.4,50.0,16.9,5.8,8.4
2026-02-27,Sikkim,East Sikkim,Gangtok,27.33,88.62,1588.0,30.6,36.6,76.0,80.6,14.2,7.3,4.4
2026-02-28,Sikkim,East Sikkim,Gangtok,27.33,88.62,1588.0,23.0,59.5,99.0,103.3,14.1,6.6,5.1
2026-03-01,Sikkim,East Sikkim,Gangtok,27.33,88.62,1588.0,28.1,81.7,112.4,128.1,14.8,7.6,5.6
2026-03-02,Sikkim,East Sikkim,Gangtok,27.33,88.62,1588.0,14.4,65.5,122.0,141.5,17.4,7.9,9.7
2026-03-03,Sikkim,East Sikkim,Gangtok,27.33,88.62,1588.0,4.6,47.1,106.7,146.1,17.5,7.0,9.4
2026-03-04,Sikkim,East Sikkim,Gangtok,27.33,88.62,1588.0,2.5,21.5,109.1,148.6,20.3,7.5,10.0
2026-03-05,Sikkim,East Sikkim,Gangtok,27.33,88.62,1588.0,0.0,7.1,103.2,148.6,21.9,7.7,7.4
2026-03-06,Sikkim,East Sikkim,Gangtok,27.33,88.62,1588.0,0.4,2.9,73.0,149.0,21.6,8.2,9.8
2026-03-07,Sikkim,East Sikkim,Gangtok,27.33,88.62,1588.0,2.5,2.9,52.5,151.5,20.5,10.3,7.8
2026-03-08,Sikkim,East Sikkim,Gangtok,27.33,88.62,1588.0,9.5,12.4,33.9,146.3,19.7,10.7,8.5
2026-03-09,Sikkim,East Sikkim,Gangtok,27.33,88.62,1588.0,0.9,12.9,20.4,142.4,20.1,9.4,6.8
2026-03-10,Sikkim,East Sikkim,Gangtok,27.33,88.62,1588.0,0.5,10.9,16.3,123.0,22.3,7.8,10.0
2026-03-11,Sikkim,East Sikkim,Gangtok,27.33,88.62,1588.0,3.2,4.6,17.0,126.1,21.9,9.7,8.1
2026-03-12,Sikkim,East Sikkim,Gangtok,27.33,88.62,1588.0,5.3,9.0,22.3,125.5,21.1,9.8,9.2
2026-03-13,Sikkim,East Sikkim,Gangtok,27.33,88.62,1588.0,23.1,31.6,45.0,118.0,17.5,10.9,7.2
2026-03-14,Sikkim,East Sikkim,Gangtok,27.33,88.62,1588.0,8.7,37.1,51.2,103.7,20.3,9.8,9.1
2026-03-15,Sikkim,East Sikkim,Gangtok,27.33,88.62,1588.0,19.3,51.1,61.0,94.9,19.6,8.8,8.9
2026-03-16,Sikkim,East Sikkim,Gangtok,27.33,88.62,1588.0,1.0,29.0,61.1,81.5,19.5,7.4,10.6
2026-03-17,Sikkim,East Sikkim,Gangtok,27.33,88.62,1588.0,0.5,20.8,61.1,77.4,19.5,4.5,11.0
2026-03-18,Sikkim,East Sikkim,Gangtok,27.33,88.62,1588.0,1.8,3.3,59.7,76.7,21.0,6.9,9.8
2026-03-19,Sikkim,East Sikkim,Gangtok,27.33,88.62,1588.0,0.8,3.1,55.2,77.5,20.6,8.9,11.2
2026-03-20,Sikkim,East Sikkim,Gangtok,27.33,88.62,1588.0,13.4,16.0,45.5,90.5,18.3,9.0,8.0
2026-03-21,Sikkim,East Sikkim,Gangtok,27.33,88.62,1588.0,26.3,40.5,63.1,114.3,12.5,8.1,4.6
2026-03-22,Sikkim,East Sikkim,Gangtok,27.33,88.62,1588.0,5.0,44.7,48.8,109.8,18.2,7.6,9.7
2026-03-23,Sikkim,East Sikkim,Gangtok,27.33,88.62,1588.0,12.6,43.9,60.4,121.5,18.4,8.1,10.2
2026-03-24,Sikkim,East Sikkim,Gangtok,27.33,88.62,1588.0,62.8,80.4,122.7,183.8,14.3,9.5,7.2
2026-03-25,Sikkim,East Sikkim,Gangtok,27.33,88.62,1588.0,9.1,84.5,130.0,189.7,18.1,9.4,9.4
2026-03-26,Sikkim,East Sikkim,Gangtok,27.33,88.62,1588.0,28.5,100.4,157.7,212.9,16.9,8.9,6.6
2026-03-27,Sikkim,East Sikkim,Gangtok,27.33,88.62,1588.0,34.2,71.8,178.5,224.0,18.2,10.5,6.6
2026-03-28,Sikkim,East Sikkim,Gangtok,27.33,88.62,1588.0,19.8,82.5,172.0,235.1,14.4,9.2,7.6
2026-03-29,Sikkim,East Sikkim,Gangtok,27.33,88.62,1588.0,6.1,60.1,173.1,221.9,18.2,8.7,8.3
2026-03-30,Sikkim,East Sikkim,Gangtok,27.33,88.62,1588.0,6.9,32.8,167.4,227.8,19.6,9.8,9.3
2026-03-31,Sikkim,East Sikkim,Gangtok,27.33,88.62,1588.0,7.6,20.6,112.2,234.9,20.2,10.8,7.4
2026-04-01,Sikkim,East Sikkim,Gangtok,27.33,88.62,1588.0,6.1,20.6,109.2,239.2,20.8,10.4,8.8
2026-04-02,Sikkim,East Sikkim,Gangtok,27.33,88.62,1588.0,1.5,15.2,82.2,239.9,23.2,10.3,9.8
2026-04-03,Sikkim,East Sikkim,Gangtok,27.33,88.62,1588.0,3.8,11.4,51.8,230.3,23.2,12.0,8.6
2026-04-04,Sikkim,East Sikkim,Gangtok,27.33,88.62,1588.0,4.2,9.5,36.2,208.2,23.7,11.8,9.9
2026-04-05,Sikkim,East Sikkim,Gangtok,27.33,88.62,1588.0,3.7,11.7,33.8,206.9,21.5,10.8,8.4
2026-04-06,Sikkim,East Sikkim,Gangtok,27.33,88.62,1588.0,3.6,11.5,30.5,197.9,21.1,8.6,8.8
2026-04-07,Sikkim,East Sikkim,Gangtok,27.33,88.62,1588.0,4.9,12.2,27.8,140.0,20.2,8.0,10.4
2026-04-08,Sikkim,East Sikkim,Gangtok,27.33,88.62,1588.0,5.2,13.7,26.9,136.1,18.9,7.2,8.9
2026-04-09,Sikkim,East Sikkim,Gangtok,27.33,88.62,1588.0,30.3,40.4,55.7,137.9,16.4,8.3,6.5
2026-04-10,Sikkim,East Sikkim,Gangtok,27.33,88.62,1588.0,11.4,46.9,63.3,115.1,15.4,8.0,6.2
2026-04-11,Sikkim,East Sikkim,Gangtok,27.33,88.62,1588.0,17.5,59.2,76.6,112.8,17.6,8.8,8.4
2026-04-12,Sikkim,East Sikkim,Gangtok,27.33,88.62,1588.0,13.0,41.9,85.9,119.7,18.0,9.9,5.9
2026-04-13,Sikkim,East Sikkim,Gangtok,27.33,88.62,1588.0,3.4,33.9,85.7,116.2,20.8,9.6,9.7
2026-04-14,Sikkim,East Sikkim,Gangtok,27.33,88.62,1588.0,19.5,35.9,100.3,128.1,17.7,9.6,6.6
2026-04-15,Sikkim,East Sikkim,Gangtok,27.33,88.62,1588.0,14.2,37.1,109.3,136.2,20.8,10.8,9.7
2026-04-16,Sikkim,East Sikkim,Gangtok,27.33,88.62,1588.0,15.9,49.6,94.9,150.6,21.6,11.0,8.1
2026-04-17,Sikkim,East Sikkim,Gangtok,27.33,88.62,1588.0,6.8,36.9,90.3,153.6,21.9,12.0,8.3
2026-04-18,Sikkim,East Sikkim,Gangtok,27.33,88.62,1588.0,6.2,28.9,79.0,155.6,21.5,12.1,7.8
2026-04-19,Sikkim,East Sikkim,Gangtok,27.33,88.62,1588.0,3.4,16.4,69.4,155.3,22.6,12.8,8.7
2026-04-20,Sikkim,East Sikkim,Gangtok,27.33,88.62,1588.0,3.6,13.2,69.6,155.3,23.0,12.6,8.5
2026-04-21,Sikkim,East Sikkim,Gangtok,27.33,88.62,1588.0,2.8,9.8,52.9,153.2,25.1,12.6,7.7
2026-04-22,Sikkim,East Sikkim,Gangtok,27.33,88.62,1588.0,6.3,12.7,45.0,154.3,25.6,9.6,8.6
2026-04-23,Sikkim,East Sikkim,Gangtok,27.33,88.62,1588.0,0.1,9.2,29.2,124.1,26.1,8.7,8.8
2026-04-24,Sikkim,East Sikkim,Gangtok,27.33,88.62,1588.0,1.5,7.9,23.9,114.2,23.6,13.6,7.2
2026-04-25,Sikkim,East Sikkim,Gangtok,27.33,88.62,1588.0,5.5,7.1,23.2,102.2,22.2,13.0,9.3
2026-04-26,Sikkim,East Sikkim,Gangtok,27.33,88.62,1588.0,1.1,8.1,20.9,90.3,21.8,12.8,8.5
2026-04-27,Sikkim,East Sikkim,Gangtok,27.33,88.62,1588.0,4.8,11.4,22.1,91.7,20.8,12.3,9.0
2026-04-28,Sikkim,East Sikkim,Gangtok,27.33,88.62,1588.0,10.3,16.2,29.6,82.5,22.6,11.6,9.7
2026-04-29,Sikkim,East Sikkim,Gangtok,27.33,88.62,1588.0,44.9,60.0,68.2,113.2,17.1,13.1,4.9
2026-04-30,Sikkim,East Sikkim,Gangtok,27.33,88.62,1588.0,33.7,88.9,101.8,131.0,17.0,11.4,5.1
2026-05-01,Sikkim,East Sikkim,Gangtok,27.33,88.62,1588.0,18.9,97.5,119.2,143.1,20.3,10.8,8.3
2026-05-02,Sikkim,East Sikkim,Gangtok,27.33,88.62,1588.0,6.5,59.1,120.2,143.4,17.5,11.8,3.3
2026-05-03,Sikkim,East Sikkim,Gangtok,27.33,88.62,1588.0,7.9,33.3,127.0,147.9,20.8,12.2,8.7
2026-05-04,Sikkim,East Sikkim,Gangtok,27.33,88.62,1588.0,16.7,31.1,138.9,161.0,21.2,11.7,9.7
2026-05-05,Sikkim,East Sikkim,Gangtok,27.33,88.62,1588.0,26.9,51.5,155.5,185.1,20.5,12.0,4.8
2026-05-06,Sikkim,East Sikkim,Gangtok,27.33,88.62,1588.0,8.2,51.8,118.8,187.0,18.1,10.8,5.6
2026-05-07,Sikkim,East Sikkim,Gangtok,27.33,88.62,1588.0,2.9,38.0,88.0,189.8,20.3,10.5,6.3
2026-05-08,Sikkim,East Sikkim,Gangtok,27.33,88.62,1588.0,19.1,30.2,88.2,207.4,19.2,10.4,6.0
2026-05-09,Sikkim,East Sikkim,Gangtok,27.33,88.62,1588.0,8.0,30.0,89.7,209.9,20.1,11.0,8.9
2026-05-10,Sikkim,East Sikkim,Gangtok,27.33,88.62,1588.0,16.4,43.5,98.2,225.2,17.2,12.7,6.0
2026-05-11,Sikkim,East Sikkim,Gangtok,27.33,88.62,1588.0,1.5,25.9,83.0,221.9,22.8,9.7,9.1
2026-05-12,Sikkim,East Sikkim,Gangtok,27.33,88.62,1588.0,18.3,36.2,74.4,229.9,21.7,11.8,7.9
2026-05-13,Sikkim,East Sikkim,Gangtok,27.33,88.62,1588.0,43.4,63.2,109.6,228.4,21.5,13.0,7.7
2026-05-14,Sikkim,East Sikkim,Gangtok,27.33,88.62,1588.0,19.8,81.5,126.5,214.5,22.4,13.4,7.6
2026-05-15,Sikkim,East Sikkim,Gangtok,27.33,88.62,1588.0,16.1,79.3,123.5,211.7,23.9,14.0,8.0
2026-05-16,Sikkim,East Sikkim,Gangtok,27.33,88.62,1588.0,16.7,52.6,132.2,221.9,23.1,14.3,7.1
2026-05-17,Sikkim,East Sikkim,Gangtok,27.33,88.62,1588.0,18.6,51.4,134.4,232.6,23.5,14.5,8.8
2026-05-18,Sikkim,East Sikkim,Gangtok,27.33,88.62,1588.0,9.6,44.9,142.5,225.5,22.8,14.8,7.5
2026-05-19,Sikkim,East Sikkim,Gangtok,27.33,88.62,1588.0,1.7,29.9,125.9,200.3,24.7,14.7,7.8
2026-05-20,Sikkim,East Sikkim,Gangtok,27.33,88.62,1588.0,18.2,29.5,100.7,210.3,24.3,14.9,7.6
2026-05-21,Sikkim,East Sikkim,Gangtok,27.33,88.62,1588.0,1.8,21.7,82.7,209.2,23.3,15.0,7.0
2026-05-22,Sikkim,East Sikkim,Gangtok,27.33,88.62,1588.0,20.9,40.9,87.5,211.0,24.5,16.0,5.0
2026-05-23,Sikkim,East Sikkim,Gangtok,27.33,88.62,1588.0,14.6,37.3,85.4,217.6,24.9,15.4,6.4
2026-05-24,Sikkim,East Sikkim,Gangtok,27.33,88.62,1588.0,25.7,61.2,92.5,226.9,24.5,15.0,7.6
2026-05-25,Sikkim,East Sikkim,Gangtok,27.33,88.62,1588.0,24.4,64.7,107.3,249.8,24.8,14.8,7.2
2026-05-26,Sikkim,East Sikkim,Gangtok,27.33,88.62,1588.0,36.7,86.8,142.3,268.2,24.1,14.4,6.7
2026-05-27,Sikkim,East Sikkim,Gangtok,27.33,88.62,1588.0,2.1,63.2,126.2,226.9,22.1,14.1,6.8
2026-05-28,Sikkim,East Sikkim,Gangtok,27.33,88.62,1588.0,1.7,40.5,126.1,208.8,22.6,13.4,7.7
2026-05-29,Sikkim,East Sikkim,Gangtok,27.33,88.62,1588.0,2.7,6.5,107.9,195.4,23.1,13.5,5.4
2026-05-30,Sikkim,East Sikkim,Gangtok,27.33,88.62,1588.0,6.0,10.4,99.3,184.7,23.6,15.7,6.6
2026-05-31,Sikkim,East Sikkim,Gangtok,27.33,88.62,1588.0,2.0,10.7,75.6,168.1,26.3,14.5,8.3
2026-06-01,Sikkim,East Sikkim,Gangtok,27.33,88.62,1588.0,1.7,9.7,52.9,160.2,25.4,14.5,7.4
2026-06-02,Sikkim,East Sikkim,Gangtok,27.33,88.62,1588.0,8.3,12.0,24.5,166.8,25.9,13.4,8.0
2026-06-03,Sikkim,East Sikkim,Gangtok,27.33,88.62,1588.0,20.6,30.6,43.0,169.2,26.3,15.9,8.3
2026-06-04,Sikkim,East Sikkim,Gangtok,27.33,88.62,1588.0,18.7,47.6,60.0,186.1,25.8,16.6,8.5
2026-06-05,Sikkim,East Sikkim,Gangtok,27.33,88.62,1588.0,18.4,57.7,75.7,183.6,25.5,16.9,7.6
2026-06-06,Sikkim,East Sikkim,Gangtok,27.33,88.62,1588.0,12.8,49.9,82.5,181.8,23.9,17.5,5.3
2026-06-07,Sikkim,East Sikkim,Gangtok,27.33,88.62,1588.0,20.5,51.7,101.0,176.6,25.5,16.3,7.8
2026-06-08,Sikkim,East Sikkim,Gangtok,27.33,88.62,1588.0,22.8,56.1,122.1,175.0,26.1,16.6,8.1
2026-06-09,Sikkim,East Sikkim,Gangtok,27.33,88.62,1588.0,24.7,68.0,138.5,163.0,24.1,17.0,6.4
2026-06-10,Sikkim,East Sikkim,Gangtok,27.33,88.62,1588.0,6.5,54.0,124.4,167.4,24.3,16.2,6.0
2026-06-11,Sikkim,East Sikkim,Gangtok,27.33,88.62,1588.0,5.6,36.8,111.3,171.3,21.8,15.5,7.7
2026-06-12,Sikkim,East Sikkim,Gangtok,27.33,88.62,1588.0,6.6,18.7,99.5,175.2,23.8,15.9,5.3
2026-06-13,Sikkim,East Sikkim,Gangtok,27.33,88.62,1588.0,9.8,22.0,96.5,179.0,25.7,14.1,7.4
2026-06-14,Sikkim,East Sikkim,Gangtok,27.33,88.62,1588.0,13.7,30.1,89.7,190.7,25.6,16.3,7.9
2026-06-15,Sikkim,East Sikkim,Gangtok,27.33,88.62,1588.0,11.5,35.0,78.4,200.5,25.5,16.4,7.4
2026-06-16,Sikkim,East Sikkim,Gangtok,27.33,88.62,1588.0,15.1,40.3,68.8,207.3,25.6,16.7,7.4
2026-06-17,Sikkim,East Sikkim,Gangtok,27.33,88.62,1588.0,10.7,37.3,73.0,197.4,26.6,16.6,8.4
2026-06-18,Sikkim,East Sikkim,Gangtok,27.33,88.62,1588.0,13.9,39.7,81.3,192.6,24.4,16.5,6.5
2026-06-19,Sikkim,East Sikkim,Gangtok,27.33,88.62,1588.0,51.7,76.3,126.4,225.9,22.5,17.9,6.3
2026-06-20,Sikkim,East Sikkim,Gangtok,27.33,88.62,1588.0,56.0,121.6,172.6,269.1,22.0,17.9,5.6
2026-06-21,Sikkim,East Sikkim,Gangtok,27.33,88.62,1588.0,60.4,168.1,219.3,309.0,22.9,18.5,5.2
2026-06-22,Sikkim,East Sikkim,Gangtok,27.33,88.62,1588.0,50.6,167.0,258.4,336.8,22.3,18.0,4.3
2026-06-23,Sikkim,East Sikkim,Gangtok,27.33,88.62,1588.0,39.3,150.3,282.6,351.4,22.7,17.1,5.2
2026-06-24,Sikkim,East Sikkim,Gangtok,27.33,88.62,1588.0,6.9,96.8,278.8,351.8,25.6,16.4,7.2
2026-06-25,Sikkim,East Sikkim,Gangtok,27.33,88.62,1588.0,7.5,53.7,272.4,353.7,26.6,17.1,7.9
2026-06-26,Sikkim,East Sikkim,Gangtok,27.33,88.62,1588.0,6.2,20.6,226.9,353.3,26.2,17.8,6.8
2026-06-27,Sikkim,East Sikkim,Gangtok,27.33,88.62,1588.0,29.0,42.7,199.9,372.5,26.9,18.0,8.7
2026-06-28,Sikkim,East Sikkim,Gangtok,27.33,88.62,1588.0,119.4,154.6,258.9,478.2,23.2,18.9,6.0
2026-06-29,Sikkim,East Sikkim,Gangtok,27.33,88.62,1588.0,44.7,193.1,253.0,511.4,22.7,18.4,4.6
2026-06-30,Sikkim,East Sikkim,Gangtok,27.33,88.62,1588.0,9.6,173.7,223.3,505.9,23.0,18.4,4.7
2026-07-01,Sikkim,East Sikkim,Gangtok,27.33,88.62,1588.0,22.9,77.2,239.3,518.1,22.9,18.5,4.4
2026-07-02,Sikkim,East Sikkim,Gangtok,27.33,88.62,1588.0,19.0,51.5,250.8,523.2,24.1,18.1,6.0
2026-07-03,Sikkim,East Sikkim,Gangtok,27.33,88.62,1588.0,12.8,54.7,257.4,484.3,26.5,18.2,4.9
2026-07-04,Sikkim,East Sikkim,Gangtok,27.33,88.62,1588.0,10.5,42.3,238.9,438.8,26.5,19.4,6.8
2026-07-05,Sikkim,East Sikkim,Gangtok,27.33,88.62,1588.0,21.3,44.6,140.8,399.7,22.6,18.9,6.9
2026-07-06,Sikkim,East Sikkim,Gangtok,27.33,88.62,1588.0,44.8,76.6,140.9,393.9,22.6,18.5,6.2
2026-07-07,Sikkim,East Sikkim,Gangtok,27.33,88.62,1588.0,37.1,103.2,168.4,391.7,21.1,18.5,4.5
2026-07-08,Sikkim,East Sikkim,Gangtok,27.33,88.62,1588.0,12.3,94.2,157.8,397.1,23.4,18.5,6.6
2026-07-09,Sikkim,East Sikkim,Gangtok,27.33,88.62,1588.0,16.3,65.7,155.1,405.9,23.3,18.7,5.6
2026-07-10,Sikkim,East Sikkim,Gangtok,27.33,88.62,1588.0,13.0,41.6,155.3,412.7,23.4,19.1,4.9
2026-07-11,Sikkim,East Sikkim,Gangtok,27.33,88.62,1588.0,25.2,54.5,170.0,408.9,25.7,18.7,5.4
2026-07-12,Sikkim,East Sikkim,Gangtok,27.33,88.62,1588.0,38.2,76.4,186.9,327.7,24.7,19.0,5.9
2026-07-13,Sikkim,East Sikkim,Gangtok,27.33,88.62,1588.0,90.5,153.9,232.6,373.5,21.6,19.2,5.1
2026-07-14,Sikkim,East Sikkim,Gangtok,27.33,88.62,1588.0,21.2,149.9,216.7,385.1,23.7,19.0,4.6
2026-07-15,Sikkim,East Sikkim,Gangtok,27.33,88.62,1588.0,8.2,119.9,212.6,370.4,26.2,17.5,5.8
2026-07-16,Sikkim,East Sikkim,Gangtok,27.33,88.62,1588.0,8.0,37.4,204.3,359.4,25.7,18.7,7.4
2026-07-17,Sikkim,East Sikkim,Gangtok,27.33,88.62,1588.0,8.3,24.5,199.6,354.9,25.2,18.4,6.1
2026-07-18,Sikkim,East Sikkim,Gangtok,27.33,88.62,1588.0,11.9,28.2,186.3,356.3,22.1,19.1,4.6
2026-07-19,Sikkim,East Sikkim,Gangtok,27.33,88.62,1588.0,36.4,56.6,184.5,371.4,22.5,18.8,5.0
2026-07-20,Sikkim,East Sikkim,Gangtok,27.33,88.62,1588.0,34.9,83.2,128.9,361.5,21.9,18.3,4.5
2026-07-21,Sikkim,East Sikkim,Gangtok,27.33,88.62,1588.0,51.4,122.7,159.1,375.8,20.8,17.6,5.9
2026-07-22,Sikkim,East Sikkim,Gangtok,27.33,88.62,1588.0,42.0,128.3,192.9,405.5,22.8,17.6,6.0
2026-07-23,Sikkim,East Sikkim,Gangtok,27.33,88.62,1588.0,4.4,97.8,189.3,393.6,24.0,17.3,6.2
2026-07-24,Sikkim,East Sikkim,Gangtok,27.33,88.62,1588.0,3.5,49.9,184.5,384.1,23.9,16.8,6.1
2026-07-25,Sikkim,East Sikkim,Gangtok,27.33,88.62,1588.0,11.5,19.4,184.1,370.4,24.9,18.1,5.5
2026-07-26,Sikkim,East Sikkim,Gangtok,27.33,88.62,1588.0,4.5,19.5,152.2,336.7,26.5,18.6,5.4
2026-07-27,Sikkim,East Sikkim,Gangtok,27.33,88.62,1588.0,2.7,18.7,120.0,248.9,25.2,18.7,7.2
2026-07-28,Sikkim,East Sikkim,Gangtok,27.33,88.62,1588.0,11.5,18.7,80.1,239.2,23.1,18.2,5.5
2026-07-29,Sikkim,East Sikkim,Gangtok,27.33,88.62,1588.0,11.9,26.1,50.0,242.9,24.5,18.5,7.8
2026-07-30,Sikkim,East Sikkim,Gangtok,27.33,88.62,1588.0,11.7,35.1,57.3,246.6,22.6,18.1,4.6
2026-07-31,Sikkim,East Sikkim,Gangtok,27.33,88.62,1588.0,17.0,40.6,70.8,255.3,24.8,18.1,5.4
2026-08-01,Sikkim,East Sikkim,Gangtok,27.33,88.62,1588.0,29.9,58.6,89.2,273.3,22.0,18.1,4.5
2026-08-02,Sikkim,East Sikkim,Gangtok,27.33,88.62,1588.0,12.5,59.4,97.2,249.4,24.5,19.0,6.0
2026-08-03,Sikkim,East Sikkim,Gangtok,27.33,88.62,1588.0,13.5,55.9,108.0,228.0,24.3,18.7,6.2
2026-08-04,Sikkim,East Sikkim,Gangtok,27.33,88.62,1588.0,5.5,31.5,102.0,182.1,24.5,18.9,5.8
2026-08-05,Sikkim,East Sikkim,Gangtok,27.33,88.62,1588.0,37.1,56.1,127.2,177.2,22.1,18.6,5.5
2026-08-06,Sikkim,East Sikkim,Gangtok,27.33,88.62,1588.0,20.9,63.5,136.4,193.7,24.5,18.1,6.6
2026-08-07,Sikkim,East Sikkim,Gangtok,27.33,88.62,1588.0,2.8,60.8,122.2,193.0,25.0,17.9,5.2
2026-08-08,Sikkim,East Sikkim,Gangtok,27.33,88.62,1588.0,8.3,32.0,100.6,189.8,22.8,19.0,4.3
2026-08-09,Sikkim,East Sikkim,Gangtok,27.33,88.62,1588.0,24.5,35.6,112.6,209.8,22.5,18.8,4.8
2026-08-10,Sikkim,East Sikkim,Gangtok,27.33,88.62,1588.0,15.3,48.1,114.4,222.4,25.1,18.1,5.8
2026-08-11,Sikkim,East Sikkim,Gangtok,27.33,88.62,1588.0,2.2,42.0,111.1,213.1,27.5,16.9,6.3
2026-08-12,Sikkim,East Sikkim,Gangtok,27.33,88.62,1588.0,0.5,18.0,74.5,201.7,28.0,17.8,7.3
2026-08-13,Sikkim,East Sikkim,Gangtok,27.33,88.62,1588.0,10.8,13.5,64.4,200.8,24.5,19.6,5.6
2026-08-14,Sikkim,East Sikkim,Gangtok,27.33,88.62,1588.0,6.8,18.1,68.4,190.6,24.7,19.0,5.5
2026-08-15,Sikkim,East Sikkim,Gangtok,27.33,88.62,1588.0,13.8,31.4,73.9,174.5,25.7,18.2,5.4
2026-08-16,Sikkim,East Sikkim,Gangtok,27.33,88.62,1588.0,4.3,24.9,53.7,166.3,24.7,18.9,6.4
2026-08-17,Sikkim,East Sikkim,Gangtok,27.33,88.62,1588.0,21.1,39.2,59.5,173.9,23.2,17.9,5.4
2026-08-18,Sikkim,East Sikkim,Gangtok,27.33,88.62,1588.0,39.5,64.9,96.8,207.9,21.3,18.6,5.0
2026-08-19,Sikkim,East Sikkim,Gangtok,27.33,88.62,1588.0,6.8,67.4,103.1,177.6,23.6,18.4,6.2
2026-08-20,Sikkim,East Sikkim,Gangtok,27.33,88.62,1588.0,8.4,54.7,100.7,165.1,24.8,17.5,6.3
2026-08-21,Sikkim,East Sikkim,Gangtok,27.33,88.62,1588.0,19.0,34.2,112.9,181.3,25.8,18.6,7.5
2026-08-22,Sikkim,East Sikkim,Gangtok,27.33,88.62,1588.0,16.5,43.9,115.6,189.5,26.8,18.5,6.3
2026-08-23,Sikkim,East Sikkim,Gangtok,27.33,88.62,1588.0,4.0,39.5,115.3,169.0,25.8,18.5,6.3
2026-08-24,Sikkim,East Sikkim,Gangtok,27.33,88.62,1588.0,3.6,24.1,97.8,157.3,24.4,18.7,6.2
2026-08-25,Sikkim,East Sikkim,Gangtok,27.33,88.62,1588.0,10.4,18.0,68.7,165.5,24.7,18.6,6.3
2026-08-26,Sikkim,East Sikkim,Gangtok,27.33,88.62,1588.0,25.1,39.1,87.0,190.1,23.8,18.8,6.0
2026-08-27,Sikkim,East Sikkim,Gangtok,27.33,88.62,1588.0,3.9,39.4,82.5,183.2,26.2,17.9,6.6
2026-08-28,Sikkim,East Sikkim,Gangtok,27.33,88.62,1588.0,1.6,30.6,65.1,178.0,25.1,18.1,6.4
2026-08-29,Sikkim,East Sikkim,Gangtok,27.33,88.62,1588.0,9.2,14.7,57.8,173.4,25.0,19.4,6.1
2026-08-30,Sikkim,East Sikkim,Gangtok,27.33,88.62,1588.0,4.4,15.2,58.2,173.5,25.3,19.1,6.0
2026-08-31,Sikkim,East Sikkim,Gangtok,27.33,88.62,1588.0,12.0,25.6,66.6,164.4,22.0,18.6,6.0
2026-09-01,Sikkim,East Sikkim,Gangtok,27.33,88.62,1588.0,36.4,52.8,92.6,161.3,21.7,17.9,5.1
2026-09-02,Sikkim,East Sikkim,Gangtok,27.33,88.62,1588.0,21.6,70.0,89.1,176.1,21.0,17.6,3.5
2026-09-03,Sikkim,East Sikkim,Gangtok,27.33,88.62,1588.0,6.1,64.1,91.3,173.8,22.1,17.6,4.7
2026-09-04,Sikkim,East Sikkim,Gangtok,27.33,88.62,1588.0,4.1,31.8,93.8,158.9,22.9,17.5,5.0
2026-09-05,Sikkim,East Sikkim,Gangtok,27.33,88.62,1588.0,15.3,25.5,99.9,157.7,23.3,18.2,6.2
2026-09-06,Sikkim,East Sikkim,Gangtok,27.33,88.62,1588.0,16.0,35.4,111.5,169.7,23.3,17.5,5.4
2026-09-07,Sikkim,East Sikkim,Gangtok,27.33,88.62,1588.0,8.5,39.8,108.0,174.6,24.0,17.0,7.3
2026-09-08,Sikkim,East Sikkim,Gangtok,27.33,88.62,1588.0,5.3,29.8,76.9,169.5,24.7,17.8,6.4
2025-01-01,Tripura,West Tripura,Agartala,23.83,91.28,12.0,0.0,0.0,0.0,0.0,25.6,14.1,9.7
2025-01-02,Tripura,West Tripura,Agartala,23.83,91.28,12.0,0.0,0.0,0.0,0.0,25.1,13.6,8.1
2025-01-03,Tripura,West Tripura,Agartala,23.83,91.28,12.0,0.0,0.0,0.0,0.0,26.5,13.0,7.6
2025-01-04,Tripura,West Tripura,Agartala,23.83,91.28,12.0,0.0,0.0,0.0,0.0,28.3,14.6,10.5
2025-01-05,Tripura,West Tripura,Agartala,23.83,91.28,12.0,0.0,0.0,0.0,0.0,29.3,15.1,10.5
2025-01-06,Tripura,West Tripura,Agartala,23.83,91.28,12.0,0.0,0.0,0.0,0.0,29.2,15.8,9.4
2025-01-07,Tripura,West Tripura,Agartala,23.83,91.28,12.0,0.0,0.0,0.0,0.0,26.6,16.3,14.4
2025-01-08,Tripura,West Tripura,Agartala,23.83,91.28,12.0,0.3,0.3,0.3,0.3,24.8,14.7,9.2
2025-01-09,Tripura,West Tripura,Agartala,23.83,91.28,12.0,0.0,0.3,0.3,0.3,24.6,12.5,8.6
2025-01-10,Tripura,West Tripura,Agartala,23.83,91.28,12.0,0.0,0.3,0.3,0.3,25.1,12.2,8.2
2025-01-11,Tripura,West Tripura,Agartala,23.83,91.28,12.0,0.0,0.0,0.3,0.3,27.4,13.0,7.6
2025-01-12,Tripura,West Tripura,Agartala,23.83,91.28,12.0,0.0,0.0,0.3,0.3,28.7,14.4,8.6
2025-01-13,Tripura,West Tripura,Agartala,23.83,91.28,12.0,0.0,0.0,0.3,0.3,27.2,14.6,10.6
2025-01-14,Tripura,West Tripura,Agartala,23.83,91.28,12.0,0.0,0.0,0.3,0.3,27.3,14.4,11.5
2025-01-15,Tripura,West Tripura,Agartala,23.83,91.28,12.0,0.0,0.0,0.0,0.3,27.5,14.2,9.2
2025-01-16,Tripura,West Tripura,Agartala,23.83,91.28,12.0,0.0,0.0,0.0,0.3,28.9,14.4,7.9
2025-01-17,Tripura,West Tripura,Agartala,23.83,91.28,12.0,0.0,0.0,0.0,0.3,28.4,15.1,8.7
2025-01-18,Tripura,West Tripura,Agartala,23.83,91.28,12.0,0.0,0.0,0.0,0.3,27.5,14.7,10.3
2025-01-19,Tripura,West Tripura,Agartala,23.83,91.28,12.0,0.0,0.0,0.0,0.3,26.6,14.7,11.1
2025-01-20,Tripura,West Tripura,Agartala,23.83,91.28,12.0,0.0,0.0,0.0,0.3,25.2,13.3,10.2
2025-01-21,Tripura,West Tripura,Agartala,23.83,91.28,12.0,0.0,0.0,0.0,0.3,25.1,13.3,10.0
2025-01-22,Tripura,West Tripura,Agartala,23.83,91.28,12.0,0.0,0.0,0.0,0.0,26.0,13.8,8.4
2025-01-23,Tripura,West Tripura,Agartala,23.83,91.28,12.0,0.0,0.0,0.0,0.0,25.9,13.9,11.0
2025-01-24,Tripura,West Tripura,Agartala,23.83,91.28,12.0,0.0,0.0,0.0,0.0,25.7,13.2,7.5
2025-01-25,Tripura,West Tripura,Agartala,23.83,91.28,12.0,0.0,0.0,0.0,0.0,26.3,14.3,8.7
2025-01-26,Tripura,West Tripura,Agartala,23.83,91.28,12.0,0.0,0.0,0.0,0.0,25.0,13.1,9.3
2025-01-27,Tripura,West Tripura,Agartala,23.83,91.28,12.0,0.0,0.0,0.0,0.0,25.3,13.2,12.8
2025-01-28,Tripura,West Tripura,Agartala,23.83,91.28,12.0,0.0,0.0,0.0,0.0,25.9,13.5,9.7
2025-01-29,Tripura,West Tripura,Agartala,23.83,91.28,12.0,0.0,0.0,0.0,0.0,26.0,12.5,8.5
2025-01-30,Tripura,West Tripura,Agartala,23.83,91.28,12.0,0.6,0.6,0.6,0.6,26.8,14.4,15.6
2025-01-31,Tripura,West Tripura,Agartala,23.83,91.28,12.0,4.1,4.7,4.7,4.7,26.9,19.0,14.8
2025-02-01,Tripura,West Tripura,Agartala,23.83,91.28,12.0,0.1,4.8,4.8,4.8,28.1,18.0,9.1
2025-02-02,Tripura,West Tripura,Agartala,23.83,91.28,12.0,0.0,4.2,4.8,4.8,28.5,17.8,9.9
2025-02-03,Tripura,West Tripura,Agartala,23.83,91.28,12.0,0.0,0.1,4.8,4.8,28.4,16.1,9.2
2025-02-04,Tripura,West Tripura,Agartala,23.83,91.28,12.0,0.0,0.0,4.8,4.8,27.2,14.4,10.8
2025-02-05,Tripura,West Tripura,Agartala,23.83,91.28,12.0,0.0,0.0,4.8,4.8,27.2,15.7,9.2
2025-02-06,Tripura,West Tripura,Agartala,23.83,91.28,12.0,0.0,0.0,4.2,4.8,29.2,16.9,11.7
2025-02-07,Tripura,West Tripura,Agartala,23.83,91.28,12.0,0.0,0.0,0.1,4.8,26.1,15.1,9.6
2025-02-08,Tripura,West Tripura,Agartala,23.83,91.28,12.0,0.0,0.0,0.0,4.8,26.1,12.2,9.0
2025-02-09,Tripura,West Tripura,Agartala,23.83,91.28,12.0,0.0,0.0,0.0,4.8,25.5,12.4,9.7
2025-02-10,Tripura,West Tripura,Agartala,23.83,91.28,12.0,0.0,0.0,0.0,4.8,27.1,13.8,10.0
2025-02-11,Tripura,West Tripura,Agartala,23.83,91.28,12.0,0.8,0.8,0.8,5.6,27.8,15.4,16.2
2025-02-12,Tripura,West Tripura,Agartala,23.83,91.28,12.0,1.0,1.8,1.8,6.6,28.4,19.8,12.4
2025-02-13,Tripura,West Tripura,Agartala,23.83,91.28,12.0,0.8,2.6,2.6,6.8,29.0,19.7,14.9
2025-02-14,Tripura,West Tripura,Agartala,23.83,91.28,12.0,0.0,1.8,2.6,2.7,27.6,18.0,10.4
2025-02-15,Tripura,West Tripura,Agartala,23.83,91.28,12.0,0.0,0.8,2.6,2.6,28.6,14.5,11.4
2025-02-16,Tripura,West Tripura,Agartala,23.83,91.28,12.0,0.0,0.0,2.6,2.6,29.2,15.2,15.0
2025-02-17,Tripura,West Tripura,Agartala,23.83,91.28,12.0,0.0,0.0,2.6,2.6,31.2,17.2,15.1
2025-02-18,Tripura,West Tripura,Agartala,23.83,91.28,12.0,4.7,4.7,6.5,7.3,30.2,18.2,13.3
2025-02-19,Tripura,West Tripura,Agartala,23.83,91.28,12.0,0.6,5.3,6.1,7.9,30.0,17.7,9.7
2025-02-20,Tripura,West Tripura,Agartala,23.83,91.28,12.0,0.0,5.3,5.3,7.9,31.9,17.6,9.6
2025-02-21,Tripura,West Tripura,Agartala,23.83,91.28,12.0,0.0,0.6,5.3,7.9,30.8,18.8,10.4
2025-02-22,Tripura,West Tripura,Agartala,23.83,91.28,12.0,0.8,0.8,6.1,8.7,31.6,17.6,10.8
2025-02-23,Tripura,West Tripura,Agartala,23.83,91.28,12.0,0.0,0.8,6.1,8.7,29.7,19.1,16.6
2025-02-24,Tripura,West Tripura,Agartala,23.83,91.28,12.0,0.0,0.8,6.1,8.7,30.3,17.3,10.1
2025-02-25,Tripura,West Tripura,Agartala,23.83,91.28,12.0,0.0,0.0,1.4,7.9,31.0,18.1,13.6
2025-02-26,Tripura,West Tripura,Agartala,23.83,91.28,12.0,0.0,0.0,0.8,6.9,30.1,16.1,12.4
2025-02-27,Tripura,West Tripura,Agartala,23.83,91.28,12.0,0.0,0.0,0.8,6.1,30.3,17.6,14.0
2025-02-28,Tripura,West Tripura,Agartala,23.83,91.28,12.0,0.1,0.1,0.9,6.2,30.2,18.6,10.6
2025-03-01,Tripura,West Tripura,Agartala,23.83,91.28,12.0,0.6,0.7,0.7,6.8,32.2,18.9,15.1
2025-03-02,Tripura,West Tripura,Agartala,23.83,91.28,12.0,0.1,0.8,0.8,6.9,33.0,20.8,13.8
2025-03-03,Tripura,West Tripura,Agartala,23.83,91.28,12.0,0.0,0.7,0.8,6.9,32.7,21.8,11.8
2025-03-04,Tripura,West Tripura,Agartala,23.83,91.28,12.0,0.0,0.1,0.8,2.2,31.9,20.2,12.6
2025-03-05,Tripura,West Tripura,Agartala,23.83,91.28,12.0,0.0,0.0,0.8,1.6,31.5,19.1,16.9
2025-03-06,Tripura,West Tripura,Agartala,23.83,91.28,12.0,0.0,0.0,0.8,1.6,31.5,17.8,13.1
2025-03-07,Tripura,West Tripura,Agartala,23.83,91.28,12.0,0.0,0.0,0.7,1.6,29.9,16.4,11.9
2025-03-08,Tripura,West Tripura,Agartala,23.83,91.28,12.0,0.0,0.0,0.1,0.8,31.6,16.6,19.5
2025-03-09,Tripura,West Tripura,Agartala,23.83,91.28,12.0,0.0,0.0,0.0,0.8,32.2,19.0,10.8
2025-03-10,Tripura,West Tripura,Agartala,23.83,91.28,12.0,0.0,0.0,0.0,0.8,33.1,18.4,13.0
2025-03-11,Tripura,West Tripura,Agartala,23.83,91.28,12.0,0.2,0.2,0.2,1.0,32.2,19.0,10.0
2025-03-12,Tripura,West Tripura,Agartala,23.83,91.28,12.0,0.0,0.2,0.2,1.0,32.8,21.5,17.6
2025-03-13,Tripura,West Tripura,Agartala,23.83,91.28,12.0,0.0,0.2,0.2,1.0,33.8,21.9,19.7
2025-03-14,Tripura,West Tripura,Agartala,23.83,91.28,12.0,0.2,0.2,0.4,1.1,33.9,24.2,17.7
2025-03-15,Tripura,West Tripura,Agartala,23.83,91.28,12.0,0.2,0.4,0.6,0.7,34.8,24.4,16.2
2025-03-16,Tripura,West Tripura,Agartala,23.83,91.28,12.0,0.2,0.6,0.8,0.8,36.3,24.1,15.6
2025-03-17,Tripura,West Tripura,Agartala,23.83,91.28,12.0,2.2,2.6,3.0,3.0,33.4,23.6,23.0
2025-03-18,Tripura,West Tripura,Agartala,23.83,91.28,12.0,0.4,2.8,3.2,3.4,34.8,23.3,12.6
2025-03-19,Tripura,West Tripura,Agartala,23.83,91.28,12.0,0.0,2.6,3.2,3.4,34.7,23.8,12.1
2025-03-20,Tripura,West Tripura,Agartala,23.83,91.28,12.0,0.4,0.8,3.6,3.8,33.0,23.5,14.8
2025-03-21,Tripura,West Tripura,Agartala,23.83,91.28,12.0,0.1,0.5,3.5,3.9,31.3,22.6,12.9
2025-03-22,Tripura,West Tripura,Agartala,23.83,91.28,12.0,1.2,1.7,4.5,5.1,28.9,20.4,11.9
2025-03-23,Tripura,West Tripura,Agartala,23.83,91.28,12.0,0.0,1.3,4.3,5.1,33.3,19.1,10.8
2025-03-24,Tripura,West Tripura,Agartala,23.83,91.28,12.0,0.0,1.2,2.1,5.1,33.5,18.3,14.0
2025-03-25,Tripura,West Tripura,Agartala,23.83,91.28,12.0,0.0,0.0,1.7,4.9,34.8,19.2,12.1
2025-03-26,Tripura,West Tripura,Agartala,23.83,91.28,12.0,0.0,0.0,1.7,4.9,35.0,19.4,12.0
2025-03-27,Tripura,West Tripura,Agartala,23.83,91.28,12.0,0.0,0.0,1.3,4.9,36.0,21.8,12.8
2025-03-28,Tripura,West Tripura,Agartala,23.83,91.28,12.0,0.0,0.0,1.2,4.7,37.7,23.2,21.1
2025-03-29,Tripura,West Tripura,Agartala,23.83,91.28,12.0,0.0,0.0,0.0,4.5,37.9,23.9,19.7
2025-03-30,Tripura,West Tripura,Agartala,23.83,91.28,12.0,0.0,0.0,0.0,4.3,37.1,24.5,15.6
2025-03-31,Tripura,West Tripura,Agartala,23.83,91.28,12.0,0.0,0.0,0.0,2.1,36.3,24.3,13.3
2025-04-01,Tripura,West Tripura,Agartala,23.83,91.28,12.0,0.0,0.0,0.0,1.7,36.4,24.6,15.2
2025-04-02,Tripura,West Tripura,Agartala,23.83,91.28,12.0,0.0,0.0,0.0,1.7,36.5,23.5,11.8
2025-04-03,Tripura,West Tripura,Agartala,23.83,91.28,12.0,0.1,0.1,0.1,1.4,37.4,24.3,14.0
2025-04-04,Tripura,West Tripura,Agartala,23.83,91.28,12.0,0.0,0.1,0.1,1.3,36.9,25.0,11.8
2025-04-05,Tripura,West Tripura,Agartala,23.83,91.28,12.0,5.0,5.1,5.1,5.1,34.5,25.1,15.3
2025-04-06,Tripura,West Tripura,Agartala,23.83,91.28,12.0,0.4,5.4,5.5,5.5,35.5,23.8,21.2
2025-04-07,Tripura,West Tripura,Agartala,23.83,91.28,12.0,0.0,5.4,5.5,5.5,37.3,24.0,11.1
2025-04-08,Tripura,West Tripura,Agartala,23.83,91.28,12.0,0.2,0.6,5.7,5.7,36.1,23.5,15.4
2025-04-09,Tripura,West Tripura,Agartala,23.83,91.28,12.0,0.0,0.2,5.7,5.7,35.2,23.4,9.2
2025-04-10,Tripura,West Tripura,Agartala,23.83,91.28,12.0,0.1,0.3,5.7,5.8,35.7,24.4,11.2
2025-04-11,Tripura,West Tripura,Agartala,23.83,91.28,12.0,3.1,3.2,8.8,8.9,35.3,22.8,16.0
2025-04-12,Tripura,West Tripura,Agartala,23.83,91.28,12.0,4.7,7.9,8.5,13.6,34.5,21.6,10.4
2025-04-13,Tripura,West Tripura,Agartala,23.83,91.28,12.0,0.0,7.8,8.1,13.6,36.6,23.9,10.7
2025-04-14,Tripura,West Tripura,Agartala,23.83,91.28,12.0,0.0,4.7,8.1,13.6,37.2,24.5,10.1
2025-04-15,Tripura,West Tripura,Agartala,23.83,91.28,12.0,1.2,1.2,9.1,14.8,36.7,24.9,12.7
2025-04-16,Tripura,West Tripura,Agartala,23.83,91.28,12.0,15.1,16.3,24.2,29.9,31.6,23.4,12.3
2025-04-17,Tripura,West Tripura,Agartala,23.83,91.28,12.0,19.2,35.5,43.3,49.0,33.4,21.1,10.2
2025-04-18,Tripura,West Tripura,Agartala,23.83,91.28,12.0,3.3,37.6,43.5,52.3,29.6,22.1,11.1
2025-04-19,Tripura,West Tripura,Agartala,23.83,91.28,12.0,23.7,46.2,62.5,71.0,31.0,21.7,13.7
2025-04-20,Tripura,West Tripura,Agartala,23.83,91.28,12.0,5.0,32.0,67.5,75.6,30.1,23.1,13.5
2025-04-21,Tripura,West Tripura,Agartala,23.83,91.28,12.0,26.5,55.2,94.0,102.1,31.1,22.6,14.4
2025-04-22,Tripura,West Tripura,Agartala,23.83,91.28,12.0,5.6,37.1,98.4,107.5,32.9,25.1,21.4
2025-04-23,Tripura,West Tripura,Agartala,23.83,91.28,12.0,0.5,32.6,83.8,108.0,33.7,26.3,26.7
2025-04-24,Tripura,West Tripura,Agartala,23.83,91.28,12.0,0.3,6.4,64.9,108.2,34.1,26.8,23.9
2025-04-25,Tripura,West Tripura,Agartala,23.83,91.28,12.0,0.5,1.3,62.1,105.6,34.6,27.0,21.2
2025-04-26,Tripura,West Tripura,Agartala,23.83,91.28,12.0,0.2,1.0,38.6,101.1,34.9,26.8,20.3
2025-04-27,Tripura,West Tripura,Agartala,23.83,91.28,12.0,0.0,0.7,33.6,101.1,34.2,26.6,14.8
2025-04-28,Tripura,West Tripura,Agartala,23.83,91.28,12.0,18.0,18.2,25.1,119.1,28.8,22.4,18.0
2025-04-29,Tripura,West Tripura,Agartala,23.83,91.28,12.0,1.1,19.1,20.6,119.0,31.2,21.5,13.0
2025-04-30,Tripura,West Tripura,Agartala,23.83,91.28,12.0,1.0,20.1,21.1,104.9,32.2,21.9,14.4
2025-05-01,Tripura,West Tripura,Agartala,23.83,91.28,12.0,0.6,2.7,21.4,86.3,32.4,22.2,9.8
2025-05-02,Tripura,West Tripura,Agartala,23.83,91.28,12.0,3.0,4.6,23.9,86.0,33.5,21.6,17.1
2025-05-03,Tripura,West Tripura,Agartala,23.83,91.28,12.0,0.6,4.2,24.3,62.9,31.9,21.3,10.9
2025-05-04,Tripura,West Tripura,Agartala,23.83,91.28,12.0,0.2,3.8,24.5,58.1,33.3,23.2,10.7
2025-05-05,Tripura,West Tripura,Agartala,23.83,91.28,12.0,0.0,0.8,6.5,31.6,34.2,23.8,10.0
2025-05-06,Tripura,West Tripura,Agartala,23.83,91.28,12.0,1.6,1.8,7.0,27.6,35.2,24.3,11.4
2025-05-07,Tripura,West Tripura,Agartala,23.83,91.28,12.0,0.1,1.7,6.1,27.2,33.9,23.5,9.8
2025-05-08,Tripura,West Tripura,Agartala,23.83,91.28,12.0,0.0,1.7,5.5,26.9,36.3,25.4,13.0
2025-05-09,Tripura,West Tripura,Agartala,23.83,91.28,12.0,0.0,0.1,2.5,26.4,37.7,25.9,11.2
2025-05-10,Tripura,West Tripura,Agartala,23.83,91.28,12.0,0.4,0.4,2.3,26.6,38.2,26.5,15.2
2025-05-11,Tripura,West Tripura,Agartala,23.83,91.28,12.0,0.2,0.6,2.3,26.8,37.0,26.8,9.2
2025-05-12,Tripura,West Tripura,Agartala,23.83,91.28,12.0,0.0,0.6,2.3,8.8,34.8,25.7,10.6
2025-05-13,Tripura,West Tripura,Agartala,23.83,91.28,12.0,6.0,6.2,6.7,13.7,32.4,25.6,18.4
2025-05-14,Tripura,West Tripura,Agartala,23.83,91.28,12.0,0.1,6.1,6.7,12.8,35.3,26.6,13.5
2025-05-15,Tripura,West Tripura,Agartala,23.83,91.28,12.0,0.2,6.3,6.9,12.4,34.8,26.1,12.0
2025-05-16,Tripura,West Tripura,Agartala,23.83,91.28,12.0,23.8,24.1,30.7,33.2,31.7,23.9,17.7
2025-05-17,Tripura,West Tripura,Agartala,23.83,91.28,12.0,1.8,25.8,32.1,34.4,34.4,24.7,20.0
2025-05-18,Tripura,West Tripura,Agartala,23.83,91.28,12.0,3.4,29.0,35.3,37.6,32.2,24.6,21.2
2025-05-19,Tripura,West Tripura,Agartala,23.83,91.28,12.0,4.2,9.4,39.5,41.8,31.9,24.9,15.6
2025-05-20,Tripura,West Tripura,Agartala,23.83,91.28,12.0,18.5,26.1,52.0,58.7,31.7,25.0,15.3
2025-05-21,Tripura,West Tripura,Agartala,23.83,91.28,12.0,6.3,29.0,58.2,64.9,30.5,24.7,17.0
2025-05-22,Tripura,West Tripura,Agartala,23.83,91.28,12.0,4.3,29.1,62.3,69.2,30.8,24.8,12.7
2025-05-23,Tripura,West Tripura,Agartala,23.83,91.28,12.0,0.9,11.5,39.4,70.1,32.1,24.5,11.1
2025-05-24,Tripura,West Tripura,Agartala,23.83,91.28,12.0,5.3,10.5,42.9,75.0,31.9,24.8,11.8
2025-05-25,Tripura,West Tripura,Agartala,23.83,91.28,12.0,0.9,7.1,40.4,75.7,33.1,25.3,14.2
2025-05-26,Tripura,West Tripura,Agartala,23.83,91.28,12.0,10.9,17.1,47.1,86.6,33.3,25.2,14.1
2025-05-27,Tripura,West Tripura,Agartala,23.83,91.28,12.0,7.6,19.4,36.2,88.2,34.2,25.1,15.9
2025-05-28,Tripura,West Tripura,Agartala,23.83,91.28,12.0,9.9,28.4,39.8,98.0,30.5,25.9,14.8
2025-05-29,Tripura,West Tripura,Agartala,23.83,91.28,12.0,88.9,106.4,124.4,186.7,26.7,25.5,30.7
2025-05-30,Tripura,West Tripura,Agartala,23.83,91.28,12.0,54.6,153.4,178.1,217.5,28.8,25.5,33.3
2025-05-31,Tripura,West Tripura,Agartala,23.83,91.28,12.0,36.7,180.2,209.5,252.4,30.3,24.5,22.7
2025-06-01,Tripura,West Tripura,Agartala,23.83,91.28,12.0,14.4,105.7,223.0,263.4,31.7,25.0,19.1
2025-06-02,Tripura,West Tripura,Agartala,23.83,91.28,12.0,3.7,54.8,215.8,262.9,30.8,24.8,18.8
2025-06-03,Tripura,West Tripura,Agartala,23.83,91.28,12.0,2.2,20.3,210.4,246.6,32.0,24.1,16.9
2025-06-04,Tripura,West Tripura,Agartala,23.83,91.28,12.0,2.5,8.4,203.0,242.8,30.6,25.4,19.2
2025-06-05,Tripura,West Tripura,Agartala,23.83,91.28,12.0,26.1,30.8,140.2,264.6,30.5,24.3,12.5
2025-06-06,Tripura,West Tripura,Agartala,23.83,91.28,12.0,5.7,34.3,91.3,269.4,32.0,24.7,10.7
2025-06-07,Tripura,West Tripura,Agartala,23.83,91.28,12.0,0.3,32.1,54.9,264.4,32.8,25.0,9.4
2025-06-08,Tripura,West Tripura,Agartala,23.83,91.28,12.0,3.9,9.9,44.4,267.4,33.7,25.5,8.6
2025-06-09,Tripura,West Tripura,Agartala,23.83,91.28,12.0,0.5,4.7,41.2,257.0,33.7,25.7,10.0
2025-06-10,Tripura,West Tripura,Agartala,23.83,91.28,12.0,14.4,18.8,53.4,263.8,34.3,25.9,12.6
2025-06-11,Tripura,West Tripura,Agartala,23.83,91.28,12.0,7.9,22.8,58.8,261.8,34.2,25.9,14.7
2025-06-12,Tripura,West Tripura,Agartala,23.83,91.28,12.0,0.7,23.0,33.4,173.6,34.2,25.3,14.1
2025-06-13,Tripura,West Tripura,Agartala,23.83,91.28,12.0,1.4,10.0,29.1,120.4,33.7,26.3,15.5
2025-06-14,Tripura,West Tripura,Agartala,23.83,91.28,12.0,1.4,3.5,30.2,85.1,33.1,26.4,11.9
2025-06-15,Tripura,West Tripura,Agartala,23.83,91.28,12.0,11.7,14.5,38.0,82.4,30.8,26.1,12.5
2025-06-16,Tripura,West Tripura,Agartala,23.83,91.28,12.0,18.1,31.2,55.6,96.8,30.7,25.6,21.5
2025-06-17,Tripura,West Tripura,Agartala,23.83,91.28,12.0,4.8,34.6,46.0,99.4,29.8,25.7,27.1
2025-06-18,Tripura,West Tripura,Agartala,23.83,91.28,12.0,21.2,44.1,59.3,118.1,27.9,24.8,22.0
2025-06-19,Tripura,West Tripura,Agartala,23.83,91.28,12.0,3.2,29.2,61.8,95.2,31.0,25.0,26.1
2025-06-20,Tripura,West Tripura,Agartala,23.83,91.28,12.0,10.9,35.3,71.3,100.4,30.9,24.5,23.0
2025-06-21,Tripura,West Tripura,Agartala,23.83,91.28,12.0,15.1,29.2,85.0,115.2,31.4,25.0,16.5
2025-06-22,Tripura,West Tripura,Agartala,23.83,91.28,12.0,0.6,26.6,73.9,111.9,32.1,26.2,14.8
2025-06-23,Tripura,West Tripura,Agartala,23.83,91.28,12.0,5.3,21.0,61.1,116.7,30.8,25.6,15.6
2025-06-24,Tripura,West Tripura,Agartala,23.83,91.28,12.0,2.7,8.6,59.0,105.0,32.3,26.2,16.6
2025-06-25,Tripura,West Tripura,Agartala,23.83,91.28,12.0,5.4,13.4,43.2,102.5,32.2,26.3,19.5
2025-06-26,Tripura,West Tripura,Agartala,23.83,91.28,12.0,10.6,18.7,50.6,112.4,31.0,25.8,20.1
2025-06-27,Tripura,West Tripura,Agartala,23.83,91.28,12.0,2.8,18.8,42.5,113.8,31.3,25.1,18.4
2025-06-28,Tripura,West Tripura,Agartala,23.83,91.28,12.0,1.4,14.8,28.8,113.8,32.0,25.3,22.2
2025-06-29,Tripura,West Tripura,Agartala,23.83,91.28,12.0,2.0,6.2,30.2,104.1,32.7,25.6,22.9
2025-06-30,Tripura,West Tripura,Agartala,23.83,91.28,12.0,1.3,4.7,26.2,87.3,32.5,26.5,19.5
2025-07-01,Tripura,West Tripura,Agartala,23.83,91.28,12.0,7.5,10.8,31.0,90.0,32.2,25.9,18.4
2025-07-02,Tripura,West Tripura,Agartala,23.83,91.28,12.0,4.2,13.0,29.8,73.0,31.0,25.6,23.5
2025-07-03,Tripura,West Tripura,Agartala,23.83,91.28,12.0,1.5,13.2,20.7,71.3,32.1,26.0,22.7
2025-07-04,Tripura,West Tripura,Agartala,23.83,91.28,12.0,5.1,10.8,23.0,65.5,30.4,25.3,25.5
2025-07-05,Tripura,West Tripura,Agartala,23.83,91.28,12.0,3.4,10.0,25.0,53.8,30.7,25.4,22.0
2025-07-06,Tripura,West Tripura,Agartala,23.83,91.28,12.0,5.5,14.0,28.5,58.7,30.5,25.1,23.4
2025-07-07,Tripura,West Tripura,Agartala,23.83,91.28,12.0,13.2,22.1,40.4,66.6,29.4,24.8,22.9
2025-07-08,Tripura,West Tripura,Agartala,23.83,91.28,12.0,41.4,60.1,74.3,105.3,27.1,24.0,22.4
2025-07-09,Tripura,West Tripura,Agartala,23.83,91.28,12.0,24.4,79.0,94.5,124.3,27.2,24.4,25.1
2025-07-10,Tripura,West Tripura,Agartala,23.83,91.28,12.0,13.1,78.9,106.1,126.8,29.5,24.4,18.9
2025-07-11,Tripura,West Tripura,Agartala,23.83,91.28,12.0,2.0,39.5,103.0,126.0,32.0,24.7,14.8
2025-07-12,Tripura,West Tripura,Agartala,23.83,91.28,12.0,11.5,26.6,111.1,136.1,34.0,25.6,9.7
2025-07-13,Tripura,West Tripura,Agartala,23.83,91.28,12.0,14.5,28.0,120.1,148.6,33.5,25.9,14.1
2025-07-14,Tripura,West Tripura,Agartala,23.83,91.28,12.0,10.2,36.2,117.1,157.5,29.4,25.3,23.7
2025-07-15,Tripura,West Tripura,Agartala,23.83,91.28,12.0,6.9,31.6,82.6,156.9,31.1,25.0,17.4
2025-07-16,Tripura,West Tripura,Agartala,23.83,91.28,12.0,10.8,27.9,69.0,163.5,32.1,25.6,13.3
2025-07-17,Tripura,West Tripura,Agartala,23.83,91.28,12.0,16.2,33.9,72.1,178.2,31.7,25.2,8.1
2025-07-18,Tripura,West Tripura,Agartala,23.83,91.28,12.0,2.4,29.4,72.5,175.5,32.5,25.3,11.1
2025-07-19,Tripura,West Tripura,Agartala,23.83,91.28,12.0,7.5,26.1,68.5,179.6,32.8,25.7,10.5
2025-07-20,Tripura,West Tripura,Agartala,23.83,91.28,12.0,7.3,17.2,61.3,181.4,30.8,26.1,8.6
2025-07-21,Tripura,West Tripura,Agartala,23.83,91.28,12.0,4.8,19.6,55.9,173.0,33.0,25.8,10.1
2025-07-22,Tripura,West Tripura,Agartala,23.83,91.28,12.0,6.8,18.9,55.8,138.4,33.1,25.6,11.0
2025-07-23,Tripura,West Tripura,Agartala,23.83,91.28,12.0,13.9,25.5,58.9,127.9,34.4,25.8,13.3
2025-07-24,Tripura,West Tripura,Agartala,23.83,91.28,12.0,15.3,36.0,58.0,130.1,33.3,25.5,15.8
2025-07-25,Tripura,West Tripura,Agartala,23.83,91.28,12.0,1.6,30.8,57.2,129.7,32.2,26.6,27.0
2025-07-26,Tripura,West Tripura,Agartala,23.83,91.28,12.0,3.0,19.9,52.7,121.2,30.5,26.1,20.0
2025-07-27,Tripura,West Tripura,Agartala,23.83,91.28,12.0,16.2,20.8,61.6,122.9,30.6,25.6,15.4
2025-07-28,Tripura,West Tripura,Agartala,23.83,91.28,12.0,17.1,36.3,73.9,129.8,28.9,24.7,17.2
2025-07-29,Tripura,West Tripura,Agartala,23.83,91.28,12.0,10.3,43.6,77.4,133.2,30.5,25.5,21.3
2025-07-30,Tripura,West Tripura,Agartala,23.83,91.28,12.0,8.0,35.4,71.5,130.4,30.6,25.2,19.0
2025-07-31,Tripura,West Tripura,Agartala,23.83,91.28,12.0,4.5,22.8,60.7,118.7,28.9,25.2,22.0
2025-08-01,Tripura,West Tripura,Agartala,23.83,91.28,12.0,7.6,20.1,66.7,123.9,31.8,25.1,19.2
2025-08-02,Tripura,West Tripura,Agartala,23.83,91.28,12.0,9.1,21.2,72.8,125.5,31.9,25.3,19.5
2025-08-03,Tripura,West Tripura,Agartala,23.83,91.28,12.0,1.9,18.6,58.5,120.1,31.8,25.9,19.8
2025-08-04,Tripura,West Tripura,Agartala,23.83,91.28,12.0,38.1,49.1,79.5,153.4,30.2,24.9,14.7
2025-08-05,Tripura,West Tripura,Agartala,23.83,91.28,12.0,12.9,52.9,82.1,159.5,30.9,24.1,14.4
2025-08-06,Tripura,West Tripura,Agartala,23.83,91.28,12.0,16.5,67.5,90.6,162.1,31.2,24.2,12.2
2025-08-07,Tripura,West Tripura,Agartala,23.83,91.28,12.0,5.5,34.9,91.6,152.3,31.5,24.6,15.8
2025-08-08,Tripura,West Tripura,Agartala,23.83,91.28,12.0,6.3,28.3,90.3,157.0,29.1,24.8,24.3
2025-08-09,Tripura,West Tripura,Agartala,23.83,91.28,12.0,1.6,13.4,82.8,155.6,30.6,24.1,15.9
2025-08-10,Tripura,West Tripura,Agartala,23.83,91.28,12.0,0.4,8.3,81.3,139.8,32.6,25.3,14.6
2025-08-11,Tripura,West Tripura,Agartala,23.83,91.28,12.0,1.0,3.0,44.2,123.7,33.1,25.8,12.0
2025-08-12,Tripura,West Tripura,Agartala,23.83,91.28,12.0,0.8,2.2,32.1,114.2,32.8,26.2,11.1
2025-08-13,Tripura,West Tripura,Agartala,23.83,91.28,12.0,21.8,23.6,37.4,128.0,31.0,25.5,10.2
2025-08-14,Tripura,West Tripura,Agartala,23.83,91.28,12.0,14.8,37.4,46.7,138.3,30.9,24.0,12.9
2025-08-15,Tripura,West Tripura,Agartala,23.83,91.28,12.0,11.2,47.8,51.6,141.9,32.4,25.0,12.5
2025-08-16,Tripura,West Tripura,Agartala,23.83,91.28,12.0,21.6,47.6,71.6,154.4,32.7,25.2,10.2
2025-08-17,Tripura,West Tripura,Agartala,23.83,91.28,12.0,22.3,55.1,93.5,174.8,32.8,25.3,11.4
2025-08-18,Tripura,West Tripura,Agartala,23.83,91.28,12.0,9.4,53.3,101.9,146.1,32.5,25.9,17.6
2025-08-19,Tripura,West Tripura,Agartala,23.83,91.28,12.0,4.2,35.9,105.3,137.4,31.3,25.6,19.2
2025-08-20,Tripura,West Tripura,Agartala,23.83,91.28,12.0,4.2,17.8,87.7,125.1,30.0,25.3,23.0
2025-08-21,Tripura,West Tripura,Agartala,23.83,91.28,12.0,12.8,21.2,85.7,132.4,29.7,24.9,24.1
2025-08-22,Tripura,West Tripura,Agartala,23.83,91.28,12.0,4.4,21.4,78.9,130.5,29.6,24.2,24.1
2025-08-23,Tripura,West Tripura,Agartala,23.83,91.28,12.0,5.7,22.9,63.0,134.6,29.5,24.9,25.5
2025-08-24,Tripura,West Tripura,Agartala,23.83,91.28,12.0,5.3,15.4,46.0,139.5,30.8,24.2,18.2
2025-08-25,Tripura,West Tripura,Agartala,23.83,91.28,12.0,0.4,11.4,37.0,138.9,33.0,24.4,8.5
2025-08-26,Tripura,West Tripura,Agartala,23.83,91.28,12.0,0.5,6.2,33.3,138.6,33.2,25.3,10.6
2025-08-27,Tripura,West Tripura,Agartala,23.83,91.28,12.0,0.8,1.7,29.9,117.6,33.0,25.4,17.9
2025-08-28,Tripura,West Tripura,Agartala,23.83,91.28,12.0,1.8,3.1,18.9,104.6,30.7,24.9,16.5
2025-08-29,Tripura,West Tripura,Agartala,23.83,91.28,12.0,12.1,14.7,26.6,105.5,30.6,25.1,13.3
2025-08-30,Tripura,West Tripura,Agartala,23.83,91.28,12.0,10.9,24.8,31.8,94.8,31.4,24.9,14.1
2025-08-31,Tripura,West Tripura,Agartala,23.83,91.28,12.0,1.1,24.1,27.6,73.6,31.4,25.3,7.5
2025-09-01,Tripura,West Tripura,Agartala,23.83,91.28,12.0,6.0,18.0,33.2,70.2,35.3,25.8,22.7
2025-09-02,Tripura,West Tripura,Agartala,23.83,91.28,12.0,1.8,8.9,34.5,67.8,32.8,25.6,17.9
2025-09-03,Tripura,West Tripura,Agartala,23.83,91.28,12.0,2.9,10.7,36.6,66.5,33.1,26.1,13.7
2025-09-04,Tripura,West Tripura,Agartala,23.83,91.28,12.0,12.4,17.1,47.2,66.1,32.2,25.3,15.1
2025-09-05,Tripura,West Tripura,Agartala,23.83,91.28,12.0,5.5,20.8,40.6,67.2,32.7,25.5,9.4
2025-09-06,Tripura,West Tripura,Agartala,23.83,91.28,12.0,7.4,25.3,37.1,68.9,33.9,25.8,15.1
2025-09-07,Tripura,West Tripura,Agartala,23.83,91.28,12.0,4.6,17.5,40.6,68.2,32.5,24.9,12.1
2025-09-08,Tripura,West Tripura,Agartala,23.83,91.28,12.0,3.4,15.4,38.0,71.2,33.4,25.4,7.8
2025-09-09,Tripura,West Tripura,Agartala,23.83,91.28,12.0,1.9,9.9,38.1,72.6,32.7,25.6,10.7
2025-09-10,Tripura,West Tripura,Agartala,23.83,91.28,12.0,2.4,7.7,37.6,74.2,32.2,25.7,10.9
2025-09-11,Tripura,West Tripura,Agartala,23.83,91.28,12.0,11.3,15.6,36.5,83.7,32.9,24.9,14.8
2025-09-12,Tripura,West Tripura,Agartala,23.83,91.28,12.0,7.0,20.7,38.0,78.6,31.1,25.3,11.3
2025-09-13,Tripura,West Tripura,Agartala,23.83,91.28,12.0,19.1,37.4,49.7,86.8,31.6,24.9,12.1
2025-09-14,Tripura,West Tripura,Agartala,23.83,91.28,12.0,21.3,47.4,66.4,107.0,28.0,24.3,11.5
2025-09-15,Tripura,West Tripura,Agartala,23.83,91.28,12.0,7.5,47.9,70.5,108.5,28.7,23.8,14.3
2025-09-16,Tripura,West Tripura,Agartala,23.83,91.28,12.0,2.3,31.1,70.9,109.0,29.2,24.2,17.3
2025-09-17,Tripura,West Tripura,Agartala,23.83,91.28,12.0,1.0,10.8,69.5,107.1,31.9,24.2,12.3
2025-09-18,Tripura,West Tripura,Agartala,23.83,91.28,12.0,6.8,10.1,65.0,101.5,31.6,25.0,11.4
2025-09-19,Tripura,West Tripura,Agartala,23.83,91.28,12.0,3.2,11.0,61.2,99.2,32.5,25.6,11.0
2025-09-20,Tripura,West Tripura,Agartala,23.83,91.28,12.0,6.9,16.9,49.0,98.7,32.5,24.9,5.9
2025-09-21,Tripura,West Tripura,Agartala,23.83,91.28,12.0,33.5,43.6,61.2,127.6,33.6,25.0,11.6
2025-09-22,Tripura,West Tripura,Agartala,23.83,91.28,12.0,28.5,68.9,82.2,152.7,30.7,24.8,14.2
2025-09-23,Tripura,West Tripura,Agartala,23.83,91.28,12.0,0.2,62.2,80.1,151.0,32.8,24.9,10.6
2025-09-24,Tripura,West Tripura,Agartala,23.83,91.28,12.0,6.6,35.3,85.7,155.2,32.5,25.2,10.9
2025-09-25,Tripura,West Tripura,Agartala,23.83,91.28,12.0,10.7,17.5,89.6,154.6,33.1,24.5,10.0
2025-09-26,Tripura,West Tripura,Agartala,23.83,91.28,12.0,2.0,19.3,88.4,149.6,33.1,25.7,12.7
2025-09-27,Tripura,West Tripura,Agartala,23.83,91.28,12.0,8.6,21.3,90.1,139.1,31.8,25.6,13.2
2025-09-28,Tripura,West Tripura,Agartala,23.83,91.28,12.0,5.0,15.6,61.6,122.8,31.8,24.7,10.5
2025-09-29,Tripura,West Tripura,Agartala,23.83,91.28,12.0,0.4,14.0,33.5,115.7,32.5,25.6,6.7
2025-09-30,Tripura,West Tripura,Agartala,23.83,91.28,12.0,10.1,15.5,43.4,123.5,34.4,25.5,14.2
2025-10-01,Tripura,West Tripura,Agartala,23.83,91.28,12.0,35.8,46.3,72.6,158.3,29.2,24.3,15.3
2025-10-02,Tripura,West Tripura,Agartala,23.83,91.28,12.0,35.9,81.8,97.8,187.4,28.0,24.5,15.5
2025-10-03,Tripura,West Tripura,Agartala,23.83,91.28,12.0,3.2,74.9,99.0,187.4,30.7,24.7,13.3
2025-10-04,Tripura,West Tripura,Agartala,23.83,91.28,12.0,2.0,41.1,92.4,182.5,31.8,24.6,14.8
2025-10-05,Tripura,West Tripura,Agartala,23.83,91.28,12.0,4.9,10.1,92.3,153.9,31.0,24.5,16.8
2025-10-06,Tripura,West Tripura,Agartala,23.83,91.28,12.0,6.2,13.1,98.1,131.6,30.9,23.9,11.4
2025-10-07,Tripura,West Tripura,Agartala,23.83,91.28,12.0,11.0,22.1,99.0,142.4,31.0,23.9,9.0
2025-10-08,Tripura,West Tripura,Agartala,23.83,91.28,12.0,9.2,26.4,72.4,145.0,30.4,24.0,11.9
2025-10-09,Tripura,West Tripura,Agartala,23.83,91.28,12.0,5.1,25.3,41.6,139.4,30.2,24.2,6.8
2025-10-10,Tripura,West Tripura,Agartala,23.83,91.28,12.0,22.9,37.2,61.3,160.3,30.8,24.4,10.6
2025-10-11,Tripura,West Tripura,Agartala,23.83,91.28,12.0,19.3,47.3,78.6,171.0,30.0,23.9,7.5
2025-10-12,Tripura,West Tripura,Agartala,23.83,91.28,12.0,0.9,43.1,74.6,166.9,30.4,22.7,9.0
2025-10-13,Tripura,West Tripura,Agartala,23.83,91.28,12.0,0.1,20.3,68.5,166.6,31.2,22.1,7.3
2025-10-14,Tripura,West Tripura,Agartala,23.83,91.28,12.0,0.0,1.0,57.5,156.5,32.0,23.4,6.5
2025-10-15,Tripura,West Tripura,Agartala,23.83,91.28,12.0,0.8,0.9,49.1,121.5,32.1,23.9,9.7
2025-10-16,Tripura,West Tripura,Agartala,23.83,91.28,12.0,0.4,1.2,44.4,86.0,31.8,24.4,11.1
2025-10-17,Tripura,West Tripura,Agartala,23.83,91.28,12.0,4.1,5.3,25.6,86.9,32.4,23.0,9.6
2025-10-18,Tripura,West Tripura,Agartala,23.83,91.28,12.0,0.1,4.6,6.4,85.0,32.8,24.3,11.4
2025-10-19,Tripura,West Tripura,Agartala,23.83,91.28,12.0,0.7,4.9,6.2,80.8,32.9,23.9,10.9
2025-10-20,Tripura,West Tripura,Agartala,23.83,91.28,12.0,0.0,0.8,6.1,74.6,33.3,24.7,10.0
2025-10-21,Tripura,West Tripura,Agartala,23.83,91.28,12.0,0.0,0.7,6.1,63.6,33.4,24.1,8.1
2025-10-22,Tripura,West Tripura,Agartala,23.83,91.28,12.0,0.0,0.0,5.3,54.4,33.7,25.3,6.7
2025-10-23,Tripura,West Tripura,Agartala,23.83,91.28,12.0,1.6,1.6,6.5,50.9,33.8,24.3,8.6
2025-10-24,Tripura,West Tripura,Agartala,23.83,91.28,12.0,0.3,1.9,2.7,28.3,33.1,23.9,12.5
2025-10-25,Tripura,West Tripura,Agartala,23.83,91.28,12.0,0.0,1.9,2.6,9.0,33.2,23.9,7.3
2025-10-26,Tripura,West Tripura,Agartala,23.83,91.28,12.0,0.0,0.3,1.9,8.1,33.4,24.3,9.0
2025-10-27,Tripura,West Tripura,Agartala,23.83,91.28,12.0,0.0,0.0,1.9,8.0,34.2,24.4,8.8
2025-10-28,Tripura,West Tripura,Agartala,23.83,91.28,12.0,0.0,0.0,1.9,8.0,33.6,24.3,9.0
2025-10-29,Tripura,West Tripura,Agartala,23.83,91.28,12.0,0.6,0.6,2.5,7.8,33.2,24.7,9.9
2025-10-30,Tripura,West Tripura,Agartala,23.83,91.28,12.0,11.0,11.6,11.9,18.4,32.8,23.9,10.8
2025-10-31,Tripura,West Tripura,Agartala,23.83,91.28,12.0,0.0,11.6,11.6,14.3,33.3,25.1,6.7
2025-11-01,Tripura,West Tripura,Agartala,23.83,91.28,12.0,0.9,11.9,12.5,15.1,31.6,25.5,11.7
2025-11-02,Tripura,West Tripura,Agartala,23.83,91.28,12.0,21.0,21.9,33.5,35.4,30.1,24.1,9.0
2025-11-03,Tripura,West Tripura,Agartala,23.83,91.28,12.0,1.1,23.0,34.6,36.5,29.8,23.4,10.7
2025-11-04,Tripura,West Tripura,Agartala,23.83,91.28,12.0,0.4,22.5,35.0,36.9,31.0,22.4,9.9
2025-11-05,Tripura,West Tripura,Agartala,23.83,91.28,12.0,5.5,7.0,39.9,42.4,29.2,23.8,13.3
2025-11-06,Tripura,West Tripura,Agartala,23.83,91.28,12.0,2.7,8.6,31.6,43.5,30.0,23.0,8.5
2025-11-07,Tripura,West Tripura,Agartala,23.83,91.28,12.0,0.0,8.2,31.6,43.2,30.9,22.6,11.3
2025-11-08,Tripura,West Tripura,Agartala,23.83,91.28,12.0,0.0,2.7,30.7,43.2,31.5,22.3,12.8
2025-11-09,Tripura,West Tripura,Agartala,23.83,91.28,12.0,0.0,0.0,9.7,43.2,30.2,21.0,8.2
2025-11-10,Tripura,West Tripura,Agartala,23.83,91.28,12.0,0.0,0.0,8.6,43.2,29.7,20.8,9.4
2025-11-11,Tripura,West Tripura,Agartala,23.83,91.28,12.0,0.0,0.0,8.2,43.2,29.5,19.5,8.8
2025-11-12,Tripura,West Tripura,Agartala,23.83,91.28,12.0,0.0,0.0,2.7,42.6,29.0,18.8,8.8
2025-11-13,Tripura,West Tripura,Agartala,23.83,91.28,12.0,0.0,0.0,0.0,31.6,29.3,18.3,8.5
2025-11-14,Tripura,West Tripura,Agartala,23.83,91.28,12.0,0.0,0.0,0.0,31.6,29.0,17.9,6.9
2025-11-15,Tripura,West Tripura,Agartala,23.83,91.28,12.0,0.0,0.0,0.0,30.7,29.3,17.4,9.2
2025-11-16,Tripura,West Tripura,Agartala,23.83,91.28,12.0,0.0,0.0,0.0,9.7,29.4,17.7,10.1
2025-11-17,Tripura,West Tripura,Agartala,23.83,91.28,12.0,0.0,0.0,0.0,8.6,30.4,17.7,8.8
2025-11-18,Tripura,West Tripura,Agartala,23.83,91.28,12.0,0.0,0.0,0.0,8.2,30.6,17.9,8.8
2025-11-19,Tripura,West Tripura,Agartala,23.83,91.28,12.0,0.0,0.0,0.0,2.7,30.1,18.0,9.2
2025-11-20,Tripura,West Tripura,Agartala,23.83,91.28,12.0,0.0,0.0,0.0,0.0,29.5,18.3,9.0
2025-11-21,Tripura,West Tripura,Agartala,23.83,91.28,12.0,0.0,0.0,0.0,0.0,28.6,17.3,8.6
2025-11-22,Tripura,West Tripura,Agartala,23.83,91.28,12.0,0.0,0.0,0.0,0.0,28.6,16.3,9.5
2025-11-23,Tripura,West Tripura,Agartala,23.83,91.28,12.0,0.0,0.0,0.0,0.0,27.7,16.7,9.4
2025-11-24,Tripura,West Tripura,Agartala,23.83,91.28,12.0,0.0,0.0,0.0,0.0,27.8,16.4,10.0
2025-11-25,Tripura,West Tripura,Agartala,23.83,91.28,12.0,0.0,0.0,0.0,0.0,27.3,15.9,6.4
2025-11-26,Tripura,West Tripura,Agartala,23.83,91.28,12.0,0.0,0.0,0.0,0.0,28.1,16.6,7.8
2025-11-27,Tripura,West Tripura,Agartala,23.83,91.28,12.0,0.0,0.0,0.0,0.0,28.9,15.5,8.7
2025-11-28,Tripura,West Tripura,Agartala,23.83,91.28,12.0,0.0,0.0,0.0,0.0,28.8,15.7,7.2
2025-11-29,Tripura,West Tripura,Agartala,23.83,91.28,12.0,0.0,0.0,0.0,0.0,27.7,15.1,8.2
2025-11-30,Tripura,West Tripura,Agartala,23.83,91.28,12.0,0.0,0.0,0.0,0.0,27.3,15.9,7.4
2025-12-01,Tripura,West Tripura,Agartala,23.83,91.28,12.0,0.0,0.0,0.0,0.0,27.4,17.0,8.2
2025-12-02,Tripura,West Tripura,Agartala,23.83,91.28,12.0,0.0,0.0,0.0,0.0,26.4,16.7,8.4
2025-12-03,Tripura,West Tripura,Agartala,23.83,91.28,12.0,0.0,0.0,0.0,0.0,25.9,14.5,7.2
2025-12-04,Tripura,West Tripura,Agartala,23.83,91.28,12.0,0.0,0.0,0.0,0.0,26.4,14.4,7.7
2025-12-05,Tripura,West Tripura,Agartala,23.83,91.28,12.0,0.0,0.0,0.0,0.0,26.9,14.1,7.7
2025-12-06,Tripura,West Tripura,Agartala,23.83,91.28,12.0,0.0,0.0,0.0,0.0,25.9,14.5,7.1
2025-12-07,Tripura,West Tripura,Agartala,23.83,91.28,12.0,0.0,0.0,0.0,0.0,25.9,13.7,6.7
2025-12-08,Tripura,West Tripura,Agartala,23.83,91.28,12.0,0.0,0.0,0.0,0.0,26.3,14.4,7.2
2025-12-09,Tripura,West Tripura,Agartala,23.83,91.28,12.0,0.0,0.0,0.0,0.0,26.3,15.0,6.7
2025-12-10,Tripura,West Tripura,Agartala,23.83,91.28,12.0,0.0,0.0,0.0,0.0,26.8,14.5,7.1
2025-12-11,Tripura,West Tripura,Agartala,23.83,91.28,12.0,0.0,0.0,0.0,0.0,26.9,14.1,7.3
2025-12-12,Tripura,West Tripura,Agartala,23.83,91.28,12.0,0.0,0.0,0.0,0.0,27.6,14.4,7.6
2025-12-13,Tripura,West Tripura,Agartala,23.83,91.28,12.0,0.0,0.0,0.0,0.0,28.5,14.6,7.6
2025-12-14,Tripura,West Tripura,Agartala,23.83,91.28,12.0,0.0,0.0,0.0,0.0,28.5,15.6,8.1
2025-12-15,Tripura,West Tripura,Agartala,23.83,91.28,12.0,0.0,0.0,0.0,0.0,27.8,15.3,7.1
2025-12-16,Tripura,West Tripura,Agartala,23.83,91.28,12.0,0.0,0.0,0.0,0.0,26.9,15.1,8.8
2025-12-17,Tripura,West Tripura,Agartala,23.83,91.28,12.0,0.0,0.0,0.0,0.0,27.9,15.0,10.4
2025-12-18,Tripura,West Tripura,Agartala,23.83,91.28,12.0,0.0,0.0,0.0,0.0,28.6,15.4,7.1
2025-12-19,Tripura,West Tripura,Agartala,23.83,91.28,12.0,0.0,0.0,0.0,0.0,28.0,15.0,8.7
2025-12-20,Tripura,West Tripura,Agartala,23.83,91.28,12.0,0.0,0.0,0.0,0.0,27.2,17.3,9.7
2025-12-21,Tripura,West Tripura,Agartala,23.83,91.28,12.0,0.0,0.0,0.0,0.0,27.4,15.9,9.3
2025-12-22,Tripura,West Tripura,Agartala,23.83,91.28,12.0,0.0,0.0,0.0,0.0,27.6,15.4,8.5
2025-12-23,Tripura,West Tripura,Agartala,23.83,91.28,12.0,0.0,0.0,0.0,0.0,26.4,15.1,8.7
2025-12-24,Tripura,West Tripura,Agartala,23.83,91.28,12.0,0.0,0.0,0.0,0.0,25.9,14.2,10.3
2025-12-25,Tripura,West Tripura,Agartala,23.83,91.28,12.0,0.0,0.0,0.0,0.0,24.4,13.0,9.6
2025-12-26,Tripura,West Tripura,Agartala,23.83,91.28,12.0,0.0,0.0,0.0,0.0,24.6,12.3,6.8
2025-12-27,Tripura,West Tripura,Agartala,23.83,91.28,12.0,0.0,0.0,0.0,0.0,25.0,12.1,8.2
2025-12-28,Tripura,West Tripura,Agartala,23.83,91.28,12.0,0.0,0.0,0.0,0.0,25.0,13.1,8.2
2025-12-29,Tripura,West Tripura,Agartala,23.83,91.28,12.0,0.0,0.0,0.0,0.0,23.3,12.9,8.9
2025-12-30,Tripura,West Tripura,Agartala,23.83,91.28,12.0,0.0,0.0,0.0,0.0,21.3,11.5,8.8
2025-12-31,Tripura,West Tripura,Agartala,23.83,91.28,12.0,0.0,0.0,0.0,0.0,21.8,10.4,8.7
2026-01-01,Tripura,West Tripura,Agartala,23.83,91.28,12.0,0.0,0.0,0.0,0.0,23.3,10.6,6.7
2026-01-02,Tripura,West Tripura,Agartala,23.83,91.28,12.0,0.0,0.0,0.0,0.0,23.0,11.4,7.7
2026-01-03,Tripura,West Tripura,Agartala,23.83,91.28,12.0,0.0,0.0,0.0,0.0,22.7,12.6,9.6
2026-01-04,Tripura,West Tripura,Agartala,23.83,91.28,12.0,0.0,0.0,0.0,0.0,22.6,10.9,11.9
2026-01-05,Tripura,West Tripura,Agartala,23.83,91.28,12.0,0.0,0.0,0.0,0.0,21.2,11.3,9.3
2026-01-06,Tripura,West Tripura,Agartala,23.83,91.28,12.0,0.0,0.0,0.0,0.0,21.4,10.8,10.2
2026-01-07,Tripura,West Tripura,Agartala,23.83,91.28,12.0,0.0,0.0,0.0,0.0,23.3,10.0,8.2
2026-01-08,Tripura,West Tripura,Agartala,23.83,91.28,12.0,0.0,0.0,0.0,0.0,24.5,10.9,9.8
2026-01-09,Tripura,West Tripura,Agartala,23.83,91.28,12.0,0.0,0.0,0.0,0.0,27.1,13.8,10.4
2026-01-10,Tripura,West Tripura,Agartala,23.83,91.28,12.0,0.0,0.0,0.0,0.0,26.7,13.7,11.2
2026-01-11,Tripura,West Tripura,Agartala,23.83,91.28,12.0,0.0,0.0,0.0,0.0,26.4,15.1,11.4
2026-01-12,Tripura,West Tripura,Agartala,23.83,91.28,12.0,0.0,0.0,0.0,0.0,26.8,13.8,9.1
2026-01-13,Tripura,West Tripura,Agartala,23.83,91.28,12.0,0.0,0.0,0.0,0.0,27.2,14.5,11.0
2026-01-14,Tripura,West Tripura,Agartala,23.83,91.28,12.0,0.0,0.0,0.0,0.0,27.5,14.7,10.3
2026-01-15,Tripura,West Tripura,Agartala,23.83,91.28,12.0,0.0,0.0,0.0,0.0,27.0,15.1,10.3
2026-01-16,Tripura,West Tripura,Agartala,23.83,91.28,12.0,0.0,0.0,0.0,0.0,27.0,14.9,9.3
2026-01-17,Tripura,West Tripura,Agartala,23.83,91.28,12.0,0.0,0.0,0.0,0.0,27.7,14.6,9.5
2026-01-18,Tripura,West Tripura,Agartala,23.83,91.28,12.0,0.0,0.0,0.0,0.0,28.1,14.8,9.4
2026-01-19,Tripura,West Tripura,Agartala,23.83,91.28,12.0,0.0,0.0,0.0,0.0,27.8,14.3,9.8
2026-01-20,Tripura,West Tripura,Agartala,23.83,91.28,12.0,0.0,0.0,0.0,0.0,28.0,14.7,10.8
2026-01-21,Tripura,West Tripura,Agartala,23.83,91.28,12.0,0.0,0.0,0.0,0.0,27.9,14.1,12.7
2026-01-22,Tripura,West Tripura,Agartala,23.83,91.28,12.0,0.0,0.0,0.0,0.0,27.6,13.8,8.9
2026-01-23,Tripura,West Tripura,Agartala,23.83,91.28,12.0,0.0,0.0,0.0,0.0,27.6,13.2,8.8
2026-01-24,Tripura,West Tripura,Agartala,23.83,91.28,12.0,0.0,0.0,0.0,0.0,27.7,13.1,9.4
2026-01-25,Tripura,West Tripura,Agartala,23.83,91.28,12.0,0.0,0.0,0.0,0.0,27.2,13.8,10.4
2026-01-26,Tripura,West Tripura,Agartala,23.83,91.28,12.0,0.0,0.0,0.0,0.0,27.5,14.0,11.3
2026-01-27,Tripura,West Tripura,Agartala,23.83,91.28,12.0,0.0,0.0,0.0,0.0,27.7,13.5,8.0
2026-01-28,Tripura,West Tripura,Agartala,23.83,91.28,12.0,0.0,0.0,0.0,0.0,28.7,14.1,10.8
2026-01-29,Tripura,West Tripura,Agartala,23.83,91.28,12.0,0.0,0.0,0.0,0.0,28.4,14.6,10.2
2026-01-30,Tripura,West Tripura,Agartala,23.83,91.28,12.0,0.0,0.0,0.0,0.0,27.1,15.1,10.1
2026-01-31,Tripura,West Tripura,Agartala,23.83,91.28,12.0,0.0,0.0,0.0,0.0,27.1,13.8,9.2
2026-02-01,Tripura,West Tripura,Agartala,23.83,91.28,12.0,0.0,0.0,0.0,0.0,27.2,13.9,7.6
2026-02-02,Tripura,West Tripura,Agartala,23.83,91.28,12.0,0.0,0.0,0.0,0.0,28.1,14.4,6.5
2026-02-03,Tripura,West Tripura,Agartala,23.83,91.28,12.0,0.0,0.0,0.0,0.0,30.2,14.4,10.0
2026-02-04,Tripura,West Tripura,Agartala,23.83,91.28,12.0,0.0,0.0,0.0,0.0,28.2,16.9,10.4
2026-02-05,Tripura,West Tripura,Agartala,23.83,91.28,12.0,0.0,0.0,0.0,0.0,27.7,15.2,10.8
2026-02-06,Tripura,West Tripura,Agartala,23.83,91.28,12.0,0.0,0.0,0.0,0.0,26.7,13.2,9.6
2026-02-07,Tripura,West Tripura,Agartala,23.83,91.28,12.0,0.0,0.0,0.0,0.0,26.3,13.2,10.2
2026-02-08,Tripura,West Tripura,Agartala,23.83,91.28,12.0,0.0,0.0,0.0,0.0,26.6,13.6,10.7
2026-02-09,Tripura,West Tripura,Agartala,23.83,91.28,12.0,0.0,0.0,0.0,0.0,27.7,13.2,10.3
2026-02-10,Tripura,West Tripura,Agartala,23.83,91.28,12.0,0.0,0.0,0.0,0.0,27.9,14.4,9.0
2026-02-11,Tripura,West Tripura,Agartala,23.83,91.28,12.0,0.0,0.0,0.0,0.0,29.1,15.4,8.1
2026-02-12,Tripura,West Tripura,Agartala,23.83,91.28,12.0,0.0,0.0,0.0,0.0,28.5,15.6,10.9
2026-02-13,Tripura,West Tripura,Agartala,23.83,91.28,12.0,0.0,0.0,0.0,0.0,28.9,14.9,9.4
2026-02-14,Tripura,West Tripura,Agartala,23.83,91.28,12.0,0.0,0.0,0.0,0.0,28.9,15.6,11.4
2026-02-15,Tripura,West Tripura,Agartala,23.83,91.28,12.0,0.0,0.0,0.0,0.0,28.7,15.5,10.0
2026-02-16,Tripura,West Tripura,Agartala,23.83,91.28,12.0,0.0,0.0,0.0,0.0,29.2,15.5,8.8
2026-02-17,Tripura,West Tripura,Agartala,23.83,91.28,12.0,0.0,0.0,0.0,0.0,31.1,14.7,8.2
2026-02-18,Tripura,West Tripura,Agartala,23.83,91.28,12.0,0.0,0.0,0.0,0.0,33.1,16.2,10.0
2026-02-19,Tripura,West Tripura,Agartala,23.83,91.28,12.0,0.0,0.0,0.0,0.0,32.9,17.0,11.1
2026-02-20,Tripura,West Tripura,Agartala,23.83,91.28,12.0,0.0,0.0,0.0,0.0,31.7,16.6,8.3
2026-02-21,Tripura,West Tripura,Agartala,23.83,91.28,12.0,0.0,0.0,0.0,0.0,31.1,18.1,10.7
2026-02-22,Tripura,West Tripura,Agartala,23.83,91.28,12.0,0.0,0.0,0.0,0.0,31.0,18.6,12.5
2026-02-23,Tripura,West Tripura,Agartala,23.83,91.28,12.0,0.0,0.0,0.0,0.0,30.6,18.8,10.0
2026-02-24,Tripura,West Tripura,Agartala,23.83,91.28,12.0,0.0,0.0,0.0,0.0,30.1,18.1,10.2
2026-02-25,Tripura,West Tripura,Agartala,23.83,91.28,12.0,0.0,0.0,0.0,0.0,30.0,19.1,12.5
2026-02-26,Tripura,West Tripura,Agartala,23.83,91.28,12.0,0.0,0.0,0.0,0.0,29.7,18.6,11.7
2026-02-27,Tripura,West Tripura,Agartala,23.83,91.28,12.0,0.0,0.0,0.0,0.0,30.3,16.6,12.6
2026-02-28,Tripura,West Tripura,Agartala,23.83,91.28,12.0,0.0,0.0,0.0,0.0,30.0,15.9,11.2
2026-03-01,Tripura,West Tripura,Agartala,23.83,91.28,12.0,0.0,0.0,0.0,0.0,31.2,18.7,14.9
2026-03-02,Tripura,West Tripura,Agartala,23.83,91.28,12.0,0.4,0.4,0.4,0.4,30.6,21.4,15.4
2026-03-03,Tripura,West Tripura,Agartala,23.83,91.28,12.0,1.2,1.6,1.6,1.6,30.4,19.9,11.6
2026-03-04,Tripura,West Tripura,Agartala,23.83,91.28,12.0,0.0,1.6,1.6,1.6,30.8,19.0,11.4
2026-03-05,Tripura,West Tripura,Agartala,23.83,91.28,12.0,0.0,1.2,1.6,1.6,32.8,18.0,13.0
2026-03-06,Tripura,West Tripura,Agartala,23.83,91.28,12.0,0.0,0.0,1.6,1.6,33.9,19.5,13.3
2026-03-07,Tripura,West Tripura,Agartala,23.83,91.28,12.0,0.0,0.0,1.6,1.6,32.3,21.3,15.5
2026-03-08,Tripura,West Tripura,Agartala,23.83,91.28,12.0,0.4,0.4,2.0,2.0,30.0,20.8,10.5
2026-03-09,Tripura,West Tripura,Agartala,23.83,91.28,12.0,0.6,1.0,2.2,2.6,30.1,21.0,10.4
2026-03-10,Tripura,West Tripura,Agartala,23.83,91.28,12.0,0.0,1.0,1.0,2.6,31.3,21.2,9.1
2026-03-11,Tripura,West Tripura,Agartala,23.83,91.28,12.0,0.6,1.2,1.6,3.2,32.3,21.3,11.8
2026-03-12,Tripura,West Tripura,Agartala,23.83,91.28,12.0,4.4,5.0,6.0,7.6,31.8,22.1,15.0
2026-03-13,Tripura,West Tripura,Agartala,23.83,91.28,12.0,5.3,10.3,11.3,12.9,30.8,21.2,21.7
2026-03-14,Tripura,West Tripura,Agartala,23.83,91.28,12.0,12.2,21.9,23.5,25.1,29.5,21.2,22.1
2026-03-15,Tripura,West Tripura,Agartala,23.83,91.28,12.0,8.1,25.6,31.2,33.2,29.3,19.5,23.6
2026-03-16,Tripura,West Tripura,Agartala,23.83,91.28,12.0,5.7,26.0,36.3,38.5,31.6,19.4,22.5
2026-03-17,Tripura,West Tripura,Agartala,23.83,91.28,12.0,1.8,15.6,38.1,39.1,30.8,20.3,16.9
2026-03-18,Tripura,West Tripura,Agartala,23.83,91.28,12.0,11.8,19.3,49.3,50.9,28.6,18.5,18.4
2026-03-19,Tripura,West Tripura,Agartala,23.83,91.28,12.0,0.0,13.6,44.9,50.9,30.7,18.5,11.3
2026-03-20,Tripura,West Tripura,Agartala,23.83,91.28,12.0,3.7,15.5,43.3,54.6,29.4,19.5,14.7
2026-03-21,Tripura,West Tripura,Agartala,23.83,91.28,12.0,4.3,8.0,35.4,58.9,24.6,18.8,14.4
2026-03-22,Tripura,West Tripura,Agartala,23.83,91.28,12.0,0.7,8.7,28.0,59.2,25.8,18.6,11.0
2026-03-23,Tripura,West Tripura,Agartala,23.83,91.28,12.0,0.6,5.6,22.9,59.2,27.3,16.8,9.3
2026-03-24,Tripura,West Tripura,Agartala,23.83,91.28,12.0,0.0,1.3,21.1,59.2,29.1,18.3,9.6
2026-03-25,Tripura,West Tripura,Agartala,23.83,91.28,12.0,6.3,6.9,15.6,64.9,30.3,19.9,18.8
2026-03-26,Tripura,West Tripura,Agartala,23.83,91.28,12.0,0.0,6.3,15.6,60.5,31.5,20.2,6.2
2026-03-27,Tripura,West Tripura,Agartala,23.83,91.28,12.0,0.0,6.3,11.9,55.2,31.6,20.4,12.3
2026-03-28,Tripura,West Tripura,Agartala,23.83,91.28,12.0,25.0,25.0,32.6,68.0,28.4,20.6,17.9
2026-03-29,Tripura,West Tripura,Agartala,23.83,91.28,12.0,1.1,26.1,33.0,61.0,31.1,19.5,11.7
2026-03-30,Tripura,West Tripura,Agartala,23.83,91.28,12.0,8.7,34.8,41.1,64.0,31.4,21.8,19.1
2026-03-31,Tripura,West Tripura,Agartala,23.83,91.28,12.0,9.7,19.5,50.8,71.9,31.0,21.7,10.7
2026-04-01,Tripura,West Tripura,Agartala,23.83,91.28,12.0,0.2,18.6,44.7,60.3,31.2,22.0,12.8
2026-04-02,Tripura,West Tripura,Agartala,23.83,91.28,12.0,0.2,10.1,44.9,60.5,32.3,24.0,15.5
2026-04-03,Tripura,West Tripura,Agartala,23.83,91.28,12.0,0.0,0.4,44.9,56.8,33.7,25.2,14.6
2026-04-04,Tripura,West Tripura,Agartala,23.83,91.28,12.0,0.5,0.7,20.4,53.0,32.9,25.2,15.2
2026-04-05,Tripura,West Tripura,Agartala,23.83,91.28,12.0,11.8,12.3,31.1,64.1,32.5,24.5,13.9
2026-04-06,Tripura,West Tripura,Agartala,23.83,91.28,12.0,0.0,12.3,22.4,63.5,31.8,22.1,11.4
2026-04-07,Tripura,West Tripura,Agartala,23.83,91.28,12.0,2.4,14.2,15.1,65.9,30.4,22.1,18.0
2026-04-08,Tripura,West Tripura,Agartala,23.83,91.28,12.0,1.7,4.1,16.6,61.3,29.4,19.5,15.4
2026-04-09,Tripura,West Tripura,Agartala,23.83,91.28,12.0,8.4,12.5,24.8,69.7,24.4,19.8,16.9
2026-04-10,Tripura,West Tripura,Agartala,23.83,91.28,12.0,1.3,11.4,26.1,71.0,29.7,20.7,16.6
2026-04-11,Tripura,West Tripura,Agartala,23.83,91.28,12.0,0.0,9.7,25.6,46.0,32.0,19.9,16.4
2026-04-12,Tripura,West Tripura,Agartala,23.83,91.28,12.0,0.2,1.5,14.0,45.1,33.6,22.6,20.5
2026-04-13,Tripura,West Tripura,Agartala,23.83,91.28,12.0,0.4,0.6,14.4,36.8,34.6,24.2,20.8
2026-04-14,Tripura,West Tripura,Agartala,23.83,91.28,12.0,1.5,2.1,13.5,28.6,32.9,24.4,19.1
2026-04-15,Tripura,West Tripura,Agartala,23.83,91.28,12.0,0.7,2.6,12.5,29.1,34.8,23.2,16.2
2026-04-16,Tripura,West Tripura,Agartala,23.83,91.28,12.0,1.3,3.5,5.4,30.2,33.4,22.1,25.2
2026-04-17,Tripura,West Tripura,Agartala,23.83,91.28,12.0,0.1,2.1,4.2,30.3,32.6,23.1,10.0
2026-04-18,Tripura,West Tripura,Agartala,23.83,91.28,12.0,6.0,7.4,10.2,35.8,32.6,22.7,10.3
2026-04-19,Tripura,West Tripura,Agartala,23.83,91.28,12.0,8.2,14.3,18.2,32.2,33.8,22.3,14.7
2026-04-20,Tripura,West Tripura,Agartala,23.83,91.28,12.0,0.5,14.7,18.3,32.7,35.1,24.9,22.7
2026-04-21,Tripura,West Tripura,Agartala,23.83,91.28,12.0,0.7,9.4,17.5,31.0,34.7,26.5,23.4
2026-04-22,Tripura,West Tripura,Agartala,23.83,91.28,12.0,1.3,2.5,18.1,30.6,35.5,24.4,22.8
2026-04-23,Tripura,West Tripura,Agartala,23.83,91.28,12.0,0.2,2.2,17.0,22.4,35.8,24.2,12.5
2026-04-24,Tripura,West Tripura,Agartala,23.83,91.28,12.0,0.0,1.5,16.9,21.1,36.8,25.6,12.2
2026-04-25,Tripura,West Tripura,Agartala,23.83,91.28,12.0,0.6,0.8,11.5,21.7,37.5,25.2,12.4
2026-04-26,Tripura,West Tripura,Agartala,23.83,91.28,12.0,5.6,6.2,8.9,27.1,33.7,23.5,14.6
2026-04-27,Tripura,West Tripura,Agartala,23.83,91.28,12.0,9.0,15.2,17.4,35.7,28.8,21.8,24.0
2026-04-28,Tripura,West Tripura,Agartala,23.83,91.28,12.0,14.2,28.8,30.9,48.4,26.9,22.5,26.1
2026-04-29,Tripura,West Tripura,Agartala,23.83,91.28,12.0,7.3,30.5,36.9,55.0,25.3,20.7,19.2
2026-04-30,Tripura,West Tripura,Agartala,23.83,91.28,12.0,5.0,26.5,41.7,58.7,28.4,20.3,16.7
2026-05-01,Tripura,West Tripura,Agartala,23.83,91.28,12.0,22.7,35.0,64.4,81.3,27.0,22.1,18.2
2026-05-02,Tripura,West Tripura,Agartala,23.83,91.28,12.0,5.9,33.6,69.7,81.2,29.0,20.9,16.6
2026-05-03,Tripura,West Tripura,Agartala,23.83,91.28,12.0,10.4,39.0,74.5,83.4,29.3,20.4,16.7
2026-05-04,Tripura,West Tripura,Agartala,23.83,91.28,12.0,3.9,20.2,69.4,86.8,30.2,21.1,11.8
2026-05-05,Tripura,West Tripura,Agartala,23.83,91.28,12.0,0.5,14.8,55.7,86.6,31.7,22.7,13.1
2026-05-06,Tripura,West Tripura,Agartala,23.83,91.28,12.0,1.0,5.4,49.4,86.3,31.7,22.8,15.1
2026-05-07,Tripura,West Tripura,Agartala,23.83,91.28,12.0,6.9,8.4,51.3,93.0,30.4,22.5,9.0
2026-05-08,Tripura,West Tripura,Agartala,23.83,91.28,12.0,1.5,9.4,30.1,94.5,31.9,23.2,12.7
2026-05-09,Tripura,West Tripura,Agartala,23.83,91.28,12.0,0.1,8.5,24.3,94.0,32.7,23.7,8.1
2026-05-10,Tripura,West Tripura,Agartala,23.83,91.28,12.0,4.7,6.3,18.6,93.1,31.8,23.4,17.8
2026-05-11,Tripura,West Tripura,Agartala,23.83,91.28,12.0,6.0,10.8,20.7,90.1,29.9,21.9,13.1
2026-05-12,Tripura,West Tripura,Agartala,23.83,91.28,12.0,0.4,11.1,20.6,76.3,31.3,22.5,10.5
2026-05-13,Tripura,West Tripura,Agartala,23.83,91.28,12.0,2.1,8.5,21.7,71.1,32.1,24.1,9.9
2026-05-14,Tripura,West Tripura,Agartala,23.83,91.28,12.0,4.9,7.4,19.7,71.0,31.1,23.5,15.5
2026-05-15,Tripura,West Tripura,Agartala,23.83,91.28,12.0,3.7,10.7,21.9,52.0,33.3,23.4,12.9
2026-05-16,Tripura,West Tripura,Agartala,23.83,91.28,12.0,4.6,13.2,26.4,50.7,32.9,23.7,13.6
2026-05-17,Tripura,West Tripura,Agartala,23.83,91.28,12.0,0.2,8.5,21.9,40.5,32.7,25.1,16.0
2026-05-18,Tripura,West Tripura,Agartala,23.83,91.28,12.0,13.8,18.6,29.7,50.4,32.5,22.2,19.0
2026-05-19,Tripura,West Tripura,Agartala,23.83,91.28,12.0,2.3,16.3,31.6,52.2,33.4,24.9,11.8
2026-05-20,Tripura,West Tripura,Agartala,23.83,91.28,12.0,1.3,17.4,30.8,52.5,33.5,24.6,12.3
2026-05-21,Tripura,West Tripura,Agartala,23.83,91.28,12.0,0.9,4.5,26.8,46.5,32.8,26.6,14.9
2026-05-22,Tripura,West Tripura,Agartala,23.83,91.28,12.0,2.0,4.2,25.1,47.0,33.8,25.6,14.5
2026-05-23,Tripura,West Tripura,Agartala,23.83,91.28,12.0,7.3,10.2,27.8,54.2,33.0,23.9,19.7
2026-05-24,Tripura,West Tripura,Agartala,23.83,91.28,12.0,3.6,12.9,31.2,53.1,32.5,26.0,19.3
2026-05-25,Tripura,West Tripura,Agartala,23.83,91.28,12.0,19.7,30.6,37.1,66.8,31.3,23.9,26.8
2026-05-26,Tripura,West Tripura,Agartala,23.83,91.28,12.0,38.6,61.9,73.4,105.0,28.8,23.0,18.8
2026-05-27,Tripura,West Tripura,Agartala,23.83,91.28,12.0,24.7,83.0,96.8,127.6,27.4,22.4,14.3
2026-05-28,Tripura,West Tripura,Agartala,23.83,91.28,12.0,0.1,63.4,96.0,122.8,31.4,22.7,10.5
2026-05-29,Tripura,West Tripura,Agartala,23.83,91.28,12.0,4.8,29.6,98.8,123.9,33.3,24.5,15.0
2026-05-30,Tripura,West Tripura,Agartala,23.83,91.28,12.0,0.0,4.9,91.5,119.3,33.5,24.1,9.9
2026-05-31,Tripura,West Tripura,Agartala,23.83,91.28,12.0,0.3,5.1,88.2,119.4,34.1,25.6,9.7
2026-06-01,Tripura,West Tripura,Agartala,23.83,91.28,12.0,1.4,1.7,69.9,107.0,33.0,26.0,10.9
2026-06-02,Tripura,West Tripura,Agartala,23.83,91.28,12.0,0.0,1.7,31.3,104.7,33.9,26.1,9.8
2026-06-03,Tripura,West Tripura,Agartala,23.83,91.28,12.0,0.3,1.7,6.9,103.7,34.4,26.8,12.3
2026-06-04,Tripura,West Tripura,Agartala,23.83,91.28,12.0,7.4,7.7,14.2,110.2,33.9,24.8,14.1
2026-06-05,Tripura,West Tripura,Agartala,23.83,91.28,12.0,15.5,23.2,24.9,123.7,32.4,23.6,11.2
2026-06-06,Tripura,West Tripura,Agartala,23.83,91.28,12.0,0.1,23.0,25.0,116.5,34.4,25.0,7.6
2026-06-07,Tripura,West Tripura,Agartala,23.83,91.28,12.0,4.7,20.3,29.4,117.6,33.6,25.6,14.6
2026-06-08,Tripura,West Tripura,Agartala,23.83,91.28,12.0,2.1,6.9,30.1,100.0,32.0,25.8,16.2
2026-06-09,Tripura,West Tripura,Agartala,23.83,91.28,12.0,2.6,9.4,32.7,64.0,32.4,26.0,17.6
2026-06-10,Tripura,West Tripura,Agartala,23.83,91.28,12.0,11.4,16.1,43.8,50.7,31.5,24.8,18.4
2026-06-11,Tripura,West Tripura,Agartala,23.83,91.28,12.0,8.9,22.9,45.3,59.5,34.2,25.4,12.0
2026-06-12,Tripura,West Tripura,Agartala,23.83,91.28,12.0,10.1,30.4,39.9,64.8,31.9,24.8,13.7
2026-06-13,Tripura,West Tripura,Agartala,23.83,91.28,12.0,2.0,21.0,41.8,66.8,32.3,25.1,15.2
2026-06-14,Tripura,West Tripura,Agartala,23.83,91.28,12.0,6.8,18.9,43.9,73.3,32.2,25.2,16.6
2026-06-15,Tripura,West Tripura,Agartala,23.83,91.28,12.0,0.8,9.6,42.6,72.7,32.5,25.8,11.8
2026-06-16,Tripura,West Tripura,Agartala,23.83,91.28,12.0,2.2,9.8,42.2,74.9,32.2,24.9,13.5
2026-06-17,Tripura,West Tripura,Agartala,23.83,91.28,12.0,3.5,6.5,34.3,78.1,31.8,26.0,11.8
2026-06-18,Tripura,West Tripura,Agartala,23.83,91.28,12.0,1.2,6.9,26.6,71.9,32.2,25.8,14.5
2026-06-19,Tripura,West Tripura,Agartala,23.83,91.28,12.0,1.4,6.1,17.9,57.8,30.8,26.0,14.4
2026-06-20,Tripura,West Tripura,Agartala,23.83,91.28,12.0,6.4,9.0,22.3,64.1,32.5,25.1,16.1
2026-06-21,Tripura,West Tripura,Agartala,23.83,91.28,12.0,6.8,14.6,22.3,66.2,32.5,25.6,19.5
2026-06-22,Tripura,West Tripura,Agartala,23.83,91.28,12.0,3.0,16.2,24.5,67.1,31.7,24.4,16.0
2026-06-23,Tripura,West Tripura,Agartala,23.83,91.28,12.0,5.2,15.0,27.5,69.7,32.6,24.6,15.4
2026-06-24,Tripura,West Tripura,Agartala,23.83,91.28,12.0,8.0,16.2,32.0,66.3,31.6,24.9,15.1
2026-06-25,Tripura,West Tripura,Agartala,23.83,91.28,12.0,1.8,15.0,32.6,59.2,32.3,24.6,14.0
2026-06-26,Tripura,West Tripura,Agartala,23.83,91.28,12.0,3.0,12.8,34.2,52.1,33.0,25.4,12.1
2026-06-27,Tripura,West Tripura,Agartala,23.83,91.28,12.0,7.6,12.4,35.4,57.7,33.3,26.5,14.9
2026-06-28,Tripura,West Tripura,Agartala,23.83,91.28,12.0,3.5,14.1,32.1,54.4,33.6,27.1,20.1
2026-06-29,Tripura,West Tripura,Agartala,23.83,91.28,12.0,3.1,14.2,32.2,56.7,31.8,25.2,17.2
2026-06-30,Tripura,West Tripura,Agartala,23.83,91.28,12.0,4.1,10.7,31.1,58.6,32.3,26.1,12.0
2026-07-01,Tripura,West Tripura,Agartala,23.83,91.28,12.0,5.6,12.8,28.7,60.7,31.7,25.8,13.5
2026-07-02,Tripura,West Tripura,Agartala,23.83,91.28,12.0,2.5,12.2,29.4,62.0,32.8,26.2,13.1
2026-07-03,Tripura,West Tripura,Agartala,23.83,91.28,12.0,9.4,17.5,35.8,70.0,33.9,26.0,12.3
2026-07-04,Tripura,West Tripura,Agartala,23.83,91.28,12.0,8.4,20.3,36.6,72.0,34.7,26.1,18.2
2026-07-05,Tripura,West Tripura,Agartala,23.83,91.28,12.0,15.9,33.7,49.0,81.1,31.7,26.0,27.7
2026-07-06,Tripura,West Tripura,Agartala,23.83,91.28,12.0,22.6,46.9,68.5,100.7,28.9,25.2,21.4
2026-07-07,Tripura,West Tripura,Agartala,23.83,91.28,12.0,28.9,67.4,93.3,124.4,30.7,24.9,18.0
2026-07-08,Tripura,West Tripura,Agartala,23.83,91.28,12.0,48.3,99.8,136.0,164.7,28.8,25.0,15.9
2026-07-09,Tripura,West Tripura,Agartala,23.83,91.28,12.0,17.1,94.3,150.6,180.0,31.0,25.2,18.6
2026-07-10,Tripura,West Tripura,Agartala,23.83,91.28,12.0,23.7,89.1,164.9,200.7,29.6,25.1,24.6
2026-07-11,Tripura,West Tripura,Agartala,23.83,91.28,12.0,51.7,92.5,208.2,244.8,30.8,25.3,17.8
2026-07-12,Tripura,West Tripura,Agartala,23.83,91.28,12.0,63.1,138.5,255.4,304.4,30.3,25.3,15.5
2026-07-13,Tripura,West Tripura,Agartala,23.83,91.28,12.0,7.6,122.4,240.4,308.9,30.4,25.2,17.5
2026-07-14,Tripura,West Tripura,Agartala,23.83,91.28,12.0,1.1,71.8,212.6,305.9,33.9,25.8,12.0
2026-07-15,Tripura,West Tripura,Agartala,23.83,91.28,12.0,3.3,12.0,167.6,303.6,33.2,26.5,12.3
2026-07-16,Tripura,West Tripura,Agartala,23.83,91.28,12.0,1.8,6.2,152.3,302.9,32.6,26.4,22.6
2026-07-17,Tripura,West Tripura,Agartala,23.83,91.28,12.0,5.5,10.6,134.1,299.0,30.2,26.0,25.6
2026-07-18,Tripura,West Tripura,Agartala,23.83,91.28,12.0,2.6,9.9,85.0,293.2,31.6,25.5,21.0
2026-07-19,Tripura,West Tripura,Agartala,23.83,91.28,12.0,15.1,23.2,37.0,292.4,29.6,25.9,20.8
2026-07-20,Tripura,West Tripura,Agartala,23.83,91.28,12.0,29.2,46.9,58.6,299.0,28.7,25.0,14.7
2026-07-21,Tripura,West Tripura,Agartala,23.83,91.28,12.0,4.7,49.0,62.2,274.8,31.1,25.0,17.6
2026-07-22,Tripura,West Tripura,Agartala,23.83,91.28,12.0,14.9,48.8,73.8,241.4,30.0,25.1,18.6
2026-07-23,Tripura,West Tripura,Agartala,23.83,91.28,12.0,22.2,41.8,94.2,246.5,29.1,24.6,17.2
2026-07-24,Tripura,West Tripura,Agartala,23.83,91.28,12.0,4.3,41.4,93.0,227.1,30.9,24.4,16.8
2026-07-25,Tripura,West Tripura,Agartala,23.83,91.28,12.0,1.1,27.6,91.5,176.5,33.1,25.1,16.1
2026-07-26,Tripura,West Tripura,Agartala,23.83,91.28,12.0,1.6,7.0,78.0,115.0,33.7,26.0,17.0
2026-07-27,Tripura,West Tripura,Agartala,23.83,91.28,12.0,2.5,5.2,51.3,109.9,32.8,26.6,22.6
2026-07-28,Tripura,West Tripura,Agartala,23.83,91.28,12.0,8.3,12.4,54.9,117.1,32.0,26.5,19.5
2026-07-29,Tripura,West Tripura,Agartala,23.83,91.28,12.0,13.2,24.0,53.2,127.0,30.2,25.8,20.7
2026-07-30,Tripura,West Tripura,Agartala,23.83,91.28,12.0,11.4,32.9,42.4,136.6,29.6,24.7,16.8
2026-07-31,Tripura,West Tripura,Agartala,23.83,91.28,12.0,2.7,27.3,40.8,133.8,32.0,25.5,12.6
2026-08-01,Tripura,West Tripura,Agartala,23.83,91.28,12.0,3.6,17.7,43.3,134.8,31.9,26.1,14.6
2026-08-02,Tripura,West Tripura,Agartala,23.83,91.28,12.0,9.3,15.6,51.0,129.0,31.2,26.1,14.8
2026-08-03,Tripura,West Tripura,Agartala,23.83,91.28,12.0,17.2,30.1,65.7,117.0,31.3,25.6,13.5
2026-08-04,Tripura,West Tripura,Agartala,23.83,91.28,12.0,9.1,35.6,66.5,121.4,31.4,26.1,13.2
2026-08-05,Tripura,West Tripura,Agartala,23.83,91.28,12.0,36.9,63.2,90.2,143.4,27.6,25.6,10.0
2026-08-06,Tripura,West Tripura,Agartala,23.83,91.28,12.0,24.9,70.9,103.7,146.1,28.1,25.4,14.2
2026-08-07,Tripura,West Tripura,Agartala,23.83,91.28,12.0,8.0,69.8,109.0,149.8,31.2,24.8,14.9
2026-08-08,Tripura,West Tripura,Agartala,23.83,91.28,12.0,15.2,48.1,120.6,163.9,31.6,24.9,15.5
2026-08-09,Tripura,West Tripura,Agartala,23.83,91.28,12.0,12.9,36.1,124.2,175.2,30.2,24.9,12.7
2026-08-10,Tripura,West Tripura,Agartala,23.83,91.28,12.0,17.7,45.8,124.7,190.4,33.1,25.5,12.6
2026-08-11,Tripura,West Tripura,Agartala,23.83,91.28,12.0,17.6,48.2,133.2,199.7,33.4,25.3,12.7
2026-08-12,Tripura,West Tripura,Agartala,23.83,91.28,12.0,28.5,63.8,124.8,215.0,33.9,26.8,16.9
2026-08-13,Tripura,West Tripura,Agartala,23.83,91.28,12.0,6.1,52.2,106.0,209.7,31.2,25.9,22.7
2026-08-14,Tripura,West Tripura,Agartala,23.83,91.28,12.0,2.0,36.6,100.0,209.0,33.2,26.3,16.7
2026-08-15,Tripura,West Tripura,Agartala,23.83,91.28,12.0,1.2,9.3,86.0,206.6,33.2,26.1,17.9
2026-08-16,Tripura,West Tripura,Agartala,23.83,91.28,12.0,5.2,8.4,78.3,202.5,31.3,26.2,21.9
2026-08-17,Tripura,West Tripura,Agartala,23.83,91.28,12.0,17.6,24.0,78.2,202.9,28.3,25.5,23.9
2026-08-18,Tripura,West Tripura,Agartala,23.83,91.28,12.0,11.6,34.4,72.2,205.4,30.9,24.8,19.5
2026-08-19,Tripura,West Tripura,Agartala,23.83,91.28,12.0,2.7,31.9,46.4,171.2,31.9,25.8,15.5
2026-08-20,Tripura,West Tripura,Agartala,23.83,91.28,12.0,1.7,16.0,42.0,148.0,32.5,26.0,11.6
2026-08-21,Tripura,West Tripura,Agartala,23.83,91.28,12.0,6.0,10.4,46.0,146.0,33.5,26.9,9.5
2026-08-22,Tripura,West Tripura,Agartala,23.83,91.28,12.0,18.5,26.2,63.3,149.3,33.6,26.0,12.0
2026-08-23,Tripura,West Tripura,Agartala,23.83,91.28,12.0,12.9,37.4,71.0,149.3,33.2,26.1,19.9
2026-08-24,Tripura,West Tripura,Agartala,23.83,91.28,12.0,1.2,32.6,54.6,132.8,31.6,26.4,22.4
2026-08-25,Tripura,West Tripura,Agartala,23.83,91.28,12.0,3.6,17.7,46.6,118.8,31.0,26.1,16.8
2026-08-26,Tripura,West Tripura,Agartala,23.83,91.28,12.0,8.5,13.3,52.4,98.8,31.9,25.7,14.4
2026-08-27,Tripura,West Tripura,Agartala,23.83,91.28,12.0,2.8,14.9,53.5,95.5,33.7,26.5,12.6
2026-08-28,Tripura,West Tripura,Agartala,23.83,91.28,12.0,7.0,18.3,54.5,100.5,31.6,26.0,15.0
2026-08-29,Tripura,West Tripura,Agartala,23.83,91.28,12.0,12.5,22.3,48.5,111.8,34.0,26.0,10.8
2026-08-30,Tripura,West Tripura,Agartala,23.83,91.28,12.0,1.4,20.9,37.0,108.0,32.6,27.0,23.3
2026-08-31,Tripura,West Tripura,Agartala,23.83,91.28,12.0,18.3,32.2,54.1,108.7,31.5,26.0,16.9
2026-09-01,Tripura,West Tripura,Agartala,23.83,91.28,12.0,17.0,36.7,67.5,114.1,30.2,25.4,17.2
2026-09-02,Tripura,West Tripura,Agartala,23.83,91.28,12.0,12.2,47.5,71.2,123.6,30.5,24.7,13.6
2026-09-03,Tripura,West Tripura,Agartala,23.83,91.28,12.0,7.4,36.6,75.8,129.3,30.0,25.1,21.6
2026-09-04,Tripura,West Tripura,Agartala,23.83,91.28,12.0,4.5,24.1,73.3,127.8,30.5,24.5,13.1
2026-09-05,Tripura,West Tripura,Agartala,23.83,91.28,12.0,7.5,19.4,68.3,116.8,30.8,25.3,12.6
2026-09-06,Tripura,West Tripura,Agartala,23.83,91.28,12.0,40.6,52.6,107.5,144.5,30.2,25.4,12.6
2026-09-07,Tripura,West Tripura,Agartala,23.83,91.28,12.0,10.7,58.8,99.9,154.0,31.7,24.8,11.3
2026-09-08,Tripura,West Tripura,Agartala,23.83,91.28,12.0,5.6,56.9,88.5,156.0,32.2,25.2,9.4
2025-01-01,Meghalaya,East Khasi Hills,Cherrapunji,25.27,91.73,1304.0,0.0,0.0,0.0,0.0,17.6,6.7,10.5
2025-01-02,Meghalaya,East Khasi Hills,Cherrapunji,25.27,91.73,1304.0,0.0,0.0,0.0,0.0,17.6,6.9,10.7
2025-01-03,Meghalaya,East Khasi Hills,Cherrapunji,25.27,91.73,1304.0,0.0,0.0,0.0,0.0,18.2,7.9,9.8
2025-01-04,Meghalaya,East Khasi Hills,Cherrapunji,25.27,91.73,1304.0,0.0,0.0,0.0,0.0,18.4,7.2,10.0
2025-01-05,Meghalaya,East Khasi Hills,Cherrapunji,25.27,91.73,1304.0,0.0,0.0,0.0,0.0,18.7,7.0,11.2
2025-01-06,Meghalaya,East Khasi Hills,Cherrapunji,25.27,91.73,1304.0,0.0,0.0,0.0,0.0,18.2,7.4,11.1
2025-01-07,Meghalaya,East Khasi Hills,Cherrapunji,25.27,91.73,1304.0,5.2,5.2,5.2,5.2,15.6,9.9,12.0
2025-01-08,Meghalaya,East Khasi Hills,Cherrapunji,25.27,91.73,1304.0,0.5,5.7,5.7,5.7,14.6,6.4,13.6
2025-01-09,Meghalaya,East Khasi Hills,Cherrapunji,25.27,91.73,1304.0,0.0,5.7,5.7,5.7,14.9,5.5,9.9
2025-01-10,Meghalaya,East Khasi Hills,Cherrapunji,25.27,91.73,1304.0,0.0,0.5,5.7,5.7,16.1,5.1,9.3
2025-01-11,Meghalaya,East Khasi Hills,Cherrapunji,25.27,91.73,1304.0,0.0,0.0,5.7,5.7,16.8,6.6,9.5
2025-01-12,Meghalaya,East Khasi Hills,Cherrapunji,25.27,91.73,1304.0,0.0,0.0,5.7,5.7,17.2,7.3,8.8
2025-01-13,Meghalaya,East Khasi Hills,Cherrapunji,25.27,91.73,1304.0,0.4,0.4,6.1,6.1,16.1,8.0,9.9
2025-01-14,Meghalaya,East Khasi Hills,Cherrapunji,25.27,91.73,1304.0,0.2,0.6,1.1,6.3,16.4,4.7,11.5
2025-01-15,Meghalaya,East Khasi Hills,Cherrapunji,25.27,91.73,1304.0,0.0,0.6,0.6,6.3,18.1,5.7,9.9
2025-01-16,Meghalaya,East Khasi Hills,Cherrapunji,25.27,91.73,1304.0,0.0,0.2,0.6,6.3,17.9,8.1,9.6
2025-01-17,Meghalaya,East Khasi Hills,Cherrapunji,25.27,91.73,1304.0,0.0,0.0,0.6,6.3,17.5,6.6,9.6
2025-01-18,Meghalaya,East Khasi Hills,Cherrapunji,25.27,91.73,1304.0,0.0,0.0,0.6,6.3,17.5,8.0,10.1
2025-01-19,Meghalaya,East Khasi Hills,Cherrapunji,25.27,91.73,1304.0,0.0,0.0,0.6,6.3,17.6,7.9,10.5
2025-01-20,Meghalaya,East Khasi Hills,Cherrapunji,25.27,91.73,1304.0,0.0,0.0,0.2,6.3,17.6,7.3,11.2
2025-01-21,Meghalaya,East Khasi Hills,Cherrapunji,25.27,91.73,1304.0,0.1,0.1,0.1,1.2,16.8,9.8,11.0
2025-01-22,Meghalaya,East Khasi Hills,Cherrapunji,25.27,91.73,1304.0,0.0,0.1,0.1,0.7,17.5,8.1,11.4
2025-01-23,Meghalaya,East Khasi Hills,Cherrapunji,25.27,91.73,1304.0,0.0,0.1,0.1,0.7,17.4,7.9,10.4
2025-01-24,Meghalaya,East Khasi Hills,Cherrapunji,25.27,91.73,1304.0,0.0,0.0,0.1,0.7,16.3,7.1,10.1
2025-01-25,Meghalaya,East Khasi Hills,Cherrapunji,25.27,91.73,1304.0,0.8,0.8,0.9,1.5,15.1,7.3,11.3
2025-01-26,Meghalaya,East Khasi Hills,Cherrapunji,25.27,91.73,1304.0,0.1,0.9,1.0,1.6,16.7,6.6,11.3
2025-01-27,Meghalaya,East Khasi Hills,Cherrapunji,25.27,91.73,1304.0,0.2,1.1,1.2,1.4,16.3,7.3,9.2
2025-01-28,Meghalaya,East Khasi Hills,Cherrapunji,25.27,91.73,1304.0,2.7,3.0,3.8,3.9,14.1,9.2,9.7
2025-01-29,Meghalaya,East Khasi Hills,Cherrapunji,25.27,91.73,1304.0,0.2,3.1,4.0,4.1,15.4,7.0,11.0
2025-01-30,Meghalaya,East Khasi Hills,Cherrapunji,25.27,91.73,1304.0,4.1,7.0,8.1,8.2,14.0,5.4,15.8
2025-01-31,Meghalaya,East Khasi Hills,Cherrapunji,25.27,91.73,1304.0,0.6,4.9,8.7,8.8,16.3,8.4,13.5
2025-02-01,Meghalaya,East Khasi Hills,Cherrapunji,25.27,91.73,1304.0,0.0,4.7,7.9,8.8,16.5,6.4,12.1
2025-02-02,Meghalaya,East Khasi Hills,Cherrapunji,25.27,91.73,1304.0,0.3,0.9,8.1,9.1,17.1,5.3,12.8
2025-02-03,Meghalaya,East Khasi Hills,Cherrapunji,25.27,91.73,1304.0,0.1,0.4,8.0,9.2,17.1,6.3,12.6
2025-02-04,Meghalaya,East Khasi Hills,Cherrapunji,25.27,91.73,1304.0,0.0,0.4,5.3,9.1,17.5,6.9,11.9
2025-02-05,Meghalaya,East Khasi Hills,Cherrapunji,25.27,91.73,1304.0,0.1,0.2,5.2,9.2,16.7,8.7,11.8
2025-02-06,Meghalaya,East Khasi Hills,Cherrapunji,25.27,91.73,1304.0,0.8,0.9,1.9,10.0,16.6,8.0,10.6
2025-02-07,Meghalaya,East Khasi Hills,Cherrapunji,25.27,91.73,1304.0,0.0,0.9,1.3,10.0,16.3,5.5,10.3
2025-02-08,Meghalaya,East Khasi Hills,Cherrapunji,25.27,91.73,1304.0,0.0,0.8,1.3,9.2,16.8,6.2,10.1
2025-02-09,Meghalaya,East Khasi Hills,Cherrapunji,25.27,91.73,1304.0,0.0,0.0,1.0,9.1,16.4,7.4,10.6
2025-02-10,Meghalaya,East Khasi Hills,Cherrapunji,25.27,91.73,1304.0,0.0,0.0,0.9,8.9,16.1,5.6,10.5
2025-02-11,Meghalaya,East Khasi Hills,Cherrapunji,25.27,91.73,1304.0,0.0,0.0,0.9,6.2,16.6,7.5,16.8
2025-02-12,Meghalaya,East Khasi Hills,Cherrapunji,25.27,91.73,1304.0,2.0,2.0,2.8,8.0,15.8,8.4,15.9
2025-02-13,Meghalaya,East Khasi Hills,Cherrapunji,25.27,91.73,1304.0,2.8,4.8,4.8,6.7,16.2,9.4,17.9
2025-02-14,Meghalaya,East Khasi Hills,Cherrapunji,25.27,91.73,1304.0,0.0,4.8,4.8,6.1,15.8,6.1,12.2
2025-02-15,Meghalaya,East Khasi Hills,Cherrapunji,25.27,91.73,1304.0,0.0,2.8,4.8,6.1,16.2,5.3,12.2
2025-02-16,Meghalaya,East Khasi Hills,Cherrapunji,25.27,91.73,1304.0,0.1,0.1,4.9,5.9,16.5,6.2,16.1
2025-02-17,Meghalaya,East Khasi Hills,Cherrapunji,25.27,91.73,1304.0,0.6,0.7,5.5,6.4,17.3,7.1,13.0
2025-02-18,Meghalaya,East Khasi Hills,Cherrapunji,25.27,91.73,1304.0,1.7,2.4,7.2,8.1,17.8,9.7,12.2
2025-02-19,Meghalaya,East Khasi Hills,Cherrapunji,25.27,91.73,1304.0,0.4,2.7,5.6,8.4,18.0,8.7,14.9
2025-02-20,Meghalaya,East Khasi Hills,Cherrapunji,25.27,91.73,1304.0,0.3,2.4,3.1,7.9,19.4,8.7,13.9
2025-02-21,Meghalaya,East Khasi Hills,Cherrapunji,25.27,91.73,1304.0,0.6,1.3,3.7,8.5,18.9,8.6,14.3
2025-02-22,Meghalaya,East Khasi Hills,Cherrapunji,25.27,91.73,1304.0,1.1,2.0,4.8,9.6,18.6,9.8,13.9
2025-02-23,Meghalaya,East Khasi Hills,Cherrapunji,25.27,91.73,1304.0,1.2,2.9,5.9,10.8,18.4,9.3,10.9
2025-02-24,Meghalaya,East Khasi Hills,Cherrapunji,25.27,91.73,1304.0,0.0,2.3,5.3,10.8,18.7,8.4,11.8
2025-02-25,Meghalaya,East Khasi Hills,Cherrapunji,25.27,91.73,1304.0,0.0,1.2,3.6,10.8,18.6,6.4,14.0
2025-02-26,Meghalaya,East Khasi Hills,Cherrapunji,25.27,91.73,1304.0,0.0,0.0,3.2,8.8,19.2,7.4,11.2
2025-02-27,Meghalaya,East Khasi Hills,Cherrapunji,25.27,91.73,1304.0,0.0,0.0,2.9,6.0,19.6,8.6,12.5
2025-02-28,Meghalaya,East Khasi Hills,Cherrapunji,25.27,91.73,1304.0,0.7,0.7,3.0,6.7,19.1,9.1,10.7
2025-03-01,Meghalaya,East Khasi Hills,Cherrapunji,25.27,91.73,1304.0,4.8,5.5,6.7,11.5,18.4,9.7,17.9
2025-03-02,Meghalaya,East Khasi Hills,Cherrapunji,25.27,91.73,1304.0,0.6,6.1,6.1,12.0,19.8,12.5,18.0
2025-03-03,Meghalaya,East Khasi Hills,Cherrapunji,25.27,91.73,1304.0,0.3,5.7,6.4,11.7,20.1,9.6,16.6
2025-03-04,Meghalaya,East Khasi Hills,Cherrapunji,25.27,91.73,1304.0,0.0,0.9,6.4,10.0,19.3,9.6,13.6
2025-03-05,Meghalaya,East Khasi Hills,Cherrapunji,25.27,91.73,1304.0,0.0,0.3,6.4,9.6,18.5,9.2,19.3
2025-03-06,Meghalaya,East Khasi Hills,Cherrapunji,25.27,91.73,1304.0,0.0,0.0,6.4,9.3,20.0,8.7,13.5
2025-03-07,Meghalaya,East Khasi Hills,Cherrapunji,25.27,91.73,1304.0,0.0,0.0,5.7,8.7,18.4,10.0,11.6
2025-03-08,Meghalaya,East Khasi Hills,Cherrapunji,25.27,91.73,1304.0,0.0,0.0,0.9,7.6,18.1,8.4,16.0
2025-03-09,Meghalaya,East Khasi Hills,Cherrapunji,25.27,91.73,1304.0,0.0,0.0,0.3,6.4,19.6,9.8,13.1
2025-03-10,Meghalaya,East Khasi Hills,Cherrapunji,25.27,91.73,1304.0,0.0,0.0,0.0,6.4,21.6,9.7,14.4
2025-03-11,Meghalaya,East Khasi Hills,Cherrapunji,25.27,91.73,1304.0,0.7,0.7,0.7,7.1,20.1,10.3,12.5
2025-03-12,Meghalaya,East Khasi Hills,Cherrapunji,25.27,91.73,1304.0,5.5,6.2,6.2,12.6,18.7,11.6,14.4
2025-03-13,Meghalaya,East Khasi Hills,Cherrapunji,25.27,91.73,1304.0,3.4,9.6,9.6,16.0,19.4,11.6,13.8
2025-03-14,Meghalaya,East Khasi Hills,Cherrapunji,25.27,91.73,1304.0,7.5,16.4,17.1,22.8,20.0,12.0,15.3
2025-03-15,Meghalaya,East Khasi Hills,Cherrapunji,25.27,91.73,1304.0,5.5,16.4,22.6,23.5,20.9,13.5,12.6
2025-03-16,Meghalaya,East Khasi Hills,Cherrapunji,25.27,91.73,1304.0,6.3,19.3,28.9,29.2,21.7,15.4,19.2
2025-03-17,Meghalaya,East Khasi Hills,Cherrapunji,25.27,91.73,1304.0,0.7,12.5,29.6,29.6,22.1,14.9,20.3
2025-03-18,Meghalaya,East Khasi Hills,Cherrapunji,25.27,91.73,1304.0,6.8,13.8,35.7,36.4,20.1,14.3,17.1
2025-03-19,Meghalaya,East Khasi Hills,Cherrapunji,25.27,91.73,1304.0,0.0,7.5,30.2,36.4,22.3,12.3,15.4
2025-03-20,Meghalaya,East Khasi Hills,Cherrapunji,25.27,91.73,1304.0,0.8,7.6,27.6,37.2,22.8,11.6,18.5
2025-03-21,Meghalaya,East Khasi Hills,Cherrapunji,25.27,91.73,1304.0,1.8,2.6,21.9,39.0,19.5,13.3,12.1
2025-03-22,Meghalaya,East Khasi Hills,Cherrapunji,25.27,91.73,1304.0,0.5,3.1,16.9,39.5,19.2,11.4,10.6
2025-03-23,Meghalaya,East Khasi Hills,Cherrapunji,25.27,91.73,1304.0,6.5,8.8,17.1,46.0,21.0,9.7,14.9
2025-03-24,Meghalaya,East Khasi Hills,Cherrapunji,25.27,91.73,1304.0,0.2,7.2,16.6,46.2,22.1,8.6,10.8
2025-03-25,Meghalaya,East Khasi Hills,Cherrapunji,25.27,91.73,1304.0,0.0,6.7,9.8,45.5,23.6,10.6,12.4
2025-03-26,Meghalaya,East Khasi Hills,Cherrapunji,25.27,91.73,1304.0,0.0,0.2,9.8,40.0,23.8,13.0,13.0
2025-03-27,Meghalaya,East Khasi Hills,Cherrapunji,25.27,91.73,1304.0,0.3,0.3,9.3,36.9,22.4,12.3,10.2
2025-03-28,Meghalaya,East Khasi Hills,Cherrapunji,25.27,91.73,1304.0,0.4,0.7,7.9,29.8,24.5,15.7,15.7
2025-03-29,Meghalaya,East Khasi Hills,Cherrapunji,25.27,91.73,1304.0,0.0,0.7,7.4,24.3,24.3,14.9,17.6
2025-03-30,Meghalaya,East Khasi Hills,Cherrapunji,25.27,91.73,1304.0,0.0,0.4,0.9,18.0,24.4,14.8,14.7
2025-03-31,Meghalaya,East Khasi Hills,Cherrapunji,25.27,91.73,1304.0,0.0,0.0,0.7,17.3,24.6,14.4,15.1
2025-04-01,Meghalaya,East Khasi Hills,Cherrapunji,25.27,91.73,1304.0,0.9,0.9,1.6,11.4,23.6,15.1,12.9
2025-04-02,Meghalaya,East Khasi Hills,Cherrapunji,25.27,91.73,1304.0,2.3,3.2,3.9,13.7,23.5,14.6,12.0
2025-04-03,Meghalaya,East Khasi Hills,Cherrapunji,25.27,91.73,1304.0,2.3,5.5,5.9,15.2,23.9,14.8,14.0
2025-04-04,Meghalaya,East Khasi Hills,Cherrapunji,25.27,91.73,1304.0,1.7,6.3,7.2,15.1,24.5,14.6,14.5
2025-04-05,Meghalaya,East Khasi Hills,Cherrapunji,25.27,91.73,1304.0,3.5,7.5,10.7,18.1,22.8,14.2,13.5
2025-04-06,Meghalaya,East Khasi Hills,Cherrapunji,25.27,91.73,1304.0,6.4,11.6,17.1,18.0,23.9,14.6,13.3
2025-04-07,Meghalaya,East Khasi Hills,Cherrapunji,25.27,91.73,1304.0,1.7,11.6,18.8,19.5,24.9,15.2,9.7
2025-04-08,Meghalaya,East Khasi Hills,Cherrapunji,25.27,91.73,1304.0,0.7,8.8,18.6,20.2,24.4,14.6,10.4
2025-04-09,Meghalaya,East Khasi Hills,Cherrapunji,25.27,91.73,1304.0,4.6,7.0,20.9,24.8,23.4,14.8,10.0
2025-04-10,Meghalaya,East Khasi Hills,Cherrapunji,25.27,91.73,1304.0,1.8,7.1,20.4,26.3,22.0,14.8,9.7
2025-04-11,Meghalaya,East Khasi Hills,Cherrapunji,25.27,91.73,1304.0,3.4,9.8,22.1,29.3,22.0,14.4,12.0
2025-04-12,Meghalaya,East Khasi Hills,Cherrapunji,25.27,91.73,1304.0,3.5,8.7,22.1,32.8,22.1,14.6,7.7
2025-04-13,Meghalaya,East Khasi Hills,Cherrapunji,25.27,91.73,1304.0,4.3,11.2,20.0,37.1,24.1,13.7,9.8
2025-04-14,Meghalaya,East Khasi Hills,Cherrapunji,25.27,91.73,1304.0,3.0,10.8,21.3,40.1,24.2,14.2,11.4
2025-04-15,Meghalaya,East Khasi Hills,Cherrapunji,25.27,91.73,1304.0,2.8,10.1,23.4,42.0,23.6,15.4,12.0
2025-04-16,Meghalaya,East Khasi Hills,Cherrapunji,25.27,91.73,1304.0,9.6,15.4,28.4,49.3,22.0,15.3,13.5
2025-04-17,Meghalaya,East Khasi Hills,Cherrapunji,25.27,91.73,1304.0,5.8,18.2,32.4,52.8,20.8,14.6,9.9
2025-04-18,Meghalaya,East Khasi Hills,Cherrapunji,25.27,91.73,1304.0,8.4,23.8,37.4,59.5,20.6,13.8,8.5
2025-04-19,Meghalaya,East Khasi Hills,Cherrapunji,25.27,91.73,1304.0,7.7,21.9,41.6,63.7,21.6,14.8,9.2
2025-04-20,Meghalaya,East Khasi Hills,Cherrapunji,25.27,91.73,1304.0,2.9,19.0,40.2,60.2,20.4,14.8,9.1
2025-04-21,Meghalaya,East Khasi Hills,Cherrapunji,25.27,91.73,1304.0,4.5,15.1,41.7,63.0,19.8,15.1,8.6
2025-04-22,Meghalaya,East Khasi Hills,Cherrapunji,25.27,91.73,1304.0,15.2,22.6,54.1,77.5,21.0,17.8,10.7
2025-04-23,Meghalaya,East Khasi Hills,Cherrapunji,25.27,91.73,1304.0,25.8,45.5,70.3,98.7,19.7,18.0,14.0
2025-04-24,Meghalaya,East Khasi Hills,Cherrapunji,25.27,91.73,1304.0,11.0,52.0,75.5,107.9,21.3,18.0,13.9
2025-04-25,Meghalaya,East Khasi Hills,Cherrapunji,25.27,91.73,1304.0,14.8,51.6,81.9,119.3,22.0,17.5,14.0
2025-04-26,Meghalaya,East Khasi Hills,Cherrapunji,25.27,91.73,1304.0,18.6,44.4,92.8,134.4,21.5,17.2,16.2
2025-04-27,Meghalaya,East Khasi Hills,Cherrapunji,25.27,91.73,1304.0,3.6,37.0,93.5,133.7,23.7,17.6,10.6
2025-04-28,Meghalaya,East Khasi Hills,Cherrapunji,25.27,91.73,1304.0,9.8,32.0,98.8,140.5,22.3,14.2,12.2
2025-04-29,Meghalaya,East Khasi Hills,Cherrapunji,25.27,91.73,1304.0,4.6,18.0,88.2,142.3,20.7,13.7,12.9
2025-04-30,Meghalaya,East Khasi Hills,Cherrapunji,25.27,91.73,1304.0,3.7,18.1,66.1,136.4,21.8,13.2,10.3
2025-05-01,Meghalaya,East Khasi Hills,Cherrapunji,25.27,91.73,1304.0,12.9,21.2,68.0,143.5,22.7,13.8,12.4
2025-05-02,Meghalaya,East Khasi Hills,Cherrapunji,25.27,91.73,1304.0,0.8,17.4,54.0,135.9,22.9,14.0,10.0
2025-05-03,Meghalaya,East Khasi Hills,Cherrapunji,25.27,91.73,1304.0,3.2,16.9,38.6,131.4,20.3,14.3,8.3
2025-05-04,Meghalaya,East Khasi Hills,Cherrapunji,25.27,91.73,1304.0,2.1,6.1,37.1,130.6,22.5,14.9,9.3
2025-05-05,Meghalaya,East Khasi Hills,Cherrapunji,25.27,91.73,1304.0,5.3,10.6,32.6,131.4,22.2,15.3,11.3
2025-05-06,Meghalaya,East Khasi Hills,Cherrapunji,25.27,91.73,1304.0,2.6,10.0,30.6,118.8,21.9,15.3,9.4
2025-05-07,Meghalaya,East Khasi Hills,Cherrapunji,25.27,91.73,1304.0,4.5,12.4,31.4,97.5,21.6,15.5,11.3
2025-05-08,Meghalaya,East Khasi Hills,Cherrapunji,25.27,91.73,1304.0,4.7,11.8,23.2,91.2,24.2,16.7,10.9
2025-05-09,Meghalaya,East Khasi Hills,Cherrapunji,25.27,91.73,1304.0,4.3,13.5,26.7,80.7,25.3,16.5,10.6
2025-05-10,Meghalaya,East Khasi Hills,Cherrapunji,25.27,91.73,1304.0,6.2,15.2,29.7,68.3,25.0,16.5,11.8
2025-05-11,Meghalaya,East Khasi Hills,Cherrapunji,25.27,91.73,1304.0,5.1,15.6,32.7,69.8,24.4,17.2,14.0
2025-05-12,Meghalaya,East Khasi Hills,Cherrapunji,25.27,91.73,1304.0,6.3,17.6,33.7,66.3,22.2,16.4,10.9
2025-05-13,Meghalaya,East Khasi Hills,Cherrapunji,25.27,91.73,1304.0,22.3,33.7,53.4,84.0,21.7,16.9,11.5
2025-05-14,Meghalaya,East Khasi Hills,Cherrapunji,25.27,91.73,1304.0,13.3,41.9,62.2,93.6,22.5,18.0,13.0
2025-05-15,Meghalaya,East Khasi Hills,Cherrapunji,25.27,91.73,1304.0,6.3,41.9,63.8,87.0,23.6,17.6,10.2
2025-05-16,Meghalaya,East Khasi Hills,Cherrapunji,25.27,91.73,1304.0,4.1,23.7,63.6,90.3,22.6,18.0,9.3
2025-05-17,Meghalaya,East Khasi Hills,Cherrapunji,25.27,91.73,1304.0,3.0,13.4,60.4,90.1,23.5,17.1,10.8
2025-05-18,Meghalaya,East Khasi Hills,Cherrapunji,25.27,91.73,1304.0,4.8,11.9,60.1,92.8,22.8,17.0,9.3
2025-05-19,Meghalaya,East Khasi Hills,Cherrapunji,25.27,91.73,1304.0,4.0,11.8,57.8,91.5,21.9,16.6,10.1
2025-05-20,Meghalaya,East Khasi Hills,Cherrapunji,25.27,91.73,1304.0,35.8,44.6,71.3,124.7,19.7,16.8,9.5
2025-05-21,Meghalaya,East Khasi Hills,Cherrapunji,25.27,91.73,1304.0,35.3,75.1,93.3,155.5,21.8,17.4,9.1
2025-05-22,Meghalaya,East Khasi Hills,Cherrapunji,25.27,91.73,1304.0,5.7,76.8,92.7,156.5,22.9,16.5,7.0
2025-05-23,Meghalaya,East Khasi Hills,Cherrapunji,25.27,91.73,1304.0,2.1,43.1,90.7,154.3,23.0,16.1,8.8
2025-05-24,Meghalaya,East Khasi Hills,Cherrapunji,25.27,91.73,1304.0,9.3,17.1,97.0,157.4,24.2,18.2,9.3
2025-05-25,Meghalaya,East Khasi Hills,Cherrapunji,25.27,91.73,1304.0,12.5,23.9,104.7,164.8,25.8,17.7,7.9
2025-05-26,Meghalaya,East Khasi Hills,Cherrapunji,25.27,91.73,1304.0,5.3,27.1,106.0,163.8,24.3,18.1,6.8
2025-05-27,Meghalaya,East Khasi Hills,Cherrapunji,25.27,91.73,1304.0,5.4,23.2,75.6,146.9,24.8,18.4,8.5
2025-05-28,Meghalaya,East Khasi Hills,Cherrapunji,25.27,91.73,1304.0,12.6,23.3,52.9,146.2,24.8,18.4,11.7
2025-05-29,Meghalaya,East Khasi Hills,Cherrapunji,25.27,91.73,1304.0,57.5,75.5,104.7,197.4,21.6,18.6,12.3
2025-05-30,Meghalaya,East Khasi Hills,Cherrapunji,25.27,91.73,1304.0,448.0,518.1,550.6,641.3,20.6,18.8,16.4
2025-05-31,Meghalaya,East Khasi Hills,Cherrapunji,25.27,91.73,1304.0,35.2,540.7,576.5,673.5,20.9,18.2,12.4
2025-06-01,Meghalaya,East Khasi Hills,Cherrapunji,25.27,91.73,1304.0,31.0,514.2,595.0,699.7,21.8,18.7,9.3
2025-06-02,Meghalaya,East Khasi Hills,Cherrapunji,25.27,91.73,1304.0,9.9,76.1,599.6,705.6,23.3,18.1,10.1
2025-06-03,Meghalaya,East Khasi Hills,Cherrapunji,25.27,91.73,1304.0,5.7,46.6,599.9,675.5,22.0,16.7,9.8
2025-06-04,Meghalaya,East Khasi Hills,Cherrapunji,25.27,91.73,1304.0,9.7,25.3,597.0,649.9,21.6,17.6,7.0
2025-06-05,Meghalaya,East Khasi Hills,Cherrapunji,25.27,91.73,1304.0,5.0,20.4,544.5,649.2,23.0,17.3,9.6
2025-06-06,Meghalaya,East Khasi Hills,Cherrapunji,25.27,91.73,1304.0,3.4,18.1,99.9,650.5,22.8,17.4,8.5
2025-06-07,Meghalaya,East Khasi Hills,Cherrapunji,25.27,91.73,1304.0,3.0,11.4,67.7,644.2,24.5,16.3,9.0
2025-06-08,Meghalaya,East Khasi Hills,Cherrapunji,25.27,91.73,1304.0,2.0,8.4,38.7,633.7,24.9,16.3,7.4
2025-06-09,Meghalaya,East Khasi Hills,Cherrapunji,25.27,91.73,1304.0,6.9,11.9,35.7,635.3,24.8,17.4,7.1
2025-06-10,Meghalaya,East Khasi Hills,Cherrapunji,25.27,91.73,1304.0,5.8,14.7,35.8,635.7,26.3,17.7,7.9
2025-06-11,Meghalaya,East Khasi Hills,Cherrapunji,25.27,91.73,1304.0,2.5,15.2,28.6,625.6,26.0,18.3,9.4
2025-06-12,Meghalaya,East Khasi Hills,Cherrapunji,25.27,91.73,1304.0,1.4,9.7,25.0,569.5,26.4,18.0,10.6
2025-06-13,Meghalaya,East Khasi Hills,Cherrapunji,25.27,91.73,1304.0,3.1,7.0,24.7,124.6,26.0,17.4,9.1
2025-06-14,Meghalaya,East Khasi Hills,Cherrapunji,25.27,91.73,1304.0,3.3,7.8,25.0,92.7,24.6,18.3,7.4
2025-06-15,Meghalaya,East Khasi Hills,Cherrapunji,25.27,91.73,1304.0,3.2,9.6,26.2,64.9,24.1,18.8,8.8
2025-06-16,Meghalaya,East Khasi Hills,Cherrapunji,25.27,91.73,1304.0,28.0,34.5,47.3,83.0,23.6,19.4,11.1
2025-06-17,Meghalaya,East Khasi Hills,Cherrapunji,25.27,91.73,1304.0,73.3,104.5,114.8,150.6,23.8,18.6,12.0
2025-06-18,Meghalaya,East Khasi Hills,Cherrapunji,25.27,91.73,1304.0,114.0,215.3,226.3,254.9,21.2,18.7,11.4
2025-06-19,Meghalaya,East Khasi Hills,Cherrapunji,25.27,91.73,1304.0,59.7,247.0,284.6,309.6,22.0,18.3,13.6
2025-06-20,Meghalaya,East Khasi Hills,Cherrapunji,25.27,91.73,1304.0,32.5,206.2,314.0,338.7,21.9,18.7,12.3
2025-06-21,Meghalaya,East Khasi Hills,Cherrapunji,25.27,91.73,1304.0,19.0,111.2,329.7,354.7,21.9,19.4,7.3
2025-06-22,Meghalaya,East Khasi Hills,Cherrapunji,25.27,91.73,1304.0,21.9,73.4,348.4,374.6,23.2,19.5,7.3
2025-06-23,Meghalaya,East Khasi Hills,Cherrapunji,25.27,91.73,1304.0,20.1,61.0,340.5,387.8,21.5,19.1,8.9
2025-06-24,Meghalaya,East Khasi Hills,Cherrapunji,25.27,91.73,1304.0,11.1,53.1,278.3,393.1,23.4,18.8,9.7
2025-06-25,Meghalaya,East Khasi Hills,Cherrapunji,25.27,91.73,1304.0,17.5,48.7,181.8,408.1,23.9,19.1,8.2
2025-06-26,Meghalaya,East Khasi Hills,Cherrapunji,25.27,91.73,1304.0,8.0,36.6,130.1,414.7,23.3,19.0,11.2
2025-06-27,Meghalaya,East Khasi Hills,Cherrapunji,25.27,91.73,1304.0,10.5,36.0,108.1,422.1,22.8,19.0,9.4
2025-06-28,Meghalaya,East Khasi Hills,Cherrapunji,25.27,91.73,1304.0,15.9,34.4,105.0,434.7,24.8,18.8,10.4
2025-06-29,Meghalaya,East Khasi Hills,Cherrapunji,25.27,91.73,1304.0,16.6,43.0,99.7,448.1,24.1,18.9,9.0
2025-06-30,Meghalaya,East Khasi Hills,Cherrapunji,25.27,91.73,1304.0,17.7,50.2,97.3,437.8,24.3,19.0,8.7
2025-07-01,Meghalaya,East Khasi Hills,Cherrapunji,25.27,91.73,1304.0,10.2,44.5,96.4,374.7,24.6,19.3,10.0
2025-07-02,Meghalaya,East Khasi Hills,Cherrapunji,25.27,91.73,1304.0,23.8,51.7,102.7,284.5,23.7,19.2,11.2
2025-07-03,Meghalaya,East Khasi Hills,Cherrapunji,25.27,91.73,1304.0,39.2,73.2,133.9,264.0,23.0,18.8,11.1
2025-07-04,Meghalaya,East Khasi Hills,Cherrapunji,25.27,91.73,1304.0,56.3,119.3,179.7,287.8,21.7,18.5,11.8
2025-07-05,Meghalaya,East Khasi Hills,Cherrapunji,25.27,91.73,1304.0,32.4,127.9,196.2,301.2,22.6,18.7,8.8
2025-07-06,Meghalaya,East Khasi Hills,Cherrapunji,25.27,91.73,1304.0,12.7,101.4,192.3,292.0,24.7,19.0,9.2
2025-07-07,Meghalaya,East Khasi Hills,Cherrapunji,25.27,91.73,1304.0,10.9,56.0,185.5,282.8,22.7,18.2,11.3
2025-07-08,Meghalaya,East Khasi Hills,Cherrapunji,25.27,91.73,1304.0,33.7,57.3,209.0,305.4,19.7,18.3,9.0
2025-07-09,Meghalaya,East Khasi Hills,Cherrapunji,25.27,91.73,1304.0,92.3,136.9,277.5,380.2,19.0,18.0,11.4
2025-07-10,Meghalaya,East Khasi Hills,Cherrapunji,25.27,91.73,1304.0,24.1,150.1,262.4,396.3,21.6,17.9,7.5
2025-07-11,Meghalaya,East Khasi Hills,Cherrapunji,25.27,91.73,1304.0,4.0,120.4,210.1,389.8,24.2,18.7,9.4
2025-07-12,Meghalaya,East Khasi Hills,Cherrapunji,25.27,91.73,1304.0,10.3,38.4,188.0,384.2,26.8,17.1,9.3
2025-07-13,Meghalaya,East Khasi Hills,Cherrapunji,25.27,91.73,1304.0,3.1,17.4,178.4,370.7,27.4,19.3,14.2
2025-07-14,Meghalaya,East Khasi Hills,Cherrapunji,25.27,91.73,1304.0,9.4,22.8,176.9,362.4,24.9,18.9,10.1
2025-07-15,Meghalaya,East Khasi Hills,Cherrapunji,25.27,91.73,1304.0,13.8,26.3,157.0,366.0,23.3,18.6,7.9
2025-07-16,Meghalaya,East Khasi Hills,Cherrapunji,25.27,91.73,1304.0,3.5,26.7,68.2,345.7,23.7,18.9,10.0
2025-07-17,Meghalaya,East Khasi Hills,Cherrapunji,25.27,91.73,1304.0,15.1,32.4,59.2,321.6,22.6,18.8,8.2
2025-07-18,Meghalaya,East Khasi Hills,Cherrapunji,25.27,91.73,1304.0,5.5,24.1,60.7,270.8,23.4,18.2,7.3
2025-07-19,Meghalaya,East Khasi Hills,Cherrapunji,25.27,91.73,1304.0,9.5,30.1,59.9,247.9,22.9,19.4,7.1
2025-07-20,Meghalaya,East Khasi Hills,Cherrapunji,25.27,91.73,1304.0,21.6,36.6,78.4,256.8,23.2,19.4,6.4
2025-07-21,Meghalaya,East Khasi Hills,Cherrapunji,25.27,91.73,1304.0,8.8,39.9,77.8,254.7,25.8,18.4,8.7
2025-07-22,Meghalaya,East Khasi Hills,Cherrapunji,25.27,91.73,1304.0,7.8,38.2,71.8,228.8,25.5,19.5,8.7
2025-07-23,Meghalaya,East Khasi Hills,Cherrapunji,25.27,91.73,1304.0,7.8,24.4,76.1,144.3,25.9,20.0,6.4
2025-07-24,Meghalaya,East Khasi Hills,Cherrapunji,25.27,91.73,1304.0,7.4,23.0,68.4,127.6,28.5,19.7,14.2
2025-07-25,Meghalaya,East Khasi Hills,Cherrapunji,25.27,91.73,1304.0,23.0,38.2,85.9,146.6,26.1,19.0,13.3
2025-07-26,Meghalaya,East Khasi Hills,Cherrapunji,25.27,91.73,1304.0,25.2,55.6,101.6,161.5,23.1,19.2,9.3
2025-07-27,Meghalaya,East Khasi Hills,Cherrapunji,25.27,91.73,1304.0,56.5,104.7,136.5,214.9,21.2,19.5,8.7
2025-07-28,Meghalaya,East Khasi Hills,Cherrapunji,25.27,91.73,1304.0,29.6,111.3,157.3,235.1,21.8,19.2,7.5
2025-07-29,Meghalaya,East Khasi Hills,Cherrapunji,25.27,91.73,1304.0,7.4,93.5,156.9,228.7,23.1,18.5,10.1
2025-07-30,Meghalaya,East Khasi Hills,Cherrapunji,25.27,91.73,1304.0,16.1,53.1,165.2,241.3,23.0,19.0,9.2
2025-07-31,Meghalaya,East Khasi Hills,Cherrapunji,25.27,91.73,1304.0,35.2,58.7,193.0,261.4,21.2,18.9,10.8
2025-08-01,Meghalaya,East Khasi Hills,Cherrapunji,25.27,91.73,1304.0,33.4,84.7,203.4,289.3,22.6,19.0,12.3
2025-08-02,Meghalaya,East Khasi Hills,Cherrapunji,25.27,91.73,1304.0,38.4,107.0,216.6,318.2,22.0,19.6,10.1
2025-08-03,Meghalaya,East Khasi Hills,Cherrapunji,25.27,91.73,1304.0,57.1,128.9,217.2,353.7,21.6,19.2,16.1
2025-08-04,Meghalaya,East Khasi Hills,Cherrapunji,25.27,91.73,1304.0,25.7,121.2,213.3,370.6,21.0,19.0,10.7
2025-08-05,Meghalaya,East Khasi Hills,Cherrapunji,25.27,91.73,1304.0,13.4,96.2,219.3,376.2,21.8,18.7,9.9
2025-08-06,Meghalaya,East Khasi Hills,Cherrapunji,25.27,91.73,1304.0,7.5,46.6,210.7,375.9,22.5,18.1,8.4
2025-08-07,Meghalaya,East Khasi Hills,Cherrapunji,25.27,91.73,1304.0,20.1,41.0,195.6,388.6,20.6,18.9,7.8
2025-08-08,Meghalaya,East Khasi Hills,Cherrapunji,25.27,91.73,1304.0,19.3,46.9,181.5,384.9,20.9,18.6,8.3
2025-08-09,Meghalaya,East Khasi Hills,Cherrapunji,25.27,91.73,1304.0,11.1,50.5,154.2,370.8,21.4,17.3,12.6
2025-08-10,Meghalaya,East Khasi Hills,Cherrapunji,25.27,91.73,1304.0,6.7,37.1,103.8,321.0,22.2,18.7,11.6
2025-08-11,Meghalaya,East Khasi Hills,Cherrapunji,25.27,91.73,1304.0,15.6,33.4,93.7,307.0,23.8,19.2,10.1
2025-08-12,Meghalaya,East Khasi Hills,Cherrapunji,25.27,91.73,1304.0,9.4,31.7,89.7,309.0,22.5,19.5,8.5
2025-08-13,Meghalaya,East Khasi Hills,Cherrapunji,25.27,91.73,1304.0,14.0,39.0,96.2,306.9,22.7,19.1,7.1
2025-08-14,Meghalaya,East Khasi Hills,Cherrapunji,25.27,91.73,1304.0,5.6,29.0,81.7,277.3,23.4,18.4,7.5
2025-08-15,Meghalaya,East Khasi Hills,Cherrapunji,25.27,91.73,1304.0,10.5,30.1,72.9,254.4,24.1,17.6,8.2
2025-08-16,Meghalaya,East Khasi Hills,Cherrapunji,25.27,91.73,1304.0,5.0,21.1,66.8,221.0,25.4,18.1,8.8
2025-08-17,Meghalaya,East Khasi Hills,Cherrapunji,25.27,91.73,1304.0,3.9,19.4,64.0,167.8,26.3,19.9,10.7
2025-08-18,Meghalaya,East Khasi Hills,Cherrapunji,25.27,91.73,1304.0,0.7,9.6,49.1,142.8,25.3,19.0,8.4
2025-08-19,Meghalaya,East Khasi Hills,Cherrapunji,25.27,91.73,1304.0,10.8,15.4,50.5,140.2,22.9,18.9,8.0
2025-08-20,Meghalaya,East Khasi Hills,Cherrapunji,25.27,91.73,1304.0,24.0,35.5,60.5,156.7,21.4,18.1,10.5
2025-08-21,Meghalaya,East Khasi Hills,Cherrapunji,25.27,91.73,1304.0,65.6,100.4,120.5,202.2,21.1,18.0,14.2
2025-08-22,Meghalaya,East Khasi Hills,Cherrapunji,25.27,91.73,1304.0,57.4,147.0,167.4,240.3,20.7,17.9,10.7
2025-08-23,Meghalaya,East Khasi Hills,Cherrapunji,25.27,91.73,1304.0,46.1,169.1,208.5,275.3,21.6,18.1,10.0
2025-08-24,Meghalaya,East Khasi Hills,Cherrapunji,25.27,91.73,1304.0,24.4,127.9,229.0,293.0,21.9,18.3,10.4
2025-08-25,Meghalaya,East Khasi Hills,Cherrapunji,25.27,91.73,1304.0,0.9,71.4,229.2,278.3,24.3,17.0,8.6
2025-08-26,Meghalaya,East Khasi Hills,Cherrapunji,25.27,91.73,1304.0,1.9,27.2,220.3,270.8,24.6,17.7,9.3
2025-08-27,Meghalaya,East Khasi Hills,Cherrapunji,25.27,91.73,1304.0,12.6,15.4,208.9,269.4,23.2,18.6,8.4
2025-08-28,Meghalaya,East Khasi Hills,Cherrapunji,25.27,91.73,1304.0,14.7,29.2,158.0,278.5,21.0,18.8,9.4
2025-08-29,Meghalaya,East Khasi Hills,Cherrapunji,25.27,91.73,1304.0,7.4,34.7,108.0,275.4,22.1,18.5,7.7
2025-08-30,Meghalaya,East Khasi Hills,Cherrapunji,25.27,91.73,1304.0,8.1,30.2,70.0,278.5,23.2,18.4,7.9
2025-08-31,Meghalaya,East Khasi Hills,Cherrapunji,25.27,91.73,1304.0,10.7,26.2,56.3,285.3,25.5,17.8,8.4
2025-09-01,Meghalaya,East Khasi Hills,Cherrapunji,25.27,91.73,1304.0,0.2,19.0,55.6,284.8,27.7,17.9,14.3
2025-09-02,Meghalaya,East Khasi Hills,Cherrapunji,25.27,91.73,1304.0,0.8,11.7,54.5,274.8,25.4,18.8,10.3
2025-09-03,Meghalaya,East Khasi Hills,Cherrapunji,25.27,91.73,1304.0,1.4,2.4,43.3,252.2,25.4,18.6,10.9
2025-09-04,Meghalaya,East Khasi Hills,Cherrapunji,25.27,91.73,1304.0,16.6,18.8,45.2,203.2,24.0,18.5,8.2
2025-09-05,Meghalaya,East Khasi Hills,Cherrapunji,25.27,91.73,1304.0,5.3,23.3,43.1,151.1,24.0,18.7,7.9
2025-09-06,Meghalaya,East Khasi Hills,Cherrapunji,25.27,91.73,1304.0,2.7,24.6,37.7,107.7,24.0,17.7,8.5
2025-09-07,Meghalaya,East Khasi Hills,Cherrapunji,25.27,91.73,1304.0,11.2,19.2,38.2,94.5,23.6,18.5,6.2
2025-09-08,Meghalaya,East Khasi Hills,Cherrapunji,25.27,91.73,1304.0,12.8,26.7,50.8,106.4,23.9,18.3,8.2
2025-09-09,Meghalaya,East Khasi Hills,Cherrapunji,25.27,91.73,1304.0,14.5,38.5,64.5,119.0,23.4,17.7,5.9
2025-09-10,Meghalaya,East Khasi Hills,Cherrapunji,25.27,91.73,1304.0,3.7,31.0,66.8,110.1,23.2,18.6,8.0
2025-09-11,Meghalaya,East Khasi Hills,Cherrapunji,25.27,91.73,1304.0,5.1,23.3,55.3,100.5,22.4,18.6,7.3
2025-09-12,Meghalaya,East Khasi Hills,Cherrapunji,25.27,91.73,1304.0,5.2,14.0,55.2,98.3,21.4,18.9,6.7
2025-09-13,Meghalaya,East Khasi Hills,Cherrapunji,25.27,91.73,1304.0,4.5,14.8,57.0,94.7,20.8,18.8,7.5
2025-09-14,Meghalaya,East Khasi Hills,Cherrapunji,25.27,91.73,1304.0,31.2,40.9,77.0,115.2,20.6,18.1,6.6
2025-09-15,Meghalaya,East Khasi Hills,Cherrapunji,25.27,91.73,1304.0,3.8,39.5,68.0,118.8,20.3,18.2,6.5
2025-09-16,Meghalaya,East Khasi Hills,Cherrapunji,25.27,91.73,1304.0,16.1,51.1,69.6,134.1,20.8,17.9,10.3
2025-09-17,Meghalaya,East Khasi Hills,Cherrapunji,25.27,91.73,1304.0,14.5,34.4,80.4,147.2,22.1,18.1,9.0
2025-09-18,Meghalaya,East Khasi Hills,Cherrapunji,25.27,91.73,1304.0,4.2,34.8,79.5,134.8,22.1,17.6,8.2
2025-09-19,Meghalaya,East Khasi Hills,Cherrapunji,25.27,91.73,1304.0,6.0,24.7,80.3,135.5,24.0,17.5,9.2
2025-09-20,Meghalaya,East Khasi Hills,Cherrapunji,25.27,91.73,1304.0,1.9,12.1,77.7,134.7,24.0,17.2,7.8
2025-09-21,Meghalaya,East Khasi Hills,Cherrapunji,25.27,91.73,1304.0,4.6,12.5,51.1,128.1,25.4,17.2,7.5
2025-09-22,Meghalaya,East Khasi Hills,Cherrapunji,25.27,91.73,1304.0,4.0,10.5,51.3,119.3,24.3,18.2,9.8
2025-09-23,Meghalaya,East Khasi Hills,Cherrapunji,25.27,91.73,1304.0,3.8,12.4,39.0,108.6,25.2,17.7,8.8
2025-09-24,Meghalaya,East Khasi Hills,Cherrapunji,25.27,91.73,1304.0,5.1,12.9,29.6,110.0,25.3,17.0,8.6
2025-09-25,Meghalaya,East Khasi Hills,Cherrapunji,25.27,91.73,1304.0,0.1,9.0,25.5,105.0,27.2,18.9,12.2
2025-09-26,Meghalaya,East Khasi Hills,Cherrapunji,25.27,91.73,1304.0,0.2,5.4,19.7,100.0,27.4,19.2,13.0
2025-09-27,Meghalaya,East Khasi Hills,Cherrapunji,25.27,91.73,1304.0,6.2,6.5,24.0,101.7,25.1,17.7,8.8
2025-09-28,Meghalaya,East Khasi Hills,Cherrapunji,25.27,91.73,1304.0,6.1,12.5,25.5,76.6,25.0,17.2,9.0
2025-09-29,Meghalaya,East Khasi Hills,Cherrapunji,25.27,91.73,1304.0,4.0,16.3,25.5,76.8,24.2,17.5,7.3
2025-09-30,Meghalaya,East Khasi Hills,Cherrapunji,25.27,91.73,1304.0,2.9,13.0,24.6,63.6,26.1,17.1,8.3
2025-10-01,Meghalaya,East Khasi Hills,Cherrapunji,25.27,91.73,1304.0,2.7,9.6,22.2,51.8,22.2,17.5,6.5
2025-10-02,Meghalaya,East Khasi Hills,Cherrapunji,25.27,91.73,1304.0,21.0,26.6,43.1,68.6,19.8,17.1,10.6
2025-10-03,Meghalaya,East Khasi Hills,Cherrapunji,25.27,91.73,1304.0,3.3,27.0,46.2,65.9,22.6,17.3,9.8
2025-10-04,Meghalaya,East Khasi Hills,Cherrapunji,25.27,91.73,1304.0,2.2,26.5,42.2,66.2,23.0,17.4,11.4
2025-10-05,Meghalaya,East Khasi Hills,Cherrapunji,25.27,91.73,1304.0,5.8,11.3,41.9,67.4,21.5,18.0,12.4
2025-10-06,Meghalaya,East Khasi Hills,Cherrapunji,25.27,91.73,1304.0,6.1,14.1,44.0,69.5,21.9,17.0,9.0
2025-10-07,Meghalaya,East Khasi Hills,Cherrapunji,25.27,91.73,1304.0,1.7,13.6,42.8,67.4,22.4,16.5,7.1
2025-10-08,Meghalaya,East Khasi Hills,Cherrapunji,25.27,91.73,1304.0,2.4,10.2,42.5,64.7,21.6,17.0,7.9
2025-10-09,Meghalaya,East Khasi Hills,Cherrapunji,25.27,91.73,1304.0,7.0,11.1,28.5,71.6,21.7,16.1,6.2
2025-10-10,Meghalaya,East Khasi Hills,Cherrapunji,25.27,91.73,1304.0,12.0,21.4,37.2,83.4,23.2,16.2,7.9
2025-10-11,Meghalaya,East Khasi Hills,Cherrapunji,25.27,91.73,1304.0,7.7,26.7,42.7,84.9,20.4,16.9,6.0
2025-10-12,Meghalaya,East Khasi Hills,Cherrapunji,25.27,91.73,1304.0,2.2,21.9,39.1,81.0,21.9,16.1,10.3
2025-10-13,Meghalaya,East Khasi Hills,Cherrapunji,25.27,91.73,1304.0,0.4,10.3,33.4,77.4,23.5,15.0,10.3
2025-10-14,Meghalaya,East Khasi Hills,Cherrapunji,25.27,91.73,1304.0,0.0,2.6,31.7,74.5,24.2,14.6,8.3
2025-10-15,Meghalaya,East Khasi Hills,Cherrapunji,25.27,91.73,1304.0,1.1,1.5,30.4,72.9,24.5,13.5,8.5
2025-10-16,Meghalaya,East Khasi Hills,Cherrapunji,25.27,91.73,1304.0,2.5,3.6,25.9,54.4,24.3,15.0,8.7
2025-10-17,Meghalaya,East Khasi Hills,Cherrapunji,25.27,91.73,1304.0,1.2,4.8,15.1,52.3,23.7,14.8,7.5
2025-10-18,Meghalaya,East Khasi Hills,Cherrapunji,25.27,91.73,1304.0,1.4,5.1,8.8,51.5,24.5,14.6,8.6
2025-10-19,Meghalaya,East Khasi Hills,Cherrapunji,25.27,91.73,1304.0,2.0,4.6,8.6,47.7,23.9,13.4,9.5
2025-10-20,Meghalaya,East Khasi Hills,Cherrapunji,25.27,91.73,1304.0,1.3,4.7,9.5,42.9,24.3,13.4,8.5
2025-10-21,Meghalaya,East Khasi Hills,Cherrapunji,25.27,91.73,1304.0,0.1,3.4,9.6,41.3,24.5,13.1,9.6
2025-10-22,Meghalaya,East Khasi Hills,Cherrapunji,25.27,91.73,1304.0,0.9,2.3,9.4,39.8,24.6,14.2,8.9
2025-10-23,Meghalaya,East Khasi Hills,Cherrapunji,25.27,91.73,1304.0,2.1,3.1,9.0,34.9,23.7,15.7,8.2
2025-10-24,Meghalaya,East Khasi Hills,Cherrapunji,25.27,91.73,1304.0,1.1,4.1,8.9,24.0,22.2,14.9,10.1
2025-10-25,Meghalaya,East Khasi Hills,Cherrapunji,25.27,91.73,1304.0,3.0,6.2,10.5,19.3,22.7,12.5,9.0
2025-10-26,Meghalaya,East Khasi Hills,Cherrapunji,25.27,91.73,1304.0,1.2,5.3,9.7,18.3,22.5,13.4,10.4
2025-10-27,Meghalaya,East Khasi Hills,Cherrapunji,25.27,91.73,1304.0,0.6,4.8,9.0,18.5,23.3,13.6,7.6
2025-10-28,Meghalaya,East Khasi Hills,Cherrapunji,25.27,91.73,1304.0,0.5,2.3,9.4,19.0,22.6,14.8,8.8
2025-10-29,Meghalaya,East Khasi Hills,Cherrapunji,25.27,91.73,1304.0,1.7,2.8,10.2,19.6,23.1,16.1,9.3
2025-10-30,Meghalaya,East Khasi Hills,Cherrapunji,25.27,91.73,1304.0,4.2,6.4,12.3,21.3,23.1,16.6,9.2
2025-10-31,Meghalaya,East Khasi Hills,Cherrapunji,25.27,91.73,1304.0,6.0,11.9,17.2,26.1,21.6,16.9,10.2
2025-11-01,Meghalaya,East Khasi Hills,Cherrapunji,25.27,91.73,1304.0,15.2,25.4,29.4,39.9,20.0,16.7,5.9
2025-11-02,Meghalaya,East Khasi Hills,Cherrapunji,25.27,91.73,1304.0,4.5,25.7,32.7,42.4,20.0,15.5,7.3
2025-11-03,Meghalaya,East Khasi Hills,Cherrapunji,25.27,91.73,1304.0,1.0,20.7,33.1,42.1,21.2,14.1,9.4
2025-11-04,Meghalaya,East Khasi Hills,Cherrapunji,25.27,91.73,1304.0,0.0,5.5,32.6,42.0,23.9,14.1,8.8
2025-11-05,Meghalaya,East Khasi Hills,Cherrapunji,25.27,91.73,1304.0,3.4,4.4,34.3,44.5,22.3,16.4,6.3
2025-11-06,Meghalaya,East Khasi Hills,Cherrapunji,25.27,91.73,1304.0,4.7,8.1,34.8,47.1,21.5,14.5,10.3
2025-11-07,Meghalaya,East Khasi Hills,Cherrapunji,25.27,91.73,1304.0,1.7,9.8,30.5,47.7,22.1,13.0,9.1
2025-11-08,Meghalaya,East Khasi Hills,Cherrapunji,25.27,91.73,1304.0,0.0,6.4,15.3,44.7,22.7,12.4,10.2
2025-11-09,Meghalaya,East Khasi Hills,Cherrapunji,25.27,91.73,1304.0,0.0,1.7,10.8,43.5,21.9,10.4,8.1
2025-11-10,Meghalaya,East Khasi Hills,Cherrapunji,25.27,91.73,1304.0,0.0,0.0,9.8,42.9,21.2,10.0,11.1
2025-11-11,Meghalaya,East Khasi Hills,Cherrapunji,25.27,91.73,1304.0,1.9,1.9,11.7,44.3,20.0,12.3,12.8
2025-11-12,Meghalaya,East Khasi Hills,Cherrapunji,25.27,91.73,1304.0,0.1,2.0,8.4,42.7,20.5,13.4,10.5
2025-11-13,Meghalaya,East Khasi Hills,Cherrapunji,25.27,91.73,1304.0,0.0,2.0,3.7,38.5,19.7,12.1,8.5
2025-11-14,Meghalaya,East Khasi Hills,Cherrapunji,25.27,91.73,1304.0,0.0,0.1,2.0,32.5,18.9,9.2,8.7
2025-11-15,Meghalaya,East Khasi Hills,Cherrapunji,25.27,91.73,1304.0,0.0,0.0,2.0,17.3,19.5,9.3,7.9
2025-11-16,Meghalaya,East Khasi Hills,Cherrapunji,25.27,91.73,1304.0,0.0,0.0,2.0,12.8,19.4,9.3,8.3
2025-11-17,Meghalaya,East Khasi Hills,Cherrapunji,25.27,91.73,1304.0,0.0,0.0,2.0,11.8,20.5,9.3,7.7
2025-11-18,Meghalaya,East Khasi Hills,Cherrapunji,25.27,91.73,1304.0,0.0,0.0,0.1,11.8,20.4,9.3,8.7
2025-11-19,Meghalaya,East Khasi Hills,Cherrapunji,25.27,91.73,1304.0,0.0,0.0,0.0,8.4,20.2,10.9,8.9
2025-11-20,Meghalaya,East Khasi Hills,Cherrapunji,25.27,91.73,1304.0,0.0,0.0,0.0,3.7,18.9,10.6,9.7
2025-11-21,Meghalaya,East Khasi Hills,Cherrapunji,25.27,91.73,1304.0,0.0,0.0,0.0,2.0,18.6,9.4,9.9
2025-11-22,Meghalaya,East Khasi Hills,Cherrapunji,25.27,91.73,1304.0,1.0,1.0,1.0,3.0,16.4,7.9,11.4
2025-11-23,Meghalaya,East Khasi Hills,Cherrapunji,25.27,91.73,1304.0,1.3,2.3,2.3,4.3,17.3,8.3,10.4
2025-11-24,Meghalaya,East Khasi Hills,Cherrapunji,25.27,91.73,1304.0,1.2,3.5,3.5,5.5,19.3,8.9,9.9
2025-11-25,Meghalaya,East Khasi Hills,Cherrapunji,25.27,91.73,1304.0,0.2,2.7,3.7,3.8,18.9,8.7,10.6
2025-11-26,Meghalaya,East Khasi Hills,Cherrapunji,25.27,91.73,1304.0,0.1,1.5,3.8,3.8,19.2,8.0,9.2
2025-11-27,Meghalaya,East Khasi Hills,Cherrapunji,25.27,91.73,1304.0,0.0,0.3,3.8,3.8,19.7,8.9,10.4
2025-11-28,Meghalaya,East Khasi Hills,Cherrapunji,25.27,91.73,1304.0,0.0,0.1,3.8,3.8,19.0,8.4,10.4
2025-11-29,Meghalaya,East Khasi Hills,Cherrapunji,25.27,91.73,1304.0,0.7,0.7,3.5,4.5,18.5,9.7,12.5
2025-11-30,Meghalaya,East Khasi Hills,Cherrapunji,25.27,91.73,1304.0,1.4,2.1,3.6,5.9,17.4,9.9,11.3
2025-12-01,Meghalaya,East Khasi Hills,Cherrapunji,25.27,91.73,1304.0,0.3,2.4,2.7,6.2,17.6,9.3,11.3
2025-12-02,Meghalaya,East Khasi Hills,Cherrapunji,25.27,91.73,1304.0,0.0,1.7,2.5,6.2,17.8,10.1,9.1
2025-12-03,Meghalaya,East Khasi Hills,Cherrapunji,25.27,91.73,1304.0,0.0,0.3,2.4,6.2,18.2,7.2,8.8
2025-12-04,Meghalaya,East Khasi Hills,Cherrapunji,25.27,91.73,1304.0,0.0,0.0,2.4,6.2,18.8,7.2,9.4
2025-12-05,Meghalaya,East Khasi Hills,Cherrapunji,25.27,91.73,1304.0,0.0,0.0,2.4,6.2,18.8,6.5,8.7
2025-12-06,Meghalaya,East Khasi Hills,Cherrapunji,25.27,91.73,1304.0,0.0,0.0,1.7,5.2,17.5,6.2,8.3
2025-12-07,Meghalaya,East Khasi Hills,Cherrapunji,25.27,91.73,1304.0,0.0,0.0,0.3,3.9,17.7,7.0,9.0
2025-12-08,Meghalaya,East Khasi Hills,Cherrapunji,25.27,91.73,1304.0,0.0,0.0,0.0,2.7,17.9,7.2,7.5
2025-12-09,Meghalaya,East Khasi Hills,Cherrapunji,25.27,91.73,1304.0,0.0,0.0,0.0,2.5,17.9,8.0,9.0
2025-12-10,Meghalaya,East Khasi Hills,Cherrapunji,25.27,91.73,1304.0,0.0,0.0,0.0,2.4,18.2,5.2,8.7
2025-12-11,Meghalaya,East Khasi Hills,Cherrapunji,25.27,91.73,1304.0,0.0,0.0,0.0,2.4,18.0,6.6,8.2
2025-12-12,Meghalaya,East Khasi Hills,Cherrapunji,25.27,91.73,1304.0,0.0,0.0,0.0,2.4,18.3,6.1,8.0
2025-12-13,Meghalaya,East Khasi Hills,Cherrapunji,25.27,91.73,1304.0,0.0,0.0,0.0,1.7,18.8,6.3,7.9
2025-12-14,Meghalaya,East Khasi Hills,Cherrapunji,25.27,91.73,1304.0,0.0,0.0,0.0,0.3,18.8,7.1,9.2
2025-12-15,Meghalaya,East Khasi Hills,Cherrapunji,25.27,91.73,1304.0,0.0,0.0,0.0,0.0,17.4,6.1,10.1
2025-12-16,Meghalaya,East Khasi Hills,Cherrapunji,25.27,91.73,1304.0,0.0,0.0,0.0,0.0,16.6,6.2,9.5
2025-12-17,Meghalaya,East Khasi Hills,Cherrapunji,25.27,91.73,1304.0,0.0,0.0,0.0,0.0,17.8,6.7,9.4
2025-12-18,Meghalaya,East Khasi Hills,Cherrapunji,25.27,91.73,1304.0,0.0,0.0,0.0,0.0,19.3,6.2,8.6
2025-12-19,Meghalaya,East Khasi Hills,Cherrapunji,25.27,91.73,1304.0,0.0,0.0,0.0,0.0,17.4,6.0,9.6
2025-12-20,Meghalaya,East Khasi Hills,Cherrapunji,25.27,91.73,1304.0,0.0,0.0,0.0,0.0,16.5,6.7,10.9
2025-12-21,Meghalaya,East Khasi Hills,Cherrapunji,25.27,91.73,1304.0,0.0,0.0,0.0,0.0,17.3,7.2,8.8
2025-12-22,Meghalaya,East Khasi Hills,Cherrapunji,25.27,91.73,1304.0,0.0,0.0,0.0,0.0,16.8,8.6,8.3
2025-12-23,Meghalaya,East Khasi Hills,Cherrapunji,25.27,91.73,1304.0,0.0,0.0,0.0,0.0,15.3,7.2,9.7
2025-12-24,Meghalaya,East Khasi Hills,Cherrapunji,25.27,91.73,1304.0,0.0,0.0,0.0,0.0,15.3,7.9,9.3
2025-12-25,Meghalaya,East Khasi Hills,Cherrapunji,25.27,91.73,1304.0,0.0,0.0,0.0,0.0,16.1,7.2,10.0
2025-12-26,Meghalaya,East Khasi Hills,Cherrapunji,25.27,91.73,1304.0,0.0,0.0,0.0,0.0,16.4,5.8,9.0
2025-12-27,Meghalaya,East Khasi Hills,Cherrapunji,25.27,91.73,1304.0,0.0,0.0,0.0,0.0,15.2,6.1,8.9
2025-12-28,Meghalaya,East Khasi Hills,Cherrapunji,25.27,91.73,1304.0,0.0,0.0,0.0,0.0,15.9,6.4,10.3
2025-12-29,Meghalaya,East Khasi Hills,Cherrapunji,25.27,91.73,1304.0,0.0,0.0,0.0,0.0,15.1,6.5,9.9
2025-12-30,Meghalaya,East Khasi Hills,Cherrapunji,25.27,91.73,1304.0,0.0,0.0,0.0,0.0,13.6,6.1,9.3
2025-12-31,Meghalaya,East Khasi Hills,Cherrapunji,25.27,91.73,1304.0,0.0,0.0,0.0,0.0,15.5,5.6,9.4
2026-01-01,Meghalaya,East Khasi Hills,Cherrapunji,25.27,91.73,1304.0,0.0,0.0,0.0,0.0,15.6,5.9,10.1
2026-01-02,Meghalaya,East Khasi Hills,Cherrapunji,25.27,91.73,1304.0,0.0,0.0,0.0,0.0,15.9,5.8,8.1
2026-01-03,Meghalaya,East Khasi Hills,Cherrapunji,25.27,91.73,1304.0,0.0,0.0,0.0,0.0,13.8,3.8,9.6
2026-01-04,Meghalaya,East Khasi Hills,Cherrapunji,25.27,91.73,1304.0,0.5,0.5,0.5,0.5,14.8,5.1,9.2
2026-01-05,Meghalaya,East Khasi Hills,Cherrapunji,25.27,91.73,1304.0,0.0,0.5,0.5,0.5,14.3,4.5,9.5
2026-01-06,Meghalaya,East Khasi Hills,Cherrapunji,25.27,91.73,1304.0,0.0,0.5,0.5,0.5,14.4,3.5,9.4
2026-01-07,Meghalaya,East Khasi Hills,Cherrapunji,25.27,91.73,1304.0,0.0,0.0,0.5,0.5,14.8,3.3,9.8
2026-01-08,Meghalaya,East Khasi Hills,Cherrapunji,25.27,91.73,1304.0,0.0,0.0,0.5,0.5,15.7,4.5,11.4
2026-01-09,Meghalaya,East Khasi Hills,Cherrapunji,25.27,91.73,1304.0,0.0,0.0,0.5,0.5,15.2,6.0,8.8
2026-01-10,Meghalaya,East Khasi Hills,Cherrapunji,25.27,91.73,1304.0,0.0,0.0,0.5,0.5,15.7,6.2,11.1
2026-01-11,Meghalaya,East Khasi Hills,Cherrapunji,25.27,91.73,1304.0,0.0,0.0,0.0,0.5,15.9,5.9,9.6
2026-01-12,Meghalaya,East Khasi Hills,Cherrapunji,25.27,91.73,1304.0,0.0,0.0,0.0,0.5,17.4,6.0,8.7
2026-01-13,Meghalaya,East Khasi Hills,Cherrapunji,25.27,91.73,1304.0,0.0,0.0,0.0,0.5,17.5,6.5,9.4
2026-01-14,Meghalaya,East Khasi Hills,Cherrapunji,25.27,91.73,1304.0,0.0,0.0,0.0,0.5,16.3,6.5,10.1
2026-01-15,Meghalaya,East Khasi Hills,Cherrapunji,25.27,91.73,1304.0,0.0,0.0,0.0,0.5,16.4,5.8,10.8
2026-01-16,Meghalaya,East Khasi Hills,Cherrapunji,25.27,91.73,1304.0,0.0,0.0,0.0,0.5,17.1,5.9,12.1
2026-01-17,Meghalaya,East Khasi Hills,Cherrapunji,25.27,91.73,1304.0,0.0,0.0,0.0,0.5,17.4,7.0,9.2
2026-01-18,Meghalaya,East Khasi Hills,Cherrapunji,25.27,91.73,1304.0,0.0,0.0,0.0,0.0,17.2,6.9,10.6
2026-01-19,Meghalaya,East Khasi Hills,Cherrapunji,25.27,91.73,1304.0,0.0,0.0,0.0,0.0,16.7,5.5,9.8
2026-01-20,Meghalaya,East Khasi Hills,Cherrapunji,25.27,91.73,1304.0,0.0,0.0,0.0,0.0,17.1,5.8,11.9
2026-01-21,Meghalaya,East Khasi Hills,Cherrapunji,25.27,91.73,1304.0,0.5,0.5,0.5,0.5,17.1,7.9,11.7
2026-01-22,Meghalaya,East Khasi Hills,Cherrapunji,25.27,91.73,1304.0,0.0,0.5,0.5,0.5,17.4,7.6,11.8
2026-01-23,Meghalaya,East Khasi Hills,Cherrapunji,25.27,91.73,1304.0,0.0,0.5,0.5,0.5,17.8,6.2,8.9
2026-01-24,Meghalaya,East Khasi Hills,Cherrapunji,25.27,91.73,1304.0,0.0,0.0,0.5,0.5,17.0,4.8,9.0
2026-01-25,Meghalaya,East Khasi Hills,Cherrapunji,25.27,91.73,1304.0,0.0,0.0,0.5,0.5,17.1,4.8,11.5
2026-01-26,Meghalaya,East Khasi Hills,Cherrapunji,25.27,91.73,1304.0,0.0,0.0,0.5,0.5,16.8,5.9,13.7
2026-01-27,Meghalaya,East Khasi Hills,Cherrapunji,25.27,91.73,1304.0,0.0,0.0,0.5,0.5,17.9,6.9,9.2
2026-01-28,Meghalaya,East Khasi Hills,Cherrapunji,25.27,91.73,1304.0,0.0,0.0,0.0,0.5,17.9,6.4,10.2
2026-01-29,Meghalaya,East Khasi Hills,Cherrapunji,25.27,91.73,1304.0,0.0,0.0,0.0,0.5,17.3,5.7,10.7
2026-01-30,Meghalaya,East Khasi Hills,Cherrapunji,25.27,91.73,1304.0,0.0,0.0,0.0,0.5,16.5,7.8,10.4
2026-01-31,Meghalaya,East Khasi Hills,Cherrapunji,25.27,91.73,1304.0,0.0,0.0,0.0,0.5,18.0,5.7,11.5
2026-02-01,Meghalaya,East Khasi Hills,Cherrapunji,25.27,91.73,1304.0,0.0,0.0,0.0,0.5,17.8,5.0,10.1
2026-02-02,Meghalaya,East Khasi Hills,Cherrapunji,25.27,91.73,1304.0,0.0,0.0,0.0,0.5,17.8,6.2,10.3
2026-02-03,Meghalaya,East Khasi Hills,Cherrapunji,25.27,91.73,1304.0,0.0,0.0,0.0,0.5,19.3,6.7,9.0
2026-02-04,Meghalaya,East Khasi Hills,Cherrapunji,25.27,91.73,1304.0,0.0,0.0,0.0,0.0,18.0,7.7,10.6
2026-02-05,Meghalaya,East Khasi Hills,Cherrapunji,25.27,91.73,1304.0,0.2,0.2,0.2,0.2,17.6,7.0,13.1
2026-02-06,Meghalaya,East Khasi Hills,Cherrapunji,25.27,91.73,1304.0,0.2,0.4,0.4,0.4,16.7,7.2,12.8
2026-02-07,Meghalaya,East Khasi Hills,Cherrapunji,25.27,91.73,1304.0,0.0,0.4,0.4,0.4,16.5,8.2,10.7
2026-02-08,Meghalaya,East Khasi Hills,Cherrapunji,25.27,91.73,1304.0,0.0,0.2,0.4,0.4,16.3,6.0,10.3
2026-02-09,Meghalaya,East Khasi Hills,Cherrapunji,25.27,91.73,1304.0,0.0,0.0,0.4,0.4,18.9,6.7,10.3
2026-02-10,Meghalaya,East Khasi Hills,Cherrapunji,25.27,91.73,1304.0,0.0,0.0,0.4,0.4,17.1,4.7,10.4
2026-02-11,Meghalaya,East Khasi Hills,Cherrapunji,25.27,91.73,1304.0,0.1,0.1,0.5,0.5,18.8,7.4,11.5
2026-02-12,Meghalaya,East Khasi Hills,Cherrapunji,25.27,91.73,1304.0,0.4,0.5,0.7,0.9,18.8,7.8,10.5
2026-02-13,Meghalaya,East Khasi Hills,Cherrapunji,25.27,91.73,1304.0,0.0,0.5,0.5,0.9,19.8,7.7,10.7
2026-02-14,Meghalaya,East Khasi Hills,Cherrapunji,25.27,91.73,1304.0,0.0,0.4,0.5,0.9,19.2,9.0,12.3
2026-02-15,Meghalaya,East Khasi Hills,Cherrapunji,25.27,91.73,1304.0,0.2,0.2,0.7,1.1,18.7,8.6,12.6
2026-02-16,Meghalaya,East Khasi Hills,Cherrapunji,25.27,91.73,1304.0,0.0,0.2,0.7,1.1,19.6,7.6,12.0
2026-02-17,Meghalaya,East Khasi Hills,Cherrapunji,25.27,91.73,1304.0,0.0,0.2,0.7,1.1,21.9,7.5,10.6
2026-02-18,Meghalaya,East Khasi Hills,Cherrapunji,25.27,91.73,1304.0,0.0,0.0,0.6,1.1,21.7,9.0,10.4
2026-02-19,Meghalaya,East Khasi Hills,Cherrapunji,25.27,91.73,1304.0,0.0,0.0,0.2,0.9,22.1,8.8,10.5
2026-02-20,Meghalaya,East Khasi Hills,Cherrapunji,25.27,91.73,1304.0,0.0,0.0,0.2,0.7,20.3,9.9,8.8
2026-02-21,Meghalaya,East Khasi Hills,Cherrapunji,25.27,91.73,1304.0,0.4,0.4,0.6,1.1,20.7,9.3,11.5
2026-02-22,Meghalaya,East Khasi Hills,Cherrapunji,25.27,91.73,1304.0,0.5,0.9,0.9,1.6,19.5,9.3,14.5
2026-02-23,Meghalaya,East Khasi Hills,Cherrapunji,25.27,91.73,1304.0,0.0,0.9,0.9,1.6,19.6,8.1,14.3
2026-02-24,Meghalaya,East Khasi Hills,Cherrapunji,25.27,91.73,1304.0,0.0,0.5,0.9,1.6,18.6,9.3,10.1
2026-02-25,Meghalaya,East Khasi Hills,Cherrapunji,25.27,91.73,1304.0,3.5,3.5,4.4,5.0,17.7,8.9,9.0
2026-02-26,Meghalaya,East Khasi Hills,Cherrapunji,25.27,91.73,1304.0,1.4,4.9,5.8,6.0,17.6,8.7,10.5
2026-02-27,Meghalaya,East Khasi Hills,Cherrapunji,25.27,91.73,1304.0,0.8,5.7,6.6,6.8,17.8,10.2,11.5
2026-02-28,Meghalaya,East Khasi Hills,Cherrapunji,25.27,91.73,1304.0,0.0,2.2,6.2,6.8,18.4,9.2,13.9
2026-03-01,Meghalaya,East Khasi Hills,Cherrapunji,25.27,91.73,1304.0,0.4,1.2,6.1,7.0,19.4,8.1,16.1
2026-03-02,Meghalaya,East Khasi Hills,Cherrapunji,25.27,91.73,1304.0,1.0,1.4,7.1,8.0,18.4,10.0,14.1
2026-03-03,Meghalaya,East Khasi Hills,Cherrapunji,25.27,91.73,1304.0,0.1,1.5,7.2,8.1,19.5,8.5,12.8
2026-03-04,Meghalaya,East Khasi Hills,Cherrapunji,25.27,91.73,1304.0,0.0,1.1,3.7,8.1,20.9,10.0,12.0
2026-03-05,Meghalaya,East Khasi Hills,Cherrapunji,25.27,91.73,1304.0,0.0,0.1,2.3,8.1,22.9,10.6,12.3
2026-03-06,Meghalaya,East Khasi Hills,Cherrapunji,25.27,91.73,1304.0,0.0,0.0,1.5,8.1,23.9,11.1,12.6
2026-03-07,Meghalaya,East Khasi Hills,Cherrapunji,25.27,91.73,1304.0,0.0,0.0,1.5,7.7,23.4,14.0,12.9
2026-03-08,Meghalaya,East Khasi Hills,Cherrapunji,25.27,91.73,1304.0,0.5,0.5,1.6,7.7,22.7,13.2,9.5
2026-03-09,Meghalaya,East Khasi Hills,Cherrapunji,25.27,91.73,1304.0,0.2,0.7,0.8,7.9,20.1,13.1,9.4
2026-03-10,Meghalaya,East Khasi Hills,Cherrapunji,25.27,91.73,1304.0,2.4,3.1,3.1,10.3,22.2,12.2,9.4
2026-03-11,Meghalaya,East Khasi Hills,Cherrapunji,25.27,91.73,1304.0,6.6,9.2,9.7,13.4,21.3,11.9,7.9
2026-03-12,Meghalaya,East Khasi Hills,Cherrapunji,25.27,91.73,1304.0,2.4,11.4,12.1,14.4,21.3,13.7,9.7
2026-03-13,Meghalaya,East Khasi Hills,Cherrapunji,25.27,91.73,1304.0,16.4,25.4,28.5,30.0,15.9,13.1,10.5
2026-03-14,Meghalaya,East Khasi Hills,Cherrapunji,25.27,91.73,1304.0,14.6,33.4,43.1,44.6,17.5,13.4,13.2
2026-03-15,Meghalaya,East Khasi Hills,Cherrapunji,25.27,91.73,1304.0,30.5,61.5,73.1,74.7,16.5,11.9,13.3
2026-03-16,Meghalaya,East Khasi Hills,Cherrapunji,25.27,91.73,1304.0,15.8,60.9,88.7,89.5,18.5,12.6,13.3
2026-03-17,Meghalaya,East Khasi Hills,Cherrapunji,25.27,91.73,1304.0,3.1,49.4,89.4,92.5,18.9,12.4,17.0
2026-03-18,Meghalaya,East Khasi Hills,Cherrapunji,25.27,91.73,1304.0,3.2,22.1,86.0,95.7,19.1,11.7,9.9
2026-03-19,Meghalaya,East Khasi Hills,Cherrapunji,25.27,91.73,1304.0,1.3,7.6,84.9,97.0,20.4,10.8,11.4
2026-03-20,Meghalaya,East Khasi Hills,Cherrapunji,25.27,91.73,1304.0,2.6,7.1,71.1,99.6,19.8,11.7,11.9
2026-03-21,Meghalaya,East Khasi Hills,Cherrapunji,25.27,91.73,1304.0,1.7,5.6,58.2,101.3,19.3,10.4,11.9
2026-03-22,Meghalaya,East Khasi Hills,Cherrapunji,25.27,91.73,1304.0,2.2,6.5,29.9,103.0,16.2,10.0,9.7
2026-03-23,Meghalaya,East Khasi Hills,Cherrapunji,25.27,91.73,1304.0,1.8,5.7,15.9,104.6,16.3,9.8,10.3
2026-03-24,Meghalaya,East Khasi Hills,Cherrapunji,25.27,91.73,1304.0,6.1,10.1,18.9,108.3,18.3,9.6,11.5
2026-03-25,Meghalaya,East Khasi Hills,Cherrapunji,25.27,91.73,1304.0,6.1,14.0,21.8,107.8,19.4,12.4,16.2
2026-03-26,Meghalaya,East Khasi Hills,Cherrapunji,25.27,91.73,1304.0,0.3,12.5,20.8,105.7,21.8,11.5,13.9
2026-03-27,Meghalaya,East Khasi Hills,Cherrapunji,25.27,91.73,1304.0,1.4,7.8,19.6,90.7,20.1,11.1,11.8
2026-03-28,Meghalaya,East Khasi Hills,Cherrapunji,25.27,91.73,1304.0,11.2,12.9,29.1,87.3,17.4,10.2,9.3
2026-03-29,Meghalaya,East Khasi Hills,Cherrapunji,25.27,91.73,1304.0,4.6,17.2,31.5,61.4,18.6,10.4,13.4
2026-03-30,Meghalaya,East Khasi Hills,Cherrapunji,25.27,91.73,1304.0,4.4,20.2,34.1,50.0,20.1,12.0,13.4
2026-03-31,Meghalaya,East Khasi Hills,Cherrapunji,25.27,91.73,1304.0,4.3,13.3,32.3,51.2,20.4,13.8,10.9
2026-04-01,Meghalaya,East Khasi Hills,Cherrapunji,25.27,91.73,1304.0,8.2,16.9,34.4,56.2,19.5,14.5,13.7
2026-04-02,Meghalaya,East Khasi Hills,Cherrapunji,25.27,91.73,1304.0,3.1,15.6,37.2,58.0,20.9,15.1,14.8
2026-04-03,Meghalaya,East Khasi Hills,Cherrapunji,25.27,91.73,1304.0,3.4,14.7,39.2,58.8,21.5,15.1,10.7
2026-04-04,Meghalaya,East Khasi Hills,Cherrapunji,25.27,91.73,1304.0,5.5,12.0,33.5,62.6,21.7,15.1,10.7
2026-04-05,Meghalaya,East Khasi Hills,Cherrapunji,25.27,91.73,1304.0,7.6,16.5,36.5,68.0,21.8,15.4,15.7
2026-04-06,Meghalaya,East Khasi Hills,Cherrapunji,25.27,91.73,1304.0,5.2,18.3,37.3,71.4,20.8,13.4,12.3
2026-04-07,Meghalaya,East Khasi Hills,Cherrapunji,25.27,91.73,1304.0,6.6,19.4,39.6,71.9,20.4,12.6,13.2
2026-04-08,Meghalaya,East Khasi Hills,Cherrapunji,25.27,91.73,1304.0,2.1,13.9,33.5,67.9,19.5,12.0,11.1
2026-04-09,Meghalaya,East Khasi Hills,Cherrapunji,25.27,91.73,1304.0,6.7,15.4,37.1,74.3,19.1,12.8,10.2
2026-04-10,Meghalaya,East Khasi Hills,Cherrapunji,25.27,91.73,1304.0,4.4,13.2,38.1,77.3,18.0,9.4,12.3
2026-04-11,Meghalaya,East Khasi Hills,Cherrapunji,25.27,91.73,1304.0,0.3,11.4,32.9,66.4,19.9,9.3,13.5
2026-04-12,Meghalaya,East Khasi Hills,Cherrapunji,25.27,91.73,1304.0,7.1,11.8,32.4,68.9,19.3,11.9,15.4
2026-04-13,Meghalaya,East Khasi Hills,Cherrapunji,25.27,91.73,1304.0,6.8,14.2,34.0,71.3,18.5,12.9,10.4
2026-04-14,Meghalaya,East Khasi Hills,Cherrapunji,25.27,91.73,1304.0,1.6,15.5,29.0,68.6,21.5,13.5,10.7
2026-04-15,Meghalaya,East Khasi Hills,Cherrapunji,25.27,91.73,1304.0,2.7,11.1,29.6,63.1,21.1,14.7,12.6
2026-04-16,Meghalaya,East Khasi Hills,Cherrapunji,25.27,91.73,1304.0,6.8,11.1,29.7,66.8,23.3,14.0,10.5
2026-04-17,Meghalaya,East Khasi Hills,Cherrapunji,25.27,91.73,1304.0,2.1,11.6,27.4,65.5,23.0,14.2,10.3
2026-04-18,Meghalaya,East Khasi Hills,Cherrapunji,25.27,91.73,1304.0,7.4,16.3,34.5,67.4,21.6,14.9,10.4
2026-04-19,Meghalaya,East Khasi Hills,Cherrapunji,25.27,91.73,1304.0,12.8,22.3,40.2,72.6,20.4,15.9,11.7
2026-04-20,Meghalaya,East Khasi Hills,Cherrapunji,25.27,91.73,1304.0,19.8,40.0,53.2,87.2,21.0,16.6,14.1
2026-04-21,Meghalaya,East Khasi Hills,Cherrapunji,25.27,91.73,1304.0,19.6,52.2,71.2,100.2,20.6,16.8,14.0
2026-04-22,Meghalaya,East Khasi Hills,Cherrapunji,25.27,91.73,1304.0,20.5,59.9,89.0,118.6,22.5,16.2,11.4
2026-04-23,Meghalaya,East Khasi Hills,Cherrapunji,25.27,91.73,1304.0,2.4,42.5,84.6,114.3,22.9,15.1,10.9
2026-04-24,Meghalaya,East Khasi Hills,Cherrapunji,25.27,91.73,1304.0,1.6,24.5,84.1,111.5,23.4,17.0,8.7
2026-04-25,Meghalaya,East Khasi Hills,Cherrapunji,25.27,91.73,1304.0,0.3,4.3,77.0,111.5,25.5,16.1,11.3
2026-04-26,Meghalaya,East Khasi Hills,Cherrapunji,25.27,91.73,1304.0,5.7,7.6,69.9,110.1,20.7,14.7,9.2
2026-04-27,Meghalaya,East Khasi Hills,Cherrapunji,25.27,91.73,1304.0,40.7,46.7,90.8,144.0,18.3,14.4,11.5
2026-04-28,Meghalaya,East Khasi Hills,Cherrapunji,25.27,91.73,1304.0,18.3,64.7,89.5,160.7,17.6,15.6,9.2
2026-04-29,Meghalaya,East Khasi Hills,Cherrapunji,25.27,91.73,1304.0,38.0,97.0,107.0,196.0,17.8,13.6,12.6
2026-04-30,Meghalaya,East Khasi Hills,Cherrapunji,25.27,91.73,1304.0,3.8,60.1,108.4,193.0,19.8,13.8,11.2
2026-05-01,Meghalaya,East Khasi Hills,Cherrapunji,25.27,91.73,1304.0,3.6,45.4,110.4,194.5,16.6,13.9,8.5
2026-05-02,Meghalaya,East Khasi Hills,Cherrapunji,25.27,91.73,1304.0,29.5,36.9,139.6,216.6,16.4,13.4,6.2
2026-05-03,Meghalaya,East Khasi Hills,Cherrapunji,25.27,91.73,1304.0,5.0,38.1,138.9,208.8,19.8,14.3,11.8
2026-05-04,Meghalaya,East Khasi Hills,Cherrapunji,25.27,91.73,1304.0,12.8,47.3,111.0,201.8,18.5,13.2,8.5
2026-05-05,Meghalaya,East Khasi Hills,Cherrapunji,25.27,91.73,1304.0,2.0,19.8,94.7,184.2,21.8,13.9,10.1
2026-05-06,Meghalaya,East Khasi Hills,Cherrapunji,25.27,91.73,1304.0,7.2,22.0,63.9,170.9,21.0,14.9,9.3
2026-05-07,Meghalaya,East Khasi Hills,Cherrapunji,25.27,91.73,1304.0,1.1,10.3,61.2,169.6,21.0,15.2,9.3
2026-05-08,Meghalaya,East Khasi Hills,Cherrapunji,25.27,91.73,1304.0,1.6,9.9,59.2,169.6,22.3,13.8,9.9
2026-05-09,Meghalaya,East Khasi Hills,Cherrapunji,25.27,91.73,1304.0,2.5,5.2,32.2,171.8,23.3,14.9,10.0
2026-05-10,Meghalaya,East Khasi Hills,Cherrapunji,25.27,91.73,1304.0,3.7,7.8,30.9,169.8,23.8,15.8,8.4
2026-05-11,Meghalaya,East Khasi Hills,Cherrapunji,25.27,91.73,1304.0,7.9,14.1,26.0,137.0,20.9,14.4,8.6
2026-05-12,Meghalaya,East Khasi Hills,Cherrapunji,25.27,91.73,1304.0,3.5,15.1,27.5,122.2,19.9,12.6,8.0
2026-05-13,Meghalaya,East Khasi Hills,Cherrapunji,25.27,91.73,1304.0,12.7,24.1,33.0,96.9,18.7,15.2,4.6
2026-05-14,Meghalaya,East Khasi Hills,Cherrapunji,25.27,91.73,1304.0,7.3,23.5,39.2,100.4,22.4,15.6,10.1
2026-05-15,Meghalaya,East Khasi Hills,Cherrapunji,25.27,91.73,1304.0,6.0,26.0,43.6,102.8,21.6,17.0,10.1
2026-05-16,Meghalaya,East Khasi Hills,Cherrapunji,25.27,91.73,1304.0,21.8,35.1,62.9,95.1,21.6,17.3,10.3
2026-05-17,Meghalaya,East Khasi Hills,Cherrapunji,25.27,91.73,1304.0,19.6,47.4,78.8,109.7,21.5,17.6,10.6
2026-05-18,Meghalaya,East Khasi Hills,Cherrapunji,25.27,91.73,1304.0,9.5,50.9,80.4,106.4,20.1,17.3,8.0
2026-05-19,Meghalaya,East Khasi Hills,Cherrapunji,25.27,91.73,1304.0,7.0,36.1,83.9,111.4,23.4,17.9,8.7
2026-05-20,Meghalaya,East Khasi Hills,Cherrapunji,25.27,91.73,1304.0,2.9,19.4,74.1,107.1,23.6,17.2,8.8
2026-05-21,Meghalaya,East Khasi Hills,Cherrapunji,25.27,91.73,1304.0,2.7,12.6,69.5,108.7,24.0,17.5,6.6
2026-05-22,Meghalaya,East Khasi Hills,Cherrapunji,25.27,91.73,1304.0,4.7,10.3,68.2,111.8,23.3,17.9,7.9
2026-05-23,Meghalaya,East Khasi Hills,Cherrapunji,25.27,91.73,1304.0,25.8,33.2,72.2,135.1,22.2,18.0,12.6
2026-05-24,Meghalaya,East Khasi Hills,Cherrapunji,25.27,91.73,1304.0,21.6,52.1,74.2,153.0,23.9,18.5,13.3
2026-05-25,Meghalaya,East Khasi Hills,Cherrapunji,25.27,91.73,1304.0,24.7,72.1,89.4,169.8,22.1,17.7,10.2
2026-05-26,Meghalaya,East Khasi Hills,Cherrapunji,25.27,91.73,1304.0,16.7,63.0,99.1,183.0,21.2,16.6,11.4
2026-05-27,Meghalaya,East Khasi Hills,Cherrapunji,25.27,91.73,1304.0,26.7,68.1,122.9,197.0,20.5,16.4,6.6
2026-05-28,Meghalaya,East Khasi Hills,Cherrapunji,25.27,91.73,1304.0,1.3,44.7,121.5,191.0,22.6,15.5,7.2
2026-05-29,Meghalaya,East Khasi Hills,Cherrapunji,25.27,91.73,1304.0,2.9,30.9,119.7,187.9,24.3,15.9,7.4
2026-05-30,Meghalaya,East Khasi Hills,Cherrapunji,25.27,91.73,1304.0,4.1,8.3,98.0,170.2,24.8,17.4,9.5
2026-05-31,Meghalaya,East Khasi Hills,Cherrapunji,25.27,91.73,1304.0,26.5,33.5,102.9,177.1,24.8,17.5,9.3
2026-06-01,Meghalaya,East Khasi Hills,Cherrapunji,25.27,91.73,1304.0,19.0,49.6,97.2,186.6,23.5,17.8,7.7
2026-06-02,Meghalaya,East Khasi Hills,Cherrapunji,25.27,91.73,1304.0,7.3,52.8,87.8,186.9,23.2,18.4,8.7
2026-06-03,Meghalaya,East Khasi Hills,Cherrapunji,25.27,91.73,1304.0,5.7,32.0,66.8,189.7,23.3,18.4,10.2
2026-06-04,Meghalaya,East Khasi Hills,Cherrapunji,25.27,91.73,1304.0,4.2,17.2,69.7,191.2,23.2,18.7,11.2
2026-06-05,Meghalaya,East Khasi Hills,Cherrapunji,25.27,91.73,1304.0,5.1,15.0,71.9,191.6,23.0,18.5,8.7
2026-06-06,Meghalaya,East Khasi Hills,Cherrapunji,25.27,91.73,1304.0,1.1,10.4,68.9,166.9,24.8,16.8,9.8
2026-06-07,Meghalaya,East Khasi Hills,Cherrapunji,25.27,91.73,1304.0,5.6,11.8,48.0,150.9,24.1,18.6,9.8
2026-06-08,Meghalaya,East Khasi Hills,Cherrapunji,25.27,91.73,1304.0,9.2,15.9,38.2,135.4,23.0,18.5,8.7
2026-06-09,Meghalaya,East Khasi Hills,Cherrapunji,25.27,91.73,1304.0,11.6,26.4,42.5,130.3,20.7,18.1,8.8
2026-06-10,Meghalaya,East Khasi Hills,Cherrapunji,25.27,91.73,1304.0,7.6,28.4,44.4,111.2,21.7,18.3,8.6
2026-06-11,Meghalaya,East Khasi Hills,Cherrapunji,25.27,91.73,1304.0,4.1,23.3,44.3,114.0,23.3,18.6,9.3
2026-06-12,Meghalaya,East Khasi Hills,Cherrapunji,25.27,91.73,1304.0,13.4,25.1,52.6,124.5,23.5,18.5,8.1
2026-06-13,Meghalaya,East Khasi Hills,Cherrapunji,25.27,91.73,1304.0,15.3,32.8,66.8,135.7,22.2,18.5,9.6
2026-06-14,Meghalaya,East Khasi Hills,Cherrapunji,25.27,91.73,1304.0,7.7,36.4,68.9,116.9,22.0,18.7,8.8
2026-06-15,Meghalaya,East Khasi Hills,Cherrapunji,25.27,91.73,1304.0,3.4,26.4,63.1,101.3,23.2,18.8,8.3
2026-06-16,Meghalaya,East Khasi Hills,Cherrapunji,25.27,91.73,1304.0,3.0,14.1,54.5,97.0,23.3,18.7,9.4
2026-06-17,Meghalaya,East Khasi Hills,Cherrapunji,25.27,91.73,1304.0,19.2,25.6,66.1,110.5,22.0,18.4,10.2
2026-06-18,Meghalaya,East Khasi Hills,Cherrapunji,25.27,91.73,1304.0,3.0,25.2,65.0,109.3,23.0,16.7,9.1
2026-06-19,Meghalaya,East Khasi Hills,Cherrapunji,25.27,91.73,1304.0,4.8,27.0,56.4,109.0,21.8,18.4,8.6
2026-06-20,Meghalaya,East Khasi Hills,Cherrapunji,25.27,91.73,1304.0,6.9,14.7,48.0,114.8,22.2,18.1,9.4
2026-06-21,Meghalaya,East Khasi Hills,Cherrapunji,25.27,91.73,1304.0,25.7,37.4,66.0,134.9,21.3,18.9,9.1
2026-06-22,Meghalaya,East Khasi Hills,Cherrapunji,25.27,91.73,1304.0,13.2,45.8,75.8,138.9,21.5,18.8,9.4
2026-06-23,Meghalaya,East Khasi Hills,Cherrapunji,25.27,91.73,1304.0,8.0,46.9,80.8,135.3,22.7,18.9,10.7
2026-06-24,Meghalaya,East Khasi Hills,Cherrapunji,25.27,91.73,1304.0,7.3,28.5,68.9,135.0,23.4,19.1,8.0
2026-06-25,Meghalaya,East Khasi Hills,Cherrapunji,25.27,91.73,1304.0,3.4,18.7,69.3,134.3,24.5,18.6,9.6
2026-06-26,Meghalaya,East Khasi Hills,Cherrapunji,25.27,91.73,1304.0,5.6,16.3,70.1,126.5,23.0,19.3,8.3
2026-06-27,Meghalaya,East Khasi Hills,Cherrapunji,25.27,91.73,1304.0,10.9,19.9,74.1,122.1,23.3,19.5,9.9
2026-06-28,Meghalaya,East Khasi Hills,Cherrapunji,25.27,91.73,1304.0,27.9,44.4,76.3,142.3,23.5,19.0,11.4
2026-06-29,Meghalaya,East Khasi Hills,Cherrapunji,25.27,91.73,1304.0,28.3,67.1,91.4,167.2,21.4,19.0,7.7
2026-06-30,Meghalaya,East Khasi Hills,Cherrapunji,25.27,91.73,1304.0,3.7,59.9,87.1,167.9,23.8,19.0,6.7
2026-07-01,Meghalaya,East Khasi Hills,Cherrapunji,25.27,91.73,1304.0,6.6,38.6,86.4,155.3,22.7,19.1,6.2
2026-07-02,Meghalaya,East Khasi Hills,Cherrapunji,25.27,91.73,1304.0,3.1,13.4,86.1,155.4,24.3,19.3,7.7
2026-07-03,Meghalaya,East Khasi Hills,Cherrapunji,25.27,91.73,1304.0,4.4,14.1,84.9,155.0,25.9,19.1,7.8
2026-07-04,Meghalaya,East Khasi Hills,Cherrapunji,25.27,91.73,1304.0,7.1,14.6,81.1,155.2,26.7,19.2,9.7
2026-07-05,Meghalaya,East Khasi Hills,Cherrapunji,25.27,91.73,1304.0,26.6,38.1,79.8,156.1,25.3,19.5,12.0
2026-07-06,Meghalaya,East Khasi Hills,Cherrapunji,25.27,91.73,1304.0,53.6,87.3,105.1,196.5,24.0,19.2,11.7
2026-07-07,Meghalaya,East Khasi Hills,Cherrapunji,25.27,91.73,1304.0,28.2,108.4,129.6,216.7,22.8,19.1,10.6
2026-07-08,Meghalaya,East Khasi Hills,Cherrapunji,25.27,91.73,1304.0,75.9,157.7,198.9,285.3,21.3,19.1,10.2
2026-07-09,Meghalaya,East Khasi Hills,Cherrapunji,25.27,91.73,1304.0,94.0,198.1,289.8,375.9,20.3,19.1,10.1
2026-07-10,Meghalaya,East Khasi Hills,Cherrapunji,25.27,91.73,1304.0,51.8,221.7,337.2,422.1,20.5,19.4,8.0
2026-07-11,Meghalaya,East Khasi Hills,Cherrapunji,25.27,91.73,1304.0,66.2,212.0,396.3,477.4,21.1,20.0,9.5
2026-07-12,Meghalaya,East Khasi Hills,Cherrapunji,25.27,91.73,1304.0,65.2,183.2,434.9,514.7,21.3,19.9,8.0
2026-07-13,Meghalaya,East Khasi Hills,Cherrapunji,25.27,91.73,1304.0,51.2,182.6,432.5,537.6,24.1,19.6,8.1
2026-07-14,Meghalaya,East Khasi Hills,Cherrapunji,25.27,91.73,1304.0,5.1,121.5,409.4,539.0,25.3,18.8,9.2
2026-07-15,Meghalaya,East Khasi Hills,Cherrapunji,25.27,91.73,1304.0,7.8,64.1,341.3,540.2,24.7,19.8,7.7
2026-07-16,Meghalaya,East Khasi Hills,Cherrapunji,25.27,91.73,1304.0,14.2,27.1,261.5,551.3,24.1,19.0,9.4
2026-07-17,Meghalaya,East Khasi Hills,Cherrapunji,25.27,91.73,1304.0,89.9,111.9,299.6,636.8,20.1,18.6,13.0
2026-07-18,Meghalaya,East Khasi Hills,Cherrapunji,25.27,91.73,1304.0,61.2,165.3,294.6,690.9,22.2,18.9,13.1
2026-07-19,Meghalaya,East Khasi Hills,Cherrapunji,25.27,91.73,1304.0,126.4,277.5,355.8,790.7,20.2,19.1,11.5
2026-07-20,Meghalaya,East Khasi Hills,Cherrapunji,25.27,91.73,1304.0,77.2,264.8,381.8,814.3,19.8,17.8,6.7
2026-07-21,Meghalaya,East Khasi Hills,Cherrapunji,25.27,91.73,1304.0,6.5,210.1,383.2,792.6,24.0,18.7,6.8
2026-07-22,Meghalaya,East Khasi Hills,Cherrapunji,25.27,91.73,1304.0,28.6,112.3,404.0,745.3,22.9,18.8,9.0
2026-07-23,Meghalaya,East Khasi Hills,Cherrapunji,25.27,91.73,1304.0,21.8,56.9,411.6,673.1,21.8,18.4,6.8
2026-07-24,Meghalaya,East Khasi Hills,Cherrapunji,25.27,91.73,1304.0,12.8,63.2,334.5,634.1,23.5,18.7,6.9
2026-07-25,Meghalaya,East Khasi Hills,Cherrapunji,25.27,91.73,1304.0,3.3,37.9,276.6,571.2,25.3,18.6,8.1
2026-07-26,Meghalaya,East Khasi Hills,Cherrapunji,25.27,91.73,1304.0,6.5,22.6,156.7,512.5,24.6,18.9,9.1
2026-07-27,Meghalaya,East Khasi Hills,Cherrapunji,25.27,91.73,1304.0,4.2,14.0,83.7,465.5,25.4,19.2,9.6
2026-07-28,Meghalaya,East Khasi Hills,Cherrapunji,25.27,91.73,1304.0,6.3,17.0,83.5,466.7,25.0,19.0,9.4
2026-07-29,Meghalaya,East Khasi Hills,Cherrapunji,25.27,91.73,1304.0,24.1,34.6,79.0,483.0,24.6,19.1,9.2
2026-07-30,Meghalaya,East Khasi Hills,Cherrapunji,25.27,91.73,1304.0,23.5,53.9,80.7,492.3,22.9,18.8,7.2
2026-07-31,Meghalaya,East Khasi Hills,Cherrapunji,25.27,91.73,1304.0,8.6,56.2,76.5,411.0,23.9,18.9,8.0
2026-08-01,Meghalaya,East Khasi Hills,Cherrapunji,25.27,91.73,1304.0,10.3,42.4,83.5,360.1,22.9,19.2,9.5
2026-08-02,Meghalaya,East Khasi Hills,Cherrapunji,25.27,91.73,1304.0,10.9,29.8,87.9,244.6,23.0,19.4,8.9
2026-08-03,Meghalaya,East Khasi Hills,Cherrapunji,25.27,91.73,1304.0,13.3,34.5,97.0,180.7,23.2,19.5,8.1
2026-08-04,Meghalaya,East Khasi Hills,Cherrapunji,25.27,91.73,1304.0,13.5,37.7,104.2,187.7,21.1,19.6,6.0
2026-08-05,Meghalaya,East Khasi Hills,Cherrapunji,25.27,91.73,1304.0,57.2,84.0,137.3,216.3,21.1,19.4,5.6
2026-08-06,Meghalaya,East Khasi Hills,Cherrapunji,25.27,91.73,1304.0,8.0,78.7,121.8,202.5,24.3,19.1,10.0
2026-08-07,Meghalaya,East Khasi Hills,Cherrapunji,25.27,91.73,1304.0,3.5,68.7,116.7,193.2,24.5,18.8,8.6
2026-08-08,Meghalaya,East Khasi Hills,Cherrapunji,25.27,91.73,1304.0,5.3,16.8,111.7,195.2,23.4,19.0,8.4
2026-08-09,Meghalaya,East Khasi Hills,Cherrapunji,25.27,91.73,1304.0,9.3,18.1,110.1,198.0,23.3,18.5,8.6
2026-08-10,Meghalaya,East Khasi Hills,Cherrapunji,25.27,91.73,1304.0,14.1,28.7,110.9,207.9,25.1,18.0,8.2
2026-08-11,Meghalaya,East Khasi Hills,Cherrapunji,25.27,91.73,1304.0,5.1,28.5,102.5,206.7,26.0,19.3,9.3
2026-08-12,Meghalaya,East Khasi Hills,Cherrapunji,25.27,91.73,1304.0,2.0,21.2,47.3,184.6,25.9,19.3,9.0
2026-08-13,Meghalaya,East Khasi Hills,Cherrapunji,25.27,91.73,1304.0,7.6,14.7,46.9,168.7,23.4,19.4,8.8
2026-08-14,Meghalaya,East Khasi Hills,Cherrapunji,25.27,91.73,1304.0,1.4,11.0,44.8,161.5,25.9,18.9,7.5
2026-08-15,Meghalaya,East Khasi Hills,Cherrapunji,25.27,91.73,1304.0,4.9,13.9,44.4,156.1,24.8,19.5,8.4
2026-08-16,Meghalaya,East Khasi Hills,Cherrapunji,25.27,91.73,1304.0,15.3,21.6,50.4,160.5,24.7,18.9,12.6
2026-08-17,Meghalaya,East Khasi Hills,Cherrapunji,25.27,91.73,1304.0,101.7,121.9,138.0,248.9,22.3,18.7,11.8
2026-08-18,Meghalaya,East Khasi Hills,Cherrapunji,25.27,91.73,1304.0,37.7,154.7,170.6,273.1,23.0,18.7,10.6
2026-08-19,Meghalaya,East Khasi Hills,Cherrapunji,25.27,91.73,1304.0,7.5,146.9,176.1,223.4,23.7,19.1,6.9
2026-08-20,Meghalaya,East Khasi Hills,Cherrapunji,25.27,91.73,1304.0,4.5,49.7,173.0,219.9,24.1,18.9,7.2
2026-08-21,Meghalaya,East Khasi Hills,Cherrapunji,25.27,91.73,1304.0,6.1,18.1,177.7,222.5,25.2,19.3,6.7
2026-08-22,Meghalaya,East Khasi Hills,Cherrapunji,25.27,91.73,1304.0,7.5,18.1,180.3,224.7,25.4,19.3,7.3
2026-08-23,Meghalaya,East Khasi Hills,Cherrapunji,25.27,91.73,1304.0,13.7,27.3,178.7,229.1,25.0,19.5,9.5
2026-08-24,Meghalaya,East Khasi Hills,Cherrapunji,25.27,91.73,1304.0,32.8,54.0,109.8,247.8,23.8,18.9,9.9
2026-08-25,Meghalaya,East Khasi Hills,Cherrapunji,25.27,91.73,1304.0,29.2,75.7,101.3,271.9,22.1,19.4,9.4
2026-08-26,Meghalaya,East Khasi Hills,Cherrapunji,25.27,91.73,1304.0,10.4,72.4,104.2,280.3,23.4,19.2,7.3
2026-08-27,Meghalaya,East Khasi Hills,Cherrapunji,25.27,91.73,1304.0,9.0,48.6,108.7,281.7,23.5,19.3,7.6
2026-08-28,Meghalaya,East Khasi Hills,Cherrapunji,25.27,91.73,1304.0,5.4,24.8,108.0,285.7,24.7,19.5,7.6
2026-08-29,Meghalaya,East Khasi Hills,Cherrapunji,25.27,91.73,1304.0,3.4,17.8,103.9,284.2,25.6,19.6,8.7
2026-08-30,Meghalaya,East Khasi Hills,Cherrapunji,25.27,91.73,1304.0,8.4,17.2,98.6,277.3,25.6,19.5,10.4
2026-08-31,Meghalaya,East Khasi Hills,Cherrapunji,25.27,91.73,1304.0,4.8,16.6,70.6,180.4,22.8,19.3,5.6
2026-09-01,Meghalaya,East Khasi Hills,Cherrapunji,25.27,91.73,1304.0,23.9,37.1,65.3,166.6,20.6,18.5,5.7
2026-09-02,Meghalaya,East Khasi Hills,Cherrapunji,25.27,91.73,1304.0,1.1,29.8,56.0,160.2,23.9,18.3,8.2
2026-09-03,Meghalaya,East Khasi Hills,Cherrapunji,25.27,91.73,1304.0,33.3,58.3,80.3,189.0,22.8,18.6,8.4
2026-09-04,Meghalaya,East Khasi Hills,Cherrapunji,25.27,91.73,1304.0,14.6,49.0,89.5,197.5,22.5,18.6,5.4
2026-09-05,Meghalaya,East Khasi Hills,Cherrapunji,25.27,91.73,1304.0,4.6,52.5,90.7,194.6,23.3,18.8,7.2
2026-09-06,Meghalaya,East Khasi Hills,Cherrapunji,25.27,91.73,1304.0,3.6,22.8,85.9,184.5,22.7,18.6,7.3
2026-09-07,Meghalaya,East Khasi Hills,Cherrapunji,25.27,91.73,1304.0,3.2,11.4,84.3,154.9,22.9,18.7,7.9
2026-09-08,Meghalaya,East Khasi Hills,Cherrapunji,25.27,91.73,1304.0,4.7,11.5,65.1,130.4,24.2,18.5,7.7
